Downloading https://services.gradle.org/distributions/gradle-8.9-bin.zip
............10%.............20%.............30%.............40%.............50%.............60%.............70%.............80%.............90%.............100%
Initialized native services in: /home/runner/.gradle/native
Initialized jansi services in: /home/runner/.gradle/native
Received JVM installation metadata from '/usr/lib/jvm/temurin-17-jdk-amd64': {JAVA_HOME=/usr/lib/jvm/temurin-17-jdk-amd64, JAVA_VERSION=17.0.20, JAVA_VENDOR=Eclipse Adoptium, RUNTIME_NAME=OpenJDK Runtime Environment, RUNTIME_VERSION=17.0.20+8, VM_NAME=OpenJDK 64-Bit Server VM, VM_VERSION=17.0.20+8, VM_VENDOR=Eclipse Adoptium, OS_ARCH=amd64}
To honour the JVM settings for this build a single-use Daemon process will be forked. For more on this, please refer to https://docs.gradle.org/8.9/userguide/gradle_daemon.html#sec:disabling_the_daemon in the Gradle documentation.
Starting process 'Gradle build daemon'. Working directory: /home/runner/.gradle/daemon/8.9 Command: /usr/lib/jvm/temurin-17-jdk-amd64/bin/java --add-opens=java.base/java.util=ALL-UNNAMED --add-opens=java.base/java.lang=ALL-UNNAMED --add-opens=java.base/java.lang.invoke=ALL-UNNAMED --add-opens=java.prefs/java.util.prefs=ALL-UNNAMED --add-exports=jdk.compiler/com.sun.tools.javac.api=ALL-UNNAMED --add-exports=jdk.compiler/com.sun.tools.javac.util=ALL-UNNAMED --add-opens=java.base/java.nio.charset=ALL-UNNAMED --add-opens=java.base/java.net=ALL-UNNAMED --add-opens=java.base/java.util.concurrent.atomic=ALL-UNNAMED -Xmx2048m -Dfile.encoding=UTF-8 -Duser.country -Duser.language=en -Duser.variant -cp /home/runner/.gradle/wrapper/dists/gradle-8.9-bin/90cnw93cvbtalezasaz0blq0a/gradle-8.9/lib/gradle-daemon-main-8.9.jar -javaagent:/home/runner/.gradle/wrapper/dists/gradle-8.9-bin/90cnw93cvbtalezasaz0blq0a/gradle-8.9/lib/agents/gradle-instrumentation-agent-8.9.jar org.gradle.launcher.daemon.bootstrap.GradleDaemon 8.9
Successfully started process 'Gradle build daemon'
An attempt to start the daemon took 0.921 secs.
The client will now receive all logging from the daemon (pid: 2538). The daemon log file: /home/runner/.gradle/daemon/8.9/daemon-2538.out.log
Daemon will be stopped at the end of the build 
Using 4 worker leases.
Received JVM installation metadata from '/usr/lib/jvm/temurin-17-jdk-amd64': {JAVA_HOME=/usr/lib/jvm/temurin-17-jdk-amd64, JAVA_VERSION=17.0.20, JAVA_VENDOR=Eclipse Adoptium, RUNTIME_NAME=OpenJDK Runtime Environment, RUNTIME_VERSION=17.0.20+8, VM_NAME=OpenJDK 64-Bit Server VM, VM_VERSION=17.0.20+8, VM_VENDOR=Eclipse Adoptium, OS_ARCH=amd64}
Watching the file system is configured to be enabled if available
Now considering [/home/runner/work/SiteManager/SiteManager] as hierarchies to watch
File system watching is active
Starting Build
Settings evaluated using settings file '/home/runner/work/SiteManager/SiteManager/settings.gradle.kts'.
Using local directory build cache for the root build (location = /home/runner/.gradle/caches/build-cache-1, removeUnusedEntriesAfter = 7 days).
Projects loaded. Root project using build file '/home/runner/work/SiteManager/SiteManager/build.gradle.kts'.
Included projects: [root project 'SiteManager', project ':app']

> Configure project :
Evaluating root project 'SiteManager' using build file '/home/runner/work/SiteManager/SiteManager/build.gradle.kts'.
Transforming hilt-android-gradle-plugin-2.52.jar (com.google.dagger:hilt-android-gradle-plugin:2.52) with InstrumentationAnalysisTransform
Transforming gradle-8.7.3.jar (com.android.tools.build:gradle:8.7.3) with InstrumentationAnalysisTransform
Transforming gradle-settings-api-8.7.3.jar (com.android.tools.build:gradle-settings-api:8.7.3) with InstrumentationAnalysisTransform
Transforming lint-model-31.7.3.jar (com.android.tools.lint:lint-model:31.7.3) with InstrumentationAnalysisTransform
Transforming builder-8.7.3.jar (com.android.tools.build:builder:8.7.3) with InstrumentationAnalysisTransform
Transforming manifest-merger-31.7.3.jar (com.android.tools.build:manifest-merger:31.7.3) with InstrumentationAnalysisTransform
Transforming sdk-common-31.7.3.jar (com.android.tools:sdk-common:31.7.3) with InstrumentationAnalysisTransform
Transforming sdklib-31.7.3.jar (com.android.tools:sdklib:31.7.3) with InstrumentationAnalysisTransform
Transforming repository-31.7.3.jar (com.android.tools:repository:31.7.3) with InstrumentationAnalysisTransform
Transforming aaptcompiler-8.7.3.jar (com.android.tools.build:aaptcompiler:8.7.3) with InstrumentationAnalysisTransform
Transforming tracker-31.7.3.jar (com.android.tools.analytics-library:tracker:31.7.3) with InstrumentationAnalysisTransform
Transforming shared-31.7.3.jar (com.android.tools.analytics-library:shared:31.7.3) with InstrumentationAnalysisTransform
Transforming databinding-compiler-common-8.7.3.jar (androidx.databinding:databinding-compiler-common:8.7.3) with InstrumentationAnalysisTransform
Transforming android-test-plugin-host-emulator-control-proto-31.7.3.jar (com.android.tools.utp:android-test-plugin-host-emulator-control-proto:31.7.3) with InstrumentationAnalysisTransform
Transforming android-test-plugin-host-retention-proto-31.7.3.jar (com.android.tools.utp:android-test-plugin-host-retention-proto:31.7.3) with InstrumentationAnalysisTransform
Transforming builder-model-8.7.3.jar (com.android.tools.build:builder-model:8.7.3) with InstrumentationAnalysisTransform
Transforming gradle-api-8.7.3.jar (com.android.tools.build:gradle-api:8.7.3) with InstrumentationAnalysisTransform
Transforming builder-test-api-8.7.3.jar (com.android.tools.build:builder-test-api:8.7.3) with InstrumentationAnalysisTransform
Transforming ddmlib-31.7.3.jar (com.android.tools.ddms:ddmlib:31.7.3) with InstrumentationAnalysisTransform
Transforming layoutlib-api-31.7.3.jar (com.android.tools.layoutlib:layoutlib-api:31.7.3) with InstrumentationAnalysisTransform
Transforming dvlib-31.7.3.jar (com.android.tools:dvlib:31.7.3) with InstrumentationAnalysisTransform
Transforming common-31.7.3.jar (com.android.tools:common:31.7.3) with InstrumentationAnalysisTransform
Transforming kotlin-stdlib-jdk8-1.9.20.jar (org.jetbrains.kotlin:kotlin-stdlib-jdk8:1.9.20) with InstrumentationAnalysisTransform
Transforming jetifier-processor-1.0.0-beta10.jar (com.android.tools.build.jetifier:jetifier-processor:1.0.0-beta10) with InstrumentationAnalysisTransform
Transforming jetifier-core-1.0.0-beta10.jar (com.android.tools.build.jetifier:jetifier-core:1.0.0-beta10) with InstrumentationAnalysisTransform
Transforming symbol-processing-gradle-plugin-2.0.21-1.0.28.jar (com.google.devtools.ksp:symbol-processing-gradle-plugin:2.0.21-1.0.28) with InstrumentationAnalysisTransform
Transforming symbol-processing-api-2.0.21-1.0.28.jar (com.google.devtools.ksp:symbol-processing-api:2.0.21-1.0.28) with InstrumentationAnalysisTransform
Transforming symbol-processing-common-deps-2.0.21-1.0.28.jar (com.google.devtools.ksp:symbol-processing-common-deps:2.0.21-1.0.28) with InstrumentationAnalysisTransform
Transforming kotlin-reflect-1.9.23.jar (org.jetbrains.kotlin:kotlin-reflect:1.9.23) with InstrumentationAnalysisTransform
Transforming kotlin-stdlib-jdk7-1.9.20.jar (org.jetbrains.kotlin:kotlin-stdlib-jdk7:1.9.20) with InstrumentationAnalysisTransform
Transforming kotlin-stdlib-1.9.23.jar (org.jetbrains.kotlin:kotlin-stdlib:1.9.23) with InstrumentationAnalysisTransform
Transforming annotations-13.0.jar (org.jetbrains:annotations:13.0) with InstrumentationAnalysisTransform
Transforming kotlin-gradle-plugin-model-2.0.21.jar (org.jetbrains.kotlin:kotlin-gradle-plugin-model:2.0.21) with InstrumentationAnalysisTransform
Transforming kotlin-gradle-plugin-api-2.0.21.jar (org.jetbrains.kotlin:kotlin-gradle-plugin-api:2.0.21) with InstrumentationAnalysisTransform
Transforming kotlin-gradle-plugin-api-2.0.21-gradle85.jar (org.jetbrains.kotlin:kotlin-gradle-plugin-api:2.0.21) with InstrumentationAnalysisTransform
Transforming compose-compiler-gradle-plugin-2.0.21-gradle85.jar (org.jetbrains.kotlin:compose-compiler-gradle-plugin:2.0.21) with InstrumentationAnalysisTransform
Transforming kotlin-gradle-plugin-2.0.21-gradle85.jar (org.jetbrains.kotlin:kotlin-gradle-plugin:2.0.21) with InstrumentationAnalysisTransform
Transforming bundletool-1.17.1.jar (com.android.tools.build:bundletool:1.17.1) with InstrumentationAnalysisTransform
Transforming aapt2-proto-8.7.3-12006047.jar (com.android.tools.build:aapt2-proto:8.7.3-12006047) with InstrumentationAnalysisTransform
Transforming crash-31.7.3.jar (com.android.tools.analytics-library:crash:31.7.3) with InstrumentationAnalysisTransform
Transforming lint-typedef-remover-31.7.3.jar (com.android.tools.lint:lint-typedef-remover:31.7.3) with InstrumentationAnalysisTransform
Transforming databinding-common-8.7.3.jar (androidx.databinding:databinding-common:8.7.3) with InstrumentationAnalysisTransform
Transforming baseLibrary-8.7.3.jar (com.android.databinding:baseLibrary:8.7.3) with InstrumentationAnalysisTransform
Transforming android-device-provider-ddmlib-proto-31.7.3.jar (com.android.tools.utp:android-device-provider-ddmlib-proto:31.7.3) with InstrumentationAnalysisTransform
Transforming android-device-provider-gradle-proto-31.7.3.jar (com.android.tools.utp:android-device-provider-gradle-proto:31.7.3) with InstrumentationAnalysisTransform
Transforming android-device-provider-profile-proto-31.7.3.jar (com.android.tools.utp:android-device-provider-profile-proto:31.7.3) with InstrumentationAnalysisTransform
Transforming android-test-plugin-host-additional-test-output-proto-31.7.3.jar (com.android.tools.utp:android-test-plugin-host-additional-test-output-proto:31.7.3) with InstrumentationAnalysisTransform
Transforming android-test-plugin-host-coverage-proto-31.7.3.jar (com.android.tools.utp:android-test-plugin-host-coverage-proto:31.7.3) with InstrumentationAnalysisTransform
Transforming android-test-plugin-host-logcat-proto-31.7.3.jar (com.android.tools.utp:android-test-plugin-host-logcat-proto:31.7.3) with InstrumentationAnalysisTransform
Transforming android-test-plugin-host-apk-installer-proto-31.7.3.jar (com.android.tools.utp:android-test-plugin-host-apk-installer-proto:31.7.3) with InstrumentationAnalysisTransform
Transforming android-test-plugin-result-listener-gradle-proto-31.7.3.jar (com.android.tools.utp:android-test-plugin-result-listener-gradle-proto:31.7.3) with InstrumentationAnalysisTransform
Transforming transform-api-2.0.0-deprecated-use-gradle-api.jar (com.android.tools.build:transform-api:2.0.0-deprecated-use-gradle-api) with InstrumentationAnalysisTransform
Transforming httpmime-4.5.6.jar (org.apache.httpcomponents:httpmime:4.5.6) with InstrumentationAnalysisTransform
Transforming commons-io-2.13.0.jar (commons-io:commons-io:2.13.0) with InstrumentationAnalysisTransform
Transforming asm-commons-9.6.jar (org.ow2.asm:asm-commons:9.6) with InstrumentationAnalysisTransform
Transforming asm-util-9.6.jar (org.ow2.asm:asm-util:9.6) with InstrumentationAnalysisTransform
Transforming asm-analysis-9.6.jar (org.ow2.asm:asm-analysis:9.6) with InstrumentationAnalysisTransform
Transforming asm-tree-9.6.jar (org.ow2.asm:asm-tree:9.6) with InstrumentationAnalysisTransform
Transforming asm-9.6.jar (org.ow2.asm:asm:9.6) with InstrumentationAnalysisTransform
Transforming apkzlib-8.7.3.jar (com.android.tools.build:apkzlib:8.7.3) with InstrumentationAnalysisTransform
Transforming bcpkix-jdk18on-1.77.jar (org.bouncycastle:bcpkix-jdk18on:1.77) with InstrumentationAnalysisTransform
Transforming jaxb-runtime-2.3.2.jar (org.glassfish.jaxb:jaxb-runtime:2.3.2) with InstrumentationAnalysisTransform
Transforming jopt-simple-4.9.jar (net.sf.jopt-simple:jopt-simple:4.9) with InstrumentationAnalysisTransform
Transforming javapoet-1.13.0.jar (com.squareup:javapoet:1.13.0) with InstrumentationAnalysisTransform
Transforming protobuf-java-util-3.22.3.jar (com.google.protobuf:protobuf-java-util:3.22.3) with InstrumentationAnalysisTransform
Transforming grpc-protobuf-1.57.0.jar (io.grpc:grpc-protobuf:1.57.0) with InstrumentationAnalysisTransform
Transforming tink-1.7.0.jar (com.google.crypto.tink:tink:1.7.0) with InstrumentationAnalysisTransform
Transforming protos-31.7.3.jar (com.android.tools.analytics-library:protos:31.7.3) with InstrumentationAnalysisTransform
Transforming proto-google-common-protos-2.17.0.jar (com.google.api.grpc:proto-google-common-protos:2.17.0) with InstrumentationAnalysisTransform
Transforming protobuf-java-3.22.3.jar (com.google.protobuf:protobuf-java:3.22.3) with InstrumentationAnalysisTransform
Transforming grpc-netty-1.57.0.jar (io.grpc:grpc-netty:1.57.0) with InstrumentationAnalysisTransform
Transforming grpc-core-1.57.0.jar (io.grpc:grpc-core:1.57.0) with InstrumentationAnalysisTransform
Transforming kotlin-build-statistics-2.0.21.jar (org.jetbrains.kotlin:kotlin-build-statistics:2.0.21) with InstrumentationAnalysisTransform
Transforming gson-2.10.1.jar (com.google.code.gson:gson:2.10.1) with InstrumentationAnalysisTransform
Transforming grpc-stub-1.57.0.jar (io.grpc:grpc-stub:1.57.0) with InstrumentationAnalysisTransform
Transforming core-proto-0.0.9-alpha02.jar (com.google.testing.platform:core-proto:0.0.9-alpha02) with InstrumentationAnalysisTransform
Transforming tensorflow-lite-metadata-0.1.0-rc2.jar (org.tensorflow:tensorflow-lite-metadata:0.1.0-rc2) with InstrumentationAnalysisTransform
Transforming flatbuffers-java-1.12.0.jar (com.google.flatbuffers:flatbuffers-java:1.12.0) with InstrumentationAnalysisTransform
Transforming kotlin-gradle-plugin-idea-proto-2.0.21.jar (org.jetbrains.kotlin:kotlin-gradle-plugin-idea-proto:2.0.21) with InstrumentationAnalysisTransform
Transforming kotlin-gradle-plugin-idea-2.0.21.jar (org.jetbrains.kotlin:kotlin-gradle-plugin-idea:2.0.21) with InstrumentationAnalysisTransform
Transforming kotlin-klib-commonizer-api-2.0.21.jar (org.jetbrains.kotlin:kotlin-klib-commonizer-api:2.0.21) with InstrumentationAnalysisTransform
Transforming kotlin-build-tools-api-2.0.21.jar (org.jetbrains.kotlin:kotlin-build-tools-api:2.0.21) with InstrumentationAnalysisTransform
Transforming kotlin-compiler-runner-2.0.21.jar (org.jetbrains.kotlin:kotlin-compiler-runner:2.0.21) with InstrumentationAnalysisTransform
Transforming kotlin-native-utils-2.0.21.jar (org.jetbrains.kotlin:kotlin-native-utils:2.0.21) with InstrumentationAnalysisTransform
Transforming kotlin-util-klib-2.0.21.jar (org.jetbrains.kotlin:kotlin-util-klib:2.0.21) with InstrumentationAnalysisTransform
Transforming kotlin-compiler-embeddable-2.0.21.jar (org.jetbrains.kotlin:kotlin-compiler-embeddable:2.0.21) with InstrumentationAnalysisTransform
Transforming jimfs-1.1.jar (com.google.jimfs:jimfs:1.1) with InstrumentationAnalysisTransform
Transforming grpc-context-1.57.0.jar (io.grpc:grpc-context:1.57.0) with InstrumentationAnalysisTransform
Transforming grpc-protobuf-lite-1.57.0.jar (io.grpc:grpc-protobuf-lite:1.57.0) with InstrumentationAnalysisTransform
Transforming grpc-api-1.57.0.jar (io.grpc:grpc-api:1.57.0) with InstrumentationAnalysisTransform
Transforming guava-32.0.1-jre.jar (com.google.guava:guava:32.0.1-jre) with InstrumentationAnalysisTransform
Transforming dagger-2.28.3.jar (com.google.dagger:dagger:2.28.3) with InstrumentationAnalysisTransform
Transforming javax.inject-1.jar (javax.inject:javax.inject:1) with InstrumentationAnalysisTransform
Transforming kxml2-2.3.0.jar (net.sf.kxml:kxml2:2.3.0) with InstrumentationAnalysisTransform
Transforming bcutil-jdk18on-1.77.jar (org.bouncycastle:bcutil-jdk18on:1.77) with InstrumentationAnalysisTransform
Transforming bcprov-jdk18on-1.77.jar (org.bouncycastle:bcprov-jdk18on:1.77) with InstrumentationAnalysisTransform
Transforming trove4j-1.0.20200330.jar (org.jetbrains.intellij.deps:trove4j:1.0.20200330) with InstrumentationAnalysisTransform
Transforming commons-compress-1.21.jar (org.apache.commons:commons-compress:1.21) with InstrumentationAnalysisTransform
Transforming httpclient-4.5.14.jar (org.apache.httpcomponents:httpclient:4.5.14) with InstrumentationAnalysisTransform
Transforming httpcore-4.4.16.jar (org.apache.httpcomponents:httpcore:4.4.16) with InstrumentationAnalysisTransform
Transforming javax.activation-1.2.0.jar (com.sun.activation:javax.activation:1.2.0) with InstrumentationAnalysisTransform
Transforming signflinger-8.7.3.jar (com.android:signflinger:8.7.3) with InstrumentationAnalysisTransform
Transforming zipflinger-8.7.3.jar (com.android:zipflinger:8.7.3) with InstrumentationAnalysisTransform
Transforming annotations-31.7.3.jar (com.android.tools:annotations:31.7.3) with InstrumentationAnalysisTransform
Transforming jna-platform-5.6.0.jar (net.java.dev.jna:jna-platform:5.6.0) with InstrumentationAnalysisTransform
Transforming juniversalchardet-1.0.3.jar (com.googlecode.juniversalchardet:juniversalchardet:1.0.3) with InstrumentationAnalysisTransform
Transforming javax.annotation-api-1.3.2.jar (javax.annotation:javax.annotation-api:1.3.2) with InstrumentationAnalysisTransform
Transforming stax-ex-1.8.1.jar (org.jvnet.staxex:stax-ex:1.8.1) with InstrumentationAnalysisTransform
Transforming jakarta.xml.bind-api-2.3.2.jar (jakarta.xml.bind:jakarta.xml.bind-api:2.3.2) with InstrumentationAnalysisTransform
Transforming txw2-2.3.2.jar (org.glassfish.jaxb:txw2:2.3.2) with InstrumentationAnalysisTransform
Transforming istack-commons-runtime-3.0.8.jar (com.sun.istack:istack-commons-runtime:3.0.8) with InstrumentationAnalysisTransform
Transforming FastInfoset-1.2.16.jar (com.sun.xml.fastinfoset:FastInfoset:1.2.16) with InstrumentationAnalysisTransform
Transforming jakarta.activation-api-1.2.1.jar (jakarta.activation:jakarta.activation-api:1.2.1) with InstrumentationAnalysisTransform
Transforming auto-value-annotations-1.6.2.jar (com.google.auto.value:auto-value-annotations:1.6.2) with InstrumentationAnalysisTransform
Transforming error_prone_annotations-2.18.0.jar (com.google.errorprone:error_prone_annotations:2.18.0) with InstrumentationAnalysisTransform
Transforming jose4j-0.9.5.jar (org.bitbucket.b_c:jose4j:0.9.5) with InstrumentationAnalysisTransform
Transforming slf4j-api-1.7.30.jar (org.slf4j:slf4j-api:1.7.30) with InstrumentationAnalysisTransform
Transforming jdom2-2.0.6.jar (org.jdom:jdom2:2.0.6) with InstrumentationAnalysisTransform
Transforming jsr305-3.0.2.jar (com.google.code.findbugs:jsr305:3.0.2) with InstrumentationAnalysisTransform
Transforming j2objc-annotations-2.8.jar (com.google.j2objc:j2objc-annotations:2.8) with InstrumentationAnalysisTransform
Transforming annotations-4.1.1.4.jar (com.google.android:annotations:4.1.1.4) with InstrumentationAnalysisTransform
Transforming animal-sniffer-annotations-1.23.jar (org.codehaus.mojo:animal-sniffer-annotations:1.23) with InstrumentationAnalysisTransform
Transforming perfmark-api-0.26.0.jar (io.perfmark:perfmark-api:0.26.0) with InstrumentationAnalysisTransform
Transforming netty-codec-http2-4.1.93.Final.jar (io.netty:netty-codec-http2:4.1.93.Final) with InstrumentationAnalysisTransform
Transforming netty-handler-proxy-4.1.93.Final.jar (io.netty:netty-handler-proxy:4.1.93.Final) with InstrumentationAnalysisTransform
Transforming netty-codec-http-4.1.93.Final.jar (io.netty:netty-codec-http:4.1.93.Final) with InstrumentationAnalysisTransform
Transforming netty-handler-4.1.93.Final.jar (io.netty:netty-handler:4.1.93.Final) with InstrumentationAnalysisTransform
Transforming netty-transport-native-unix-common-4.1.93.Final.jar (io.netty:netty-transport-native-unix-common:4.1.93.Final) with InstrumentationAnalysisTransform
Transforming checker-qual-3.33.0.jar (org.checkerframework:checker-qual:3.33.0) with InstrumentationAnalysisTransform
Transforming commons-codec-1.11.jar (commons-codec:commons-codec:1.11) with InstrumentationAnalysisTransform
Transforming apksig-8.7.3.jar (com.android.tools.build:apksig:8.7.3) with InstrumentationAnalysisTransform
Transforming javawriter-2.5.0.jar (com.squareup:javawriter:2.5.0) with InstrumentationAnalysisTransform
Transforming kotlin-gradle-plugin-annotations-2.0.21.jar (org.jetbrains.kotlin:kotlin-gradle-plugin-annotations:2.0.21) with InstrumentationAnalysisTransform
Transforming kotlin-tooling-core-2.0.21.jar (org.jetbrains.kotlin:kotlin-tooling-core:2.0.21) with InstrumentationAnalysisTransform
Transforming kotlin-daemon-client-2.0.21.jar (org.jetbrains.kotlin:kotlin-daemon-client:2.0.21) with InstrumentationAnalysisTransform
Transforming kotlinx-coroutines-core-jvm-1.6.4.jar (org.jetbrains.kotlinx:kotlinx-coroutines-core-jvm:1.6.4) with InstrumentationAnalysisTransform
Transforming kotlin-util-io-2.0.21.jar (org.jetbrains.kotlin:kotlin-util-io:2.0.21) with InstrumentationAnalysisTransform
Transforming kotlin-daemon-embeddable-2.0.21.jar (org.jetbrains.kotlin:kotlin-daemon-embeddable:2.0.21) with InstrumentationAnalysisTransform
Transforming failureaccess-1.0.1.jar (com.google.guava:failureaccess:1.0.1) with InstrumentationAnalysisTransform
Transforming listenablefuture-9999.0-empty-to-avoid-conflict-with-guava.jar (com.google.guava:listenablefuture:9999.0-empty-to-avoid-conflict-with-guava) with InstrumentationAnalysisTransform
Transforming commons-logging-1.2.jar (commons-logging:commons-logging:1.2) with InstrumentationAnalysisTransform
Transforming jna-5.6.0.jar (net.java.dev.jna:jna:5.6.0) with InstrumentationAnalysisTransform
Transforming netty-codec-socks-4.1.93.Final.jar (io.netty:netty-codec-socks:4.1.93.Final) with InstrumentationAnalysisTransform
Transforming netty-codec-4.1.93.Final.jar (io.netty:netty-codec:4.1.93.Final) with InstrumentationAnalysisTransform
Transforming netty-transport-4.1.93.Final.jar (io.netty:netty-transport:4.1.93.Final) with InstrumentationAnalysisTransform
Transforming netty-buffer-4.1.93.Final.jar (io.netty:netty-buffer:4.1.93.Final) with InstrumentationAnalysisTransform
Transforming netty-resolver-4.1.93.Final.jar (io.netty:netty-resolver:4.1.93.Final) with InstrumentationAnalysisTransform
Transforming netty-common-4.1.93.Final.jar (io.netty:netty-common:4.1.93.Final) with InstrumentationAnalysisTransform
Transforming hilt-android-gradle-plugin-2.52.jar (com.google.dagger:hilt-android-gradle-plugin:2.52) with InstrumentationAnalysisTransform
Transforming hilt-android-gradle-plugin-2.52.jar (com.google.dagger:hilt-android-gradle-plugin:2.52) with MergeInstrumentationAnalysisTransform
Transforming gradle-8.7.3.jar (com.android.tools.build:gradle:8.7.3) with InstrumentationAnalysisTransform
Transforming gradle-8.7.3.jar (com.android.tools.build:gradle:8.7.3) with MergeInstrumentationAnalysisTransform
Transforming gradle-settings-api-8.7.3.jar (com.android.tools.build:gradle-settings-api:8.7.3) with InstrumentationAnalysisTransform
Transforming gradle-settings-api-8.7.3.jar (com.android.tools.build:gradle-settings-api:8.7.3) with MergeInstrumentationAnalysisTransform
Transforming lint-model-31.7.3.jar (com.android.tools.lint:lint-model:31.7.3) with InstrumentationAnalysisTransform
Transforming lint-model-31.7.3.jar (com.android.tools.lint:lint-model:31.7.3) with MergeInstrumentationAnalysisTransform
Transforming builder-8.7.3.jar (com.android.tools.build:builder:8.7.3) with InstrumentationAnalysisTransform
Transforming builder-8.7.3.jar (com.android.tools.build:builder:8.7.3) with MergeInstrumentationAnalysisTransform
Transforming manifest-merger-31.7.3.jar (com.android.tools.build:manifest-merger:31.7.3) with InstrumentationAnalysisTransform
Transforming manifest-merger-31.7.3.jar (com.android.tools.build:manifest-merger:31.7.3) with MergeInstrumentationAnalysisTransform
Transforming sdk-common-31.7.3.jar (com.android.tools:sdk-common:31.7.3) with InstrumentationAnalysisTransform
Transforming sdk-common-31.7.3.jar (com.android.tools:sdk-common:31.7.3) with MergeInstrumentationAnalysisTransform
Transforming sdklib-31.7.3.jar (com.android.tools:sdklib:31.7.3) with InstrumentationAnalysisTransform
Transforming sdklib-31.7.3.jar (com.android.tools:sdklib:31.7.3) with MergeInstrumentationAnalysisTransform
Transforming repository-31.7.3.jar (com.android.tools:repository:31.7.3) with InstrumentationAnalysisTransform
Transforming repository-31.7.3.jar (com.android.tools:repository:31.7.3) with MergeInstrumentationAnalysisTransform
Transforming aaptcompiler-8.7.3.jar (com.android.tools.build:aaptcompiler:8.7.3) with InstrumentationAnalysisTransform
Transforming aaptcompiler-8.7.3.jar (com.android.tools.build:aaptcompiler:8.7.3) with MergeInstrumentationAnalysisTransform
Transforming tracker-31.7.3.jar (com.android.tools.analytics-library:tracker:31.7.3) with InstrumentationAnalysisTransform
Transforming tracker-31.7.3.jar (com.android.tools.analytics-library:tracker:31.7.3) with MergeInstrumentationAnalysisTransform
Transforming shared-31.7.3.jar (com.android.tools.analytics-library:shared:31.7.3) with InstrumentationAnalysisTransform
Transforming shared-31.7.3.jar (com.android.tools.analytics-library:shared:31.7.3) with MergeInstrumentationAnalysisTransform
Transforming databinding-compiler-common-8.7.3.jar (androidx.databinding:databinding-compiler-common:8.7.3) with InstrumentationAnalysisTransform
Transforming databinding-compiler-common-8.7.3.jar (androidx.databinding:databinding-compiler-common:8.7.3) with MergeInstrumentationAnalysisTransform
Transforming android-test-plugin-host-emulator-control-proto-31.7.3.jar (com.android.tools.utp:android-test-plugin-host-emulator-control-proto:31.7.3) with InstrumentationAnalysisTransform
Transforming android-test-plugin-host-emulator-control-proto-31.7.3.jar (com.android.tools.utp:android-test-plugin-host-emulator-control-proto:31.7.3) with MergeInstrumentationAnalysisTransform
Transforming android-test-plugin-host-retention-proto-31.7.3.jar (com.android.tools.utp:android-test-plugin-host-retention-proto:31.7.3) with InstrumentationAnalysisTransform
Transforming android-test-plugin-host-retention-proto-31.7.3.jar (com.android.tools.utp:android-test-plugin-host-retention-proto:31.7.3) with MergeInstrumentationAnalysisTransform
Transforming builder-model-8.7.3.jar (com.android.tools.build:builder-model:8.7.3) with InstrumentationAnalysisTransform
Transforming builder-model-8.7.3.jar (com.android.tools.build:builder-model:8.7.3) with MergeInstrumentationAnalysisTransform
Transforming gradle-api-8.7.3.jar (com.android.tools.build:gradle-api:8.7.3) with InstrumentationAnalysisTransform
Transforming gradle-api-8.7.3.jar (com.android.tools.build:gradle-api:8.7.3) with MergeInstrumentationAnalysisTransform
Transforming builder-test-api-8.7.3.jar (com.android.tools.build:builder-test-api:8.7.3) with InstrumentationAnalysisTransform
Transforming builder-test-api-8.7.3.jar (com.android.tools.build:builder-test-api:8.7.3) with MergeInstrumentationAnalysisTransform
Transforming ddmlib-31.7.3.jar (com.android.tools.ddms:ddmlib:31.7.3) with InstrumentationAnalysisTransform
Transforming ddmlib-31.7.3.jar (com.android.tools.ddms:ddmlib:31.7.3) with MergeInstrumentationAnalysisTransform
Transforming layoutlib-api-31.7.3.jar (com.android.tools.layoutlib:layoutlib-api:31.7.3) with InstrumentationAnalysisTransform
Transforming layoutlib-api-31.7.3.jar (com.android.tools.layoutlib:layoutlib-api:31.7.3) with MergeInstrumentationAnalysisTransform
Transforming dvlib-31.7.3.jar (com.android.tools:dvlib:31.7.3) with InstrumentationAnalysisTransform
Transforming dvlib-31.7.3.jar (com.android.tools:dvlib:31.7.3) with MergeInstrumentationAnalysisTransform
Transforming common-31.7.3.jar (com.android.tools:common:31.7.3) with InstrumentationAnalysisTransform
Transforming common-31.7.3.jar (com.android.tools:common:31.7.3) with MergeInstrumentationAnalysisTransform
Transforming kotlin-stdlib-jdk8-1.9.20.jar (org.jetbrains.kotlin:kotlin-stdlib-jdk8:1.9.20) with InstrumentationAnalysisTransform
Transforming kotlin-stdlib-jdk8-1.9.20.jar (org.jetbrains.kotlin:kotlin-stdlib-jdk8:1.9.20) with MergeInstrumentationAnalysisTransform
Transforming jetifier-processor-1.0.0-beta10.jar (com.android.tools.build.jetifier:jetifier-processor:1.0.0-beta10) with InstrumentationAnalysisTransform
Transforming jetifier-processor-1.0.0-beta10.jar (com.android.tools.build.jetifier:jetifier-processor:1.0.0-beta10) with MergeInstrumentationAnalysisTransform
Transforming jetifier-core-1.0.0-beta10.jar (com.android.tools.build.jetifier:jetifier-core:1.0.0-beta10) with InstrumentationAnalysisTransform
Transforming jetifier-core-1.0.0-beta10.jar (com.android.tools.build.jetifier:jetifier-core:1.0.0-beta10) with MergeInstrumentationAnalysisTransform
Transforming symbol-processing-gradle-plugin-2.0.21-1.0.28.jar (com.google.devtools.ksp:symbol-processing-gradle-plugin:2.0.21-1.0.28) with InstrumentationAnalysisTransform
Transforming symbol-processing-gradle-plugin-2.0.21-1.0.28.jar (com.google.devtools.ksp:symbol-processing-gradle-plugin:2.0.21-1.0.28) with MergeInstrumentationAnalysisTransform
Transforming symbol-processing-api-2.0.21-1.0.28.jar (com.google.devtools.ksp:symbol-processing-api:2.0.21-1.0.28) with InstrumentationAnalysisTransform
Transforming symbol-processing-api-2.0.21-1.0.28.jar (com.google.devtools.ksp:symbol-processing-api:2.0.21-1.0.28) with MergeInstrumentationAnalysisTransform
Transforming symbol-processing-common-deps-2.0.21-1.0.28.jar (com.google.devtools.ksp:symbol-processing-common-deps:2.0.21-1.0.28) with InstrumentationAnalysisTransform
Transforming symbol-processing-common-deps-2.0.21-1.0.28.jar (com.google.devtools.ksp:symbol-processing-common-deps:2.0.21-1.0.28) with MergeInstrumentationAnalysisTransform
Transforming kotlin-reflect-1.9.23.jar (org.jetbrains.kotlin:kotlin-reflect:1.9.23) with InstrumentationAnalysisTransform
Transforming kotlin-reflect-1.9.23.jar (org.jetbrains.kotlin:kotlin-reflect:1.9.23) with MergeInstrumentationAnalysisTransform
Transforming kotlin-stdlib-jdk7-1.9.20.jar (org.jetbrains.kotlin:kotlin-stdlib-jdk7:1.9.20) with InstrumentationAnalysisTransform
Transforming kotlin-stdlib-jdk7-1.9.20.jar (org.jetbrains.kotlin:kotlin-stdlib-jdk7:1.9.20) with MergeInstrumentationAnalysisTransform
Transforming kotlin-stdlib-1.9.23.jar (org.jetbrains.kotlin:kotlin-stdlib:1.9.23) with InstrumentationAnalysisTransform
Transforming kotlin-stdlib-1.9.23.jar (org.jetbrains.kotlin:kotlin-stdlib:1.9.23) with MergeInstrumentationAnalysisTransform
Transforming annotations-13.0.jar (org.jetbrains:annotations:13.0) with InstrumentationAnalysisTransform
Transforming annotations-13.0.jar (org.jetbrains:annotations:13.0) with MergeInstrumentationAnalysisTransform
Transforming kotlin-gradle-plugin-model-2.0.21.jar (org.jetbrains.kotlin:kotlin-gradle-plugin-model:2.0.21) with InstrumentationAnalysisTransform
Transforming kotlin-gradle-plugin-model-2.0.21.jar (org.jetbrains.kotlin:kotlin-gradle-plugin-model:2.0.21) with MergeInstrumentationAnalysisTransform
Transforming kotlin-gradle-plugin-api-2.0.21.jar (org.jetbrains.kotlin:kotlin-gradle-plugin-api:2.0.21) with InstrumentationAnalysisTransform
Transforming kotlin-gradle-plugin-api-2.0.21.jar (org.jetbrains.kotlin:kotlin-gradle-plugin-api:2.0.21) with MergeInstrumentationAnalysisTransform
Transforming kotlin-gradle-plugin-api-2.0.21-gradle85.jar (org.jetbrains.kotlin:kotlin-gradle-plugin-api:2.0.21) with InstrumentationAnalysisTransform
Transforming kotlin-gradle-plugin-api-2.0.21-gradle85.jar (org.jetbrains.kotlin:kotlin-gradle-plugin-api:2.0.21) with MergeInstrumentationAnalysisTransform
Transforming compose-compiler-gradle-plugin-2.0.21-gradle85.jar (org.jetbrains.kotlin:compose-compiler-gradle-plugin:2.0.21) with InstrumentationAnalysisTransform
Transforming compose-compiler-gradle-plugin-2.0.21-gradle85.jar (org.jetbrains.kotlin:compose-compiler-gradle-plugin:2.0.21) with MergeInstrumentationAnalysisTransform
Transforming kotlin-gradle-plugin-2.0.21-gradle85.jar (org.jetbrains.kotlin:kotlin-gradle-plugin:2.0.21) with InstrumentationAnalysisTransform
Transforming gradle-8.7.3.jar (com.android.tools.build:gradle:8.7.3) with ExternalDependencyInstrumentingArtifactTransform
Transforming kotlin-gradle-plugin-2.0.21-gradle85.jar (org.jetbrains.kotlin:kotlin-gradle-plugin:2.0.21) with MergeInstrumentationAnalysisTransform
Transforming bundletool-1.17.1.jar (com.android.tools.build:bundletool:1.17.1) with InstrumentationAnalysisTransform
Transforming bundletool-1.17.1.jar (com.android.tools.build:bundletool:1.17.1) with MergeInstrumentationAnalysisTransform
Transforming aapt2-proto-8.7.3-12006047.jar (com.android.tools.build:aapt2-proto:8.7.3-12006047) with InstrumentationAnalysisTransform
Transforming aapt2-proto-8.7.3-12006047.jar (com.android.tools.build:aapt2-proto:8.7.3-12006047) with MergeInstrumentationAnalysisTransform
Transforming gradle-settings-api-8.7.3.jar (com.android.tools.build:gradle-settings-api:8.7.3) with ExternalDependencyInstrumentingArtifactTransform
Transforming crash-31.7.3.jar (com.android.tools.analytics-library:crash:31.7.3) with InstrumentationAnalysisTransform
Transforming crash-31.7.3.jar (com.android.tools.analytics-library:crash:31.7.3) with MergeInstrumentationAnalysisTransform
Transforming lint-typedef-remover-31.7.3.jar (com.android.tools.lint:lint-typedef-remover:31.7.3) with InstrumentationAnalysisTransform
Transforming hilt-android-gradle-plugin-2.52.jar (com.google.dagger:hilt-android-gradle-plugin:2.52) with ExternalDependencyInstrumentingArtifactTransform
Transforming lint-typedef-remover-31.7.3.jar (com.android.tools.lint:lint-typedef-remover:31.7.3) with MergeInstrumentationAnalysisTransform
Transforming databinding-common-8.7.3.jar (androidx.databinding:databinding-common:8.7.3) with InstrumentationAnalysisTransform
Transforming databinding-common-8.7.3.jar (androidx.databinding:databinding-common:8.7.3) with MergeInstrumentationAnalysisTransform
Transforming baseLibrary-8.7.3.jar (com.android.databinding:baseLibrary:8.7.3) with InstrumentationAnalysisTransform
Transforming baseLibrary-8.7.3.jar (com.android.databinding:baseLibrary:8.7.3) with MergeInstrumentationAnalysisTransform
Transforming android-device-provider-ddmlib-proto-31.7.3.jar (com.android.tools.utp:android-device-provider-ddmlib-proto:31.7.3) with InstrumentationAnalysisTransform
Transforming android-device-provider-ddmlib-proto-31.7.3.jar (com.android.tools.utp:android-device-provider-ddmlib-proto:31.7.3) with MergeInstrumentationAnalysisTransform
Transforming android-device-provider-gradle-proto-31.7.3.jar (com.android.tools.utp:android-device-provider-gradle-proto:31.7.3) with InstrumentationAnalysisTransform
Transforming android-device-provider-gradle-proto-31.7.3.jar (com.android.tools.utp:android-device-provider-gradle-proto:31.7.3) with MergeInstrumentationAnalysisTransform
Transforming android-device-provider-profile-proto-31.7.3.jar (com.android.tools.utp:android-device-provider-profile-proto:31.7.3) with InstrumentationAnalysisTransform
Transforming android-device-provider-profile-proto-31.7.3.jar (com.android.tools.utp:android-device-provider-profile-proto:31.7.3) with MergeInstrumentationAnalysisTransform
Transforming android-test-plugin-host-additional-test-output-proto-31.7.3.jar (com.android.tools.utp:android-test-plugin-host-additional-test-output-proto:31.7.3) with InstrumentationAnalysisTransform
Transforming android-test-plugin-host-additional-test-output-proto-31.7.3.jar (com.android.tools.utp:android-test-plugin-host-additional-test-output-proto:31.7.3) with MergeInstrumentationAnalysisTransform
Transforming android-test-plugin-host-coverage-proto-31.7.3.jar (com.android.tools.utp:android-test-plugin-host-coverage-proto:31.7.3) with InstrumentationAnalysisTransform
Transforming android-test-plugin-host-coverage-proto-31.7.3.jar (com.android.tools.utp:android-test-plugin-host-coverage-proto:31.7.3) with MergeInstrumentationAnalysisTransform
Transforming android-test-plugin-host-logcat-proto-31.7.3.jar (com.android.tools.utp:android-test-plugin-host-logcat-proto:31.7.3) with InstrumentationAnalysisTransform
Transforming android-test-plugin-host-logcat-proto-31.7.3.jar (com.android.tools.utp:android-test-plugin-host-logcat-proto:31.7.3) with MergeInstrumentationAnalysisTransform
Transforming android-test-plugin-host-apk-installer-proto-31.7.3.jar (com.android.tools.utp:android-test-plugin-host-apk-installer-proto:31.7.3) with InstrumentationAnalysisTransform
Transforming android-test-plugin-host-apk-installer-proto-31.7.3.jar (com.android.tools.utp:android-test-plugin-host-apk-installer-proto:31.7.3) with MergeInstrumentationAnalysisTransform
Transforming android-test-plugin-result-listener-gradle-proto-31.7.3.jar (com.android.tools.utp:android-test-plugin-result-listener-gradle-proto:31.7.3) with InstrumentationAnalysisTransform
Transforming android-test-plugin-result-listener-gradle-proto-31.7.3.jar (com.android.tools.utp:android-test-plugin-result-listener-gradle-proto:31.7.3) with MergeInstrumentationAnalysisTransform
Transforming transform-api-2.0.0-deprecated-use-gradle-api.jar (com.android.tools.build:transform-api:2.0.0-deprecated-use-gradle-api) with InstrumentationAnalysisTransform
Transforming transform-api-2.0.0-deprecated-use-gradle-api.jar (com.android.tools.build:transform-api:2.0.0-deprecated-use-gradle-api) with MergeInstrumentationAnalysisTransform
Transforming httpmime-4.5.6.jar (org.apache.httpcomponents:httpmime:4.5.6) with InstrumentationAnalysisTransform
Transforming httpmime-4.5.6.jar (org.apache.httpcomponents:httpmime:4.5.6) with MergeInstrumentationAnalysisTransform
Transforming commons-io-2.13.0.jar (commons-io:commons-io:2.13.0) with InstrumentationAnalysisTransform
Transforming commons-io-2.13.0.jar (commons-io:commons-io:2.13.0) with MergeInstrumentationAnalysisTransform
Transforming asm-commons-9.6.jar (org.ow2.asm:asm-commons:9.6) with InstrumentationAnalysisTransform
Transforming asm-commons-9.6.jar (org.ow2.asm:asm-commons:9.6) with MergeInstrumentationAnalysisTransform
Transforming asm-util-9.6.jar (org.ow2.asm:asm-util:9.6) with InstrumentationAnalysisTransform
Transforming asm-util-9.6.jar (org.ow2.asm:asm-util:9.6) with MergeInstrumentationAnalysisTransform
Transforming asm-analysis-9.6.jar (org.ow2.asm:asm-analysis:9.6) with InstrumentationAnalysisTransform
Transforming asm-analysis-9.6.jar (org.ow2.asm:asm-analysis:9.6) with MergeInstrumentationAnalysisTransform
Transforming asm-tree-9.6.jar (org.ow2.asm:asm-tree:9.6) with InstrumentationAnalysisTransform
Transforming asm-tree-9.6.jar (org.ow2.asm:asm-tree:9.6) with MergeInstrumentationAnalysisTransform
Transforming asm-9.6.jar (org.ow2.asm:asm:9.6) with InstrumentationAnalysisTransform
Transforming asm-9.6.jar (org.ow2.asm:asm:9.6) with MergeInstrumentationAnalysisTransform
Transforming apkzlib-8.7.3.jar (com.android.tools.build:apkzlib:8.7.3) with InstrumentationAnalysisTransform
Transforming apkzlib-8.7.3.jar (com.android.tools.build:apkzlib:8.7.3) with MergeInstrumentationAnalysisTransform
Transforming bcpkix-jdk18on-1.77.jar (org.bouncycastle:bcpkix-jdk18on:1.77) with InstrumentationAnalysisTransform
Transforming bcpkix-jdk18on-1.77.jar (org.bouncycastle:bcpkix-jdk18on:1.77) with MergeInstrumentationAnalysisTransform
Transforming jaxb-runtime-2.3.2.jar (org.glassfish.jaxb:jaxb-runtime:2.3.2) with InstrumentationAnalysisTransform
Transforming jaxb-runtime-2.3.2.jar (org.glassfish.jaxb:jaxb-runtime:2.3.2) with MergeInstrumentationAnalysisTransform
Transforming jopt-simple-4.9.jar (net.sf.jopt-simple:jopt-simple:4.9) with InstrumentationAnalysisTransform
Transforming jopt-simple-4.9.jar (net.sf.jopt-simple:jopt-simple:4.9) with MergeInstrumentationAnalysisTransform
Transforming javapoet-1.13.0.jar (com.squareup:javapoet:1.13.0) with InstrumentationAnalysisTransform
Transforming javapoet-1.13.0.jar (com.squareup:javapoet:1.13.0) with MergeInstrumentationAnalysisTransform
Transforming protobuf-java-util-3.22.3.jar (com.google.protobuf:protobuf-java-util:3.22.3) with InstrumentationAnalysisTransform
Transforming protobuf-java-util-3.22.3.jar (com.google.protobuf:protobuf-java-util:3.22.3) with MergeInstrumentationAnalysisTransform
Transforming grpc-protobuf-1.57.0.jar (io.grpc:grpc-protobuf:1.57.0) with InstrumentationAnalysisTransform
Transforming grpc-protobuf-1.57.0.jar (io.grpc:grpc-protobuf:1.57.0) with MergeInstrumentationAnalysisTransform
Transforming tink-1.7.0.jar (com.google.crypto.tink:tink:1.7.0) with InstrumentationAnalysisTransform
Transforming tink-1.7.0.jar (com.google.crypto.tink:tink:1.7.0) with MergeInstrumentationAnalysisTransform
Transforming protos-31.7.3.jar (com.android.tools.analytics-library:protos:31.7.3) with InstrumentationAnalysisTransform
Transforming protos-31.7.3.jar (com.android.tools.analytics-library:protos:31.7.3) with MergeInstrumentationAnalysisTransform
Transforming proto-google-common-protos-2.17.0.jar (com.google.api.grpc:proto-google-common-protos:2.17.0) with InstrumentationAnalysisTransform
Transforming proto-google-common-protos-2.17.0.jar (com.google.api.grpc:proto-google-common-protos:2.17.0) with MergeInstrumentationAnalysisTransform
Transforming protobuf-java-3.22.3.jar (com.google.protobuf:protobuf-java:3.22.3) with InstrumentationAnalysisTransform
Transforming protobuf-java-3.22.3.jar (com.google.protobuf:protobuf-java:3.22.3) with MergeInstrumentationAnalysisTransform
Transforming grpc-netty-1.57.0.jar (io.grpc:grpc-netty:1.57.0) with InstrumentationAnalysisTransform
Transforming grpc-netty-1.57.0.jar (io.grpc:grpc-netty:1.57.0) with MergeInstrumentationAnalysisTransform
Transforming grpc-core-1.57.0.jar (io.grpc:grpc-core:1.57.0) with InstrumentationAnalysisTransform
Transforming grpc-core-1.57.0.jar (io.grpc:grpc-core:1.57.0) with MergeInstrumentationAnalysisTransform
Transforming kotlin-build-statistics-2.0.21.jar (org.jetbrains.kotlin:kotlin-build-statistics:2.0.21) with InstrumentationAnalysisTransform
Transforming kotlin-build-statistics-2.0.21.jar (org.jetbrains.kotlin:kotlin-build-statistics:2.0.21) with MergeInstrumentationAnalysisTransform
Transforming gson-2.10.1.jar (com.google.code.gson:gson:2.10.1) with InstrumentationAnalysisTransform
Transforming gson-2.10.1.jar (com.google.code.gson:gson:2.10.1) with MergeInstrumentationAnalysisTransform
Transforming grpc-stub-1.57.0.jar (io.grpc:grpc-stub:1.57.0) with InstrumentationAnalysisTransform
Transforming grpc-stub-1.57.0.jar (io.grpc:grpc-stub:1.57.0) with MergeInstrumentationAnalysisTransform
Transforming core-proto-0.0.9-alpha02.jar (com.google.testing.platform:core-proto:0.0.9-alpha02) with InstrumentationAnalysisTransform
Transforming core-proto-0.0.9-alpha02.jar (com.google.testing.platform:core-proto:0.0.9-alpha02) with MergeInstrumentationAnalysisTransform
Transforming tensorflow-lite-metadata-0.1.0-rc2.jar (org.tensorflow:tensorflow-lite-metadata:0.1.0-rc2) with InstrumentationAnalysisTransform
Transforming tensorflow-lite-metadata-0.1.0-rc2.jar (org.tensorflow:tensorflow-lite-metadata:0.1.0-rc2) with MergeInstrumentationAnalysisTransform
Transforming flatbuffers-java-1.12.0.jar (com.google.flatbuffers:flatbuffers-java:1.12.0) with InstrumentationAnalysisTransform
Transforming flatbuffers-java-1.12.0.jar (com.google.flatbuffers:flatbuffers-java:1.12.0) with MergeInstrumentationAnalysisTransform
Transforming kotlin-gradle-plugin-idea-proto-2.0.21.jar (org.jetbrains.kotlin:kotlin-gradle-plugin-idea-proto:2.0.21) with InstrumentationAnalysisTransform
Transforming kotlin-gradle-plugin-idea-proto-2.0.21.jar (org.jetbrains.kotlin:kotlin-gradle-plugin-idea-proto:2.0.21) with MergeInstrumentationAnalysisTransform
Transforming kotlin-gradle-plugin-idea-2.0.21.jar (org.jetbrains.kotlin:kotlin-gradle-plugin-idea:2.0.21) with InstrumentationAnalysisTransform
Transforming kotlin-gradle-plugin-idea-2.0.21.jar (org.jetbrains.kotlin:kotlin-gradle-plugin-idea:2.0.21) with MergeInstrumentationAnalysisTransform
Transforming kotlin-klib-commonizer-api-2.0.21.jar (org.jetbrains.kotlin:kotlin-klib-commonizer-api:2.0.21) with InstrumentationAnalysisTransform
Transforming kotlin-klib-commonizer-api-2.0.21.jar (org.jetbrains.kotlin:kotlin-klib-commonizer-api:2.0.21) with MergeInstrumentationAnalysisTransform
Transforming kotlin-build-tools-api-2.0.21.jar (org.jetbrains.kotlin:kotlin-build-tools-api:2.0.21) with InstrumentationAnalysisTransform
Transforming kotlin-build-tools-api-2.0.21.jar (org.jetbrains.kotlin:kotlin-build-tools-api:2.0.21) with MergeInstrumentationAnalysisTransform
Transforming kotlin-compiler-runner-2.0.21.jar (org.jetbrains.kotlin:kotlin-compiler-runner:2.0.21) with InstrumentationAnalysisTransform
Transforming kotlin-compiler-runner-2.0.21.jar (org.jetbrains.kotlin:kotlin-compiler-runner:2.0.21) with MergeInstrumentationAnalysisTransform
Transforming kotlin-native-utils-2.0.21.jar (org.jetbrains.kotlin:kotlin-native-utils:2.0.21) with InstrumentationAnalysisTransform
Transforming kotlin-native-utils-2.0.21.jar (org.jetbrains.kotlin:kotlin-native-utils:2.0.21) with MergeInstrumentationAnalysisTransform
Transforming kotlin-util-klib-2.0.21.jar (org.jetbrains.kotlin:kotlin-util-klib:2.0.21) with InstrumentationAnalysisTransform
Transforming kotlin-util-klib-2.0.21.jar (org.jetbrains.kotlin:kotlin-util-klib:2.0.21) with MergeInstrumentationAnalysisTransform
Transforming kotlin-compiler-embeddable-2.0.21.jar (org.jetbrains.kotlin:kotlin-compiler-embeddable:2.0.21) with InstrumentationAnalysisTransform
Transforming kotlin-compiler-embeddable-2.0.21.jar (org.jetbrains.kotlin:kotlin-compiler-embeddable:2.0.21) with MergeInstrumentationAnalysisTransform
Transforming jimfs-1.1.jar (com.google.jimfs:jimfs:1.1) with InstrumentationAnalysisTransform
Transforming jimfs-1.1.jar (com.google.jimfs:jimfs:1.1) with MergeInstrumentationAnalysisTransform
Transforming grpc-context-1.57.0.jar (io.grpc:grpc-context:1.57.0) with InstrumentationAnalysisTransform
Transforming grpc-context-1.57.0.jar (io.grpc:grpc-context:1.57.0) with MergeInstrumentationAnalysisTransform
Transforming grpc-protobuf-lite-1.57.0.jar (io.grpc:grpc-protobuf-lite:1.57.0) with InstrumentationAnalysisTransform
Transforming grpc-protobuf-lite-1.57.0.jar (io.grpc:grpc-protobuf-lite:1.57.0) with MergeInstrumentationAnalysisTransform
Transforming grpc-api-1.57.0.jar (io.grpc:grpc-api:1.57.0) with InstrumentationAnalysisTransform
Transforming grpc-api-1.57.0.jar (io.grpc:grpc-api:1.57.0) with MergeInstrumentationAnalysisTransform
Transforming guava-32.0.1-jre.jar (com.google.guava:guava:32.0.1-jre) with InstrumentationAnalysisTransform
Transforming guava-32.0.1-jre.jar (com.google.guava:guava:32.0.1-jre) with MergeInstrumentationAnalysisTransform
Transforming dagger-2.28.3.jar (com.google.dagger:dagger:2.28.3) with InstrumentationAnalysisTransform
Transforming dagger-2.28.3.jar (com.google.dagger:dagger:2.28.3) with MergeInstrumentationAnalysisTransform
Transforming javax.inject-1.jar (javax.inject:javax.inject:1) with InstrumentationAnalysisTransform
Transforming javax.inject-1.jar (javax.inject:javax.inject:1) with MergeInstrumentationAnalysisTransform
Transforming kxml2-2.3.0.jar (net.sf.kxml:kxml2:2.3.0) with InstrumentationAnalysisTransform
Transforming kxml2-2.3.0.jar (net.sf.kxml:kxml2:2.3.0) with MergeInstrumentationAnalysisTransform
Transforming bcutil-jdk18on-1.77.jar (org.bouncycastle:bcutil-jdk18on:1.77) with InstrumentationAnalysisTransform
Transforming bcutil-jdk18on-1.77.jar (org.bouncycastle:bcutil-jdk18on:1.77) with MergeInstrumentationAnalysisTransform
Transforming bcprov-jdk18on-1.77.jar (org.bouncycastle:bcprov-jdk18on:1.77) with InstrumentationAnalysisTransform
Transforming bcprov-jdk18on-1.77.jar (org.bouncycastle:bcprov-jdk18on:1.77) with MergeInstrumentationAnalysisTransform
Transforming trove4j-1.0.20200330.jar (org.jetbrains.intellij.deps:trove4j:1.0.20200330) with InstrumentationAnalysisTransform
Transforming trove4j-1.0.20200330.jar (org.jetbrains.intellij.deps:trove4j:1.0.20200330) with MergeInstrumentationAnalysisTransform
Transforming commons-compress-1.21.jar (org.apache.commons:commons-compress:1.21) with InstrumentationAnalysisTransform
Transforming commons-compress-1.21.jar (org.apache.commons:commons-compress:1.21) with MergeInstrumentationAnalysisTransform
Transforming httpclient-4.5.14.jar (org.apache.httpcomponents:httpclient:4.5.14) with InstrumentationAnalysisTransform
Transforming httpclient-4.5.14.jar (org.apache.httpcomponents:httpclient:4.5.14) with MergeInstrumentationAnalysisTransform
Transforming httpcore-4.4.16.jar (org.apache.httpcomponents:httpcore:4.4.16) with InstrumentationAnalysisTransform
Transforming httpcore-4.4.16.jar (org.apache.httpcomponents:httpcore:4.4.16) with MergeInstrumentationAnalysisTransform
Transforming javax.activation-1.2.0.jar (com.sun.activation:javax.activation:1.2.0) with InstrumentationAnalysisTransform
Transforming javax.activation-1.2.0.jar (com.sun.activation:javax.activation:1.2.0) with MergeInstrumentationAnalysisTransform
Transforming signflinger-8.7.3.jar (com.android:signflinger:8.7.3) with InstrumentationAnalysisTransform
Transforming signflinger-8.7.3.jar (com.android:signflinger:8.7.3) with MergeInstrumentationAnalysisTransform
Transforming zipflinger-8.7.3.jar (com.android:zipflinger:8.7.3) with InstrumentationAnalysisTransform
Transforming zipflinger-8.7.3.jar (com.android:zipflinger:8.7.3) with MergeInstrumentationAnalysisTransform
Transforming annotations-31.7.3.jar (com.android.tools:annotations:31.7.3) with InstrumentationAnalysisTransform
Transforming annotations-31.7.3.jar (com.android.tools:annotations:31.7.3) with MergeInstrumentationAnalysisTransform
Transforming lint-model-31.7.3.jar (com.android.tools.lint:lint-model:31.7.3) with ExternalDependencyInstrumentingArtifactTransform
Transforming jna-platform-5.6.0.jar (net.java.dev.jna:jna-platform:5.6.0) with InstrumentationAnalysisTransform
Transforming jna-platform-5.6.0.jar (net.java.dev.jna:jna-platform:5.6.0) with MergeInstrumentationAnalysisTransform
Transforming juniversalchardet-1.0.3.jar (com.googlecode.juniversalchardet:juniversalchardet:1.0.3) with InstrumentationAnalysisTransform
Transforming juniversalchardet-1.0.3.jar (com.googlecode.juniversalchardet:juniversalchardet:1.0.3) with MergeInstrumentationAnalysisTransform
Transforming javax.annotation-api-1.3.2.jar (javax.annotation:javax.annotation-api:1.3.2) with InstrumentationAnalysisTransform
Transforming javax.annotation-api-1.3.2.jar (javax.annotation:javax.annotation-api:1.3.2) with MergeInstrumentationAnalysisTransform
Transforming stax-ex-1.8.1.jar (org.jvnet.staxex:stax-ex:1.8.1) with InstrumentationAnalysisTransform
Transforming stax-ex-1.8.1.jar (org.jvnet.staxex:stax-ex:1.8.1) with MergeInstrumentationAnalysisTransform
Transforming jakarta.xml.bind-api-2.3.2.jar (jakarta.xml.bind:jakarta.xml.bind-api:2.3.2) with InstrumentationAnalysisTransform
Transforming jakarta.xml.bind-api-2.3.2.jar (jakarta.xml.bind:jakarta.xml.bind-api:2.3.2) with MergeInstrumentationAnalysisTransform
Transforming txw2-2.3.2.jar (org.glassfish.jaxb:txw2:2.3.2) with InstrumentationAnalysisTransform
Transforming txw2-2.3.2.jar (org.glassfish.jaxb:txw2:2.3.2) with MergeInstrumentationAnalysisTransform
Transforming istack-commons-runtime-3.0.8.jar (com.sun.istack:istack-commons-runtime:3.0.8) with InstrumentationAnalysisTransform
Transforming istack-commons-runtime-3.0.8.jar (com.sun.istack:istack-commons-runtime:3.0.8) with MergeInstrumentationAnalysisTransform
Transforming FastInfoset-1.2.16.jar (com.sun.xml.fastinfoset:FastInfoset:1.2.16) with InstrumentationAnalysisTransform
Transforming FastInfoset-1.2.16.jar (com.sun.xml.fastinfoset:FastInfoset:1.2.16) with MergeInstrumentationAnalysisTransform
Transforming jakarta.activation-api-1.2.1.jar (jakarta.activation:jakarta.activation-api:1.2.1) with InstrumentationAnalysisTransform
Transforming jakarta.activation-api-1.2.1.jar (jakarta.activation:jakarta.activation-api:1.2.1) with MergeInstrumentationAnalysisTransform
Transforming auto-value-annotations-1.6.2.jar (com.google.auto.value:auto-value-annotations:1.6.2) with InstrumentationAnalysisTransform
Transforming auto-value-annotations-1.6.2.jar (com.google.auto.value:auto-value-annotations:1.6.2) with MergeInstrumentationAnalysisTransform
Transforming error_prone_annotations-2.18.0.jar (com.google.errorprone:error_prone_annotations:2.18.0) with InstrumentationAnalysisTransform
Transforming error_prone_annotations-2.18.0.jar (com.google.errorprone:error_prone_annotations:2.18.0) with MergeInstrumentationAnalysisTransform
Transforming jose4j-0.9.5.jar (org.bitbucket.b_c:jose4j:0.9.5) with InstrumentationAnalysisTransform
Transforming jose4j-0.9.5.jar (org.bitbucket.b_c:jose4j:0.9.5) with MergeInstrumentationAnalysisTransform
Transforming slf4j-api-1.7.30.jar (org.slf4j:slf4j-api:1.7.30) with InstrumentationAnalysisTransform
Transforming slf4j-api-1.7.30.jar (org.slf4j:slf4j-api:1.7.30) with MergeInstrumentationAnalysisTransform
Transforming jdom2-2.0.6.jar (org.jdom:jdom2:2.0.6) with InstrumentationAnalysisTransform
Transforming jdom2-2.0.6.jar (org.jdom:jdom2:2.0.6) with MergeInstrumentationAnalysisTransform
Transforming jsr305-3.0.2.jar (com.google.code.findbugs:jsr305:3.0.2) with InstrumentationAnalysisTransform
Transforming jsr305-3.0.2.jar (com.google.code.findbugs:jsr305:3.0.2) with MergeInstrumentationAnalysisTransform
Transforming j2objc-annotations-2.8.jar (com.google.j2objc:j2objc-annotations:2.8) with InstrumentationAnalysisTransform
Transforming j2objc-annotations-2.8.jar (com.google.j2objc:j2objc-annotations:2.8) with MergeInstrumentationAnalysisTransform
Transforming annotations-4.1.1.4.jar (com.google.android:annotations:4.1.1.4) with InstrumentationAnalysisTransform
Transforming annotations-4.1.1.4.jar (com.google.android:annotations:4.1.1.4) with MergeInstrumentationAnalysisTransform
Transforming animal-sniffer-annotations-1.23.jar (org.codehaus.mojo:animal-sniffer-annotations:1.23) with InstrumentationAnalysisTransform
Transforming animal-sniffer-annotations-1.23.jar (org.codehaus.mojo:animal-sniffer-annotations:1.23) with MergeInstrumentationAnalysisTransform
Transforming perfmark-api-0.26.0.jar (io.perfmark:perfmark-api:0.26.0) with InstrumentationAnalysisTransform
Transforming perfmark-api-0.26.0.jar (io.perfmark:perfmark-api:0.26.0) with MergeInstrumentationAnalysisTransform
Transforming netty-codec-http2-4.1.93.Final.jar (io.netty:netty-codec-http2:4.1.93.Final) with InstrumentationAnalysisTransform
Transforming netty-codec-http2-4.1.93.Final.jar (io.netty:netty-codec-http2:4.1.93.Final) with MergeInstrumentationAnalysisTransform
Transforming netty-handler-proxy-4.1.93.Final.jar (io.netty:netty-handler-proxy:4.1.93.Final) with InstrumentationAnalysisTransform
Transforming netty-handler-proxy-4.1.93.Final.jar (io.netty:netty-handler-proxy:4.1.93.Final) with MergeInstrumentationAnalysisTransform
Transforming netty-codec-http-4.1.93.Final.jar (io.netty:netty-codec-http:4.1.93.Final) with InstrumentationAnalysisTransform
Transforming netty-codec-http-4.1.93.Final.jar (io.netty:netty-codec-http:4.1.93.Final) with MergeInstrumentationAnalysisTransform
Transforming netty-handler-4.1.93.Final.jar (io.netty:netty-handler:4.1.93.Final) with InstrumentationAnalysisTransform
Transforming netty-handler-4.1.93.Final.jar (io.netty:netty-handler:4.1.93.Final) with MergeInstrumentationAnalysisTransform
Transforming netty-transport-native-unix-common-4.1.93.Final.jar (io.netty:netty-transport-native-unix-common:4.1.93.Final) with InstrumentationAnalysisTransform
Transforming netty-transport-native-unix-common-4.1.93.Final.jar (io.netty:netty-transport-native-unix-common:4.1.93.Final) with MergeInstrumentationAnalysisTransform
Transforming checker-qual-3.33.0.jar (org.checkerframework:checker-qual:3.33.0) with InstrumentationAnalysisTransform
Transforming checker-qual-3.33.0.jar (org.checkerframework:checker-qual:3.33.0) with MergeInstrumentationAnalysisTransform
Transforming commons-codec-1.11.jar (commons-codec:commons-codec:1.11) with InstrumentationAnalysisTransform
Transforming commons-codec-1.11.jar (commons-codec:commons-codec:1.11) with MergeInstrumentationAnalysisTransform
Transforming apksig-8.7.3.jar (com.android.tools.build:apksig:8.7.3) with InstrumentationAnalysisTransform
Transforming apksig-8.7.3.jar (com.android.tools.build:apksig:8.7.3) with MergeInstrumentationAnalysisTransform
Transforming javawriter-2.5.0.jar (com.squareup:javawriter:2.5.0) with InstrumentationAnalysisTransform
Transforming javawriter-2.5.0.jar (com.squareup:javawriter:2.5.0) with MergeInstrumentationAnalysisTransform
Transforming kotlin-gradle-plugin-annotations-2.0.21.jar (org.jetbrains.kotlin:kotlin-gradle-plugin-annotations:2.0.21) with InstrumentationAnalysisTransform
Transforming kotlin-gradle-plugin-annotations-2.0.21.jar (org.jetbrains.kotlin:kotlin-gradle-plugin-annotations:2.0.21) with MergeInstrumentationAnalysisTransform
Transforming kotlin-tooling-core-2.0.21.jar (org.jetbrains.kotlin:kotlin-tooling-core:2.0.21) with InstrumentationAnalysisTransform
Transforming kotlin-tooling-core-2.0.21.jar (org.jetbrains.kotlin:kotlin-tooling-core:2.0.21) with MergeInstrumentationAnalysisTransform
Transforming kotlin-daemon-client-2.0.21.jar (org.jetbrains.kotlin:kotlin-daemon-client:2.0.21) with InstrumentationAnalysisTransform
Transforming kotlin-daemon-client-2.0.21.jar (org.jetbrains.kotlin:kotlin-daemon-client:2.0.21) with MergeInstrumentationAnalysisTransform
Transforming kotlinx-coroutines-core-jvm-1.6.4.jar (org.jetbrains.kotlinx:kotlinx-coroutines-core-jvm:1.6.4) with InstrumentationAnalysisTransform
Transforming kotlinx-coroutines-core-jvm-1.6.4.jar (org.jetbrains.kotlinx:kotlinx-coroutines-core-jvm:1.6.4) with MergeInstrumentationAnalysisTransform
Transforming kotlin-util-io-2.0.21.jar (org.jetbrains.kotlin:kotlin-util-io:2.0.21) with InstrumentationAnalysisTransform
Transforming kotlin-util-io-2.0.21.jar (org.jetbrains.kotlin:kotlin-util-io:2.0.21) with MergeInstrumentationAnalysisTransform
Transforming kotlin-daemon-embeddable-2.0.21.jar (org.jetbrains.kotlin:kotlin-daemon-embeddable:2.0.21) with InstrumentationAnalysisTransform
Transforming kotlin-daemon-embeddable-2.0.21.jar (org.jetbrains.kotlin:kotlin-daemon-embeddable:2.0.21) with MergeInstrumentationAnalysisTransform
Transforming failureaccess-1.0.1.jar (com.google.guava:failureaccess:1.0.1) with InstrumentationAnalysisTransform
Transforming failureaccess-1.0.1.jar (com.google.guava:failureaccess:1.0.1) with MergeInstrumentationAnalysisTransform
Transforming listenablefuture-9999.0-empty-to-avoid-conflict-with-guava.jar (com.google.guava:listenablefuture:9999.0-empty-to-avoid-conflict-with-guava) with InstrumentationAnalysisTransform
Transforming listenablefuture-9999.0-empty-to-avoid-conflict-with-guava.jar (com.google.guava:listenablefuture:9999.0-empty-to-avoid-conflict-with-guava) with MergeInstrumentationAnalysisTransform
Transforming commons-logging-1.2.jar (commons-logging:commons-logging:1.2) with InstrumentationAnalysisTransform
Transforming commons-logging-1.2.jar (commons-logging:commons-logging:1.2) with MergeInstrumentationAnalysisTransform
Transforming jna-5.6.0.jar (net.java.dev.jna:jna:5.6.0) with InstrumentationAnalysisTransform
Transforming jna-5.6.0.jar (net.java.dev.jna:jna:5.6.0) with MergeInstrumentationAnalysisTransform
Transforming netty-codec-socks-4.1.93.Final.jar (io.netty:netty-codec-socks:4.1.93.Final) with InstrumentationAnalysisTransform
Transforming netty-codec-socks-4.1.93.Final.jar (io.netty:netty-codec-socks:4.1.93.Final) with MergeInstrumentationAnalysisTransform
Transforming netty-codec-4.1.93.Final.jar (io.netty:netty-codec:4.1.93.Final) with InstrumentationAnalysisTransform
Transforming netty-codec-4.1.93.Final.jar (io.netty:netty-codec:4.1.93.Final) with MergeInstrumentationAnalysisTransform
Transforming netty-transport-4.1.93.Final.jar (io.netty:netty-transport:4.1.93.Final) with InstrumentationAnalysisTransform
Transforming netty-transport-4.1.93.Final.jar (io.netty:netty-transport:4.1.93.Final) with MergeInstrumentationAnalysisTransform
Transforming netty-buffer-4.1.93.Final.jar (io.netty:netty-buffer:4.1.93.Final) with InstrumentationAnalysisTransform
Transforming netty-buffer-4.1.93.Final.jar (io.netty:netty-buffer:4.1.93.Final) with MergeInstrumentationAnalysisTransform
Transforming netty-resolver-4.1.93.Final.jar (io.netty:netty-resolver:4.1.93.Final) with InstrumentationAnalysisTransform
Transforming netty-resolver-4.1.93.Final.jar (io.netty:netty-resolver:4.1.93.Final) with MergeInstrumentationAnalysisTransform
Transforming netty-common-4.1.93.Final.jar (io.netty:netty-common:4.1.93.Final) with InstrumentationAnalysisTransform
Transforming netty-common-4.1.93.Final.jar (io.netty:netty-common:4.1.93.Final) with MergeInstrumentationAnalysisTransform
Transforming builder-8.7.3.jar (com.android.tools.build:builder:8.7.3) with ExternalDependencyInstrumentingArtifactTransform
Transforming manifest-merger-31.7.3.jar (com.android.tools.build:manifest-merger:31.7.3) with ExternalDependencyInstrumentingArtifactTransform
Transforming sdk-common-31.7.3.jar (com.android.tools:sdk-common:31.7.3) with ExternalDependencyInstrumentingArtifactTransform
Transforming sdklib-31.7.3.jar (com.android.tools:sdklib:31.7.3) with ExternalDependencyInstrumentingArtifactTransform
Transforming repository-31.7.3.jar (com.android.tools:repository:31.7.3) with ExternalDependencyInstrumentingArtifactTransform
Transforming aaptcompiler-8.7.3.jar (com.android.tools.build:aaptcompiler:8.7.3) with ExternalDependencyInstrumentingArtifactTransform
Transforming android-test-plugin-host-emulator-control-proto-31.7.3.jar (com.android.tools.utp:android-test-plugin-host-emulator-control-proto:31.7.3) with ExternalDependencyInstrumentingArtifactTransform
Transforming shared-31.7.3.jar (com.android.tools.analytics-library:shared:31.7.3) with ExternalDependencyInstrumentingArtifactTransform
Transforming tracker-31.7.3.jar (com.android.tools.analytics-library:tracker:31.7.3) with ExternalDependencyInstrumentingArtifactTransform
Transforming databinding-compiler-common-8.7.3.jar (androidx.databinding:databinding-compiler-common:8.7.3) with ExternalDependencyInstrumentingArtifactTransform
Transforming android-test-plugin-host-retention-proto-31.7.3.jar (com.android.tools.utp:android-test-plugin-host-retention-proto:31.7.3) with ExternalDependencyInstrumentingArtifactTransform
Transforming builder-model-8.7.3.jar (com.android.tools.build:builder-model:8.7.3) with ExternalDependencyInstrumentingArtifactTransform
Transforming gradle-api-8.7.3.jar (com.android.tools.build:gradle-api:8.7.3) with ExternalDependencyInstrumentingArtifactTransform
Transforming builder-test-api-8.7.3.jar (com.android.tools.build:builder-test-api:8.7.3) with ExternalDependencyInstrumentingArtifactTransform
Transforming ddmlib-31.7.3.jar (com.android.tools.ddms:ddmlib:31.7.3) with ExternalDependencyInstrumentingArtifactTransform
Transforming layoutlib-api-31.7.3.jar (com.android.tools.layoutlib:layoutlib-api:31.7.3) with ExternalDependencyInstrumentingArtifactTransform
Transforming dvlib-31.7.3.jar (com.android.tools:dvlib:31.7.3) with ExternalDependencyInstrumentingArtifactTransform
Transforming common-31.7.3.jar (com.android.tools:common:31.7.3) with ExternalDependencyInstrumentingArtifactTransform
Transforming kotlin-stdlib-jdk8-1.9.20.jar (org.jetbrains.kotlin:kotlin-stdlib-jdk8:1.9.20) with ExternalDependencyInstrumentingArtifactTransform
Transforming jetifier-processor-1.0.0-beta10.jar (com.android.tools.build.jetifier:jetifier-processor:1.0.0-beta10) with ExternalDependencyInstrumentingArtifactTransform
Transforming jetifier-core-1.0.0-beta10.jar (com.android.tools.build.jetifier:jetifier-core:1.0.0-beta10) with ExternalDependencyInstrumentingArtifactTransform
Transforming symbol-processing-api-2.0.21-1.0.28.jar (com.google.devtools.ksp:symbol-processing-api:2.0.21-1.0.28) with ExternalDependencyInstrumentingArtifactTransform
Transforming symbol-processing-gradle-plugin-2.0.21-1.0.28.jar (com.google.devtools.ksp:symbol-processing-gradle-plugin:2.0.21-1.0.28) with ExternalDependencyInstrumentingArtifactTransform
Transforming symbol-processing-common-deps-2.0.21-1.0.28.jar (com.google.devtools.ksp:symbol-processing-common-deps:2.0.21-1.0.28) with ExternalDependencyInstrumentingArtifactTransform
Transforming kotlin-reflect-1.9.23.jar (org.jetbrains.kotlin:kotlin-reflect:1.9.23) with ExternalDependencyInstrumentingArtifactTransform
Transforming kotlin-stdlib-jdk7-1.9.20.jar (org.jetbrains.kotlin:kotlin-stdlib-jdk7:1.9.20) with ExternalDependencyInstrumentingArtifactTransform
Transforming kotlin-stdlib-1.9.23.jar (org.jetbrains.kotlin:kotlin-stdlib:1.9.23) with ExternalDependencyInstrumentingArtifactTransform
Transforming kotlin-gradle-plugin-model-2.0.21.jar (org.jetbrains.kotlin:kotlin-gradle-plugin-model:2.0.21) with ExternalDependencyInstrumentingArtifactTransform
Transforming annotations-13.0.jar (org.jetbrains:annotations:13.0) with ExternalDependencyInstrumentingArtifactTransform
Transforming kotlin-gradle-plugin-api-2.0.21.jar (org.jetbrains.kotlin:kotlin-gradle-plugin-api:2.0.21) with ExternalDependencyInstrumentingArtifactTransform
Transforming kotlin-gradle-plugin-api-2.0.21-gradle85.jar (org.jetbrains.kotlin:kotlin-gradle-plugin-api:2.0.21) with ExternalDependencyInstrumentingArtifactTransform
Transforming compose-compiler-gradle-plugin-2.0.21-gradle85.jar (org.jetbrains.kotlin:compose-compiler-gradle-plugin:2.0.21) with ExternalDependencyInstrumentingArtifactTransform
Transforming kotlin-gradle-plugin-2.0.21-gradle85.jar (org.jetbrains.kotlin:kotlin-gradle-plugin:2.0.21) with ExternalDependencyInstrumentingArtifactTransform
Transforming aapt2-proto-8.7.3-12006047.jar (com.android.tools.build:aapt2-proto:8.7.3-12006047) with ExternalDependencyInstrumentingArtifactTransform
Transforming crash-31.7.3.jar (com.android.tools.analytics-library:crash:31.7.3) with ExternalDependencyInstrumentingArtifactTransform
Transforming bundletool-1.17.1.jar (com.android.tools.build:bundletool:1.17.1) with ExternalDependencyInstrumentingArtifactTransform
Transforming databinding-common-8.7.3.jar (androidx.databinding:databinding-common:8.7.3) with ExternalDependencyInstrumentingArtifactTransform
Transforming baseLibrary-8.7.3.jar (com.android.databinding:baseLibrary:8.7.3) with ExternalDependencyInstrumentingArtifactTransform
Transforming lint-typedef-remover-31.7.3.jar (com.android.tools.lint:lint-typedef-remover:31.7.3) with ExternalDependencyInstrumentingArtifactTransform
Transforming android-device-provider-profile-proto-31.7.3.jar (com.android.tools.utp:android-device-provider-profile-proto:31.7.3) with ExternalDependencyInstrumentingArtifactTransform
Transforming android-device-provider-gradle-proto-31.7.3.jar (com.android.tools.utp:android-device-provider-gradle-proto:31.7.3) with ExternalDependencyInstrumentingArtifactTransform
Transforming android-device-provider-ddmlib-proto-31.7.3.jar (com.android.tools.utp:android-device-provider-ddmlib-proto:31.7.3) with ExternalDependencyInstrumentingArtifactTransform
Transforming android-test-plugin-host-coverage-proto-31.7.3.jar (com.android.tools.utp:android-test-plugin-host-coverage-proto:31.7.3) with ExternalDependencyInstrumentingArtifactTransform
Transforming android-test-plugin-host-additional-test-output-proto-31.7.3.jar (com.android.tools.utp:android-test-plugin-host-additional-test-output-proto:31.7.3) with ExternalDependencyInstrumentingArtifactTransform
Transforming android-test-plugin-host-apk-installer-proto-31.7.3.jar (com.android.tools.utp:android-test-plugin-host-apk-installer-proto:31.7.3) with ExternalDependencyInstrumentingArtifactTransform
Transforming android-test-plugin-host-logcat-proto-31.7.3.jar (com.android.tools.utp:android-test-plugin-host-logcat-proto:31.7.3) with ExternalDependencyInstrumentingArtifactTransform
Transforming transform-api-2.0.0-deprecated-use-gradle-api.jar (com.android.tools.build:transform-api:2.0.0-deprecated-use-gradle-api) with ExternalDependencyInstrumentingArtifactTransform
Transforming android-test-plugin-result-listener-gradle-proto-31.7.3.jar (com.android.tools.utp:android-test-plugin-result-listener-gradle-proto:31.7.3) with ExternalDependencyInstrumentingArtifactTransform
Transforming httpmime-4.5.6.jar (org.apache.httpcomponents:httpmime:4.5.6) with ExternalDependencyInstrumentingArtifactTransform
Transforming commons-io-2.13.0.jar (commons-io:commons-io:2.13.0) with ExternalDependencyInstrumentingArtifactTransform
Transforming asm-commons-9.6.jar (org.ow2.asm:asm-commons:9.6) with ExternalDependencyInstrumentingArtifactTransform
Transforming asm-util-9.6.jar (org.ow2.asm:asm-util:9.6) with ExternalDependencyInstrumentingArtifactTransform
Transforming asm-analysis-9.6.jar (org.ow2.asm:asm-analysis:9.6) with ExternalDependencyInstrumentingArtifactTransform
Transforming asm-tree-9.6.jar (org.ow2.asm:asm-tree:9.6) with ExternalDependencyInstrumentingArtifactTransform
Transforming asm-9.6.jar (org.ow2.asm:asm:9.6) with ExternalDependencyInstrumentingArtifactTransform
Transforming apkzlib-8.7.3.jar (com.android.tools.build:apkzlib:8.7.3) with ExternalDependencyInstrumentingArtifactTransform
Transforming bcpkix-jdk18on-1.77.jar (org.bouncycastle:bcpkix-jdk18on:1.77) with ExternalDependencyInstrumentingArtifactTransform
Transforming jaxb-runtime-2.3.2.jar (org.glassfish.jaxb:jaxb-runtime:2.3.2) with ExternalDependencyInstrumentingArtifactTransform
Transforming jopt-simple-4.9.jar (net.sf.jopt-simple:jopt-simple:4.9) with ExternalDependencyInstrumentingArtifactTransform
Transforming javapoet-1.13.0.jar (com.squareup:javapoet:1.13.0) with ExternalDependencyInstrumentingArtifactTransform
Transforming protobuf-java-util-3.22.3.jar (com.google.protobuf:protobuf-java-util:3.22.3) with ExternalDependencyInstrumentingArtifactTransform
Transforming grpc-protobuf-1.57.0.jar (io.grpc:grpc-protobuf:1.57.0) with ExternalDependencyInstrumentingArtifactTransform
Transforming protos-31.7.3.jar (com.android.tools.analytics-library:protos:31.7.3) with ExternalDependencyInstrumentingArtifactTransform
Transforming tink-1.7.0.jar (com.google.crypto.tink:tink:1.7.0) with ExternalDependencyInstrumentingArtifactTransform
Transforming proto-google-common-protos-2.17.0.jar (com.google.api.grpc:proto-google-common-protos:2.17.0) with ExternalDependencyInstrumentingArtifactTransform
Transforming grpc-netty-1.57.0.jar (io.grpc:grpc-netty:1.57.0) with ExternalDependencyInstrumentingArtifactTransform
Transforming grpc-core-1.57.0.jar (io.grpc:grpc-core:1.57.0) with ExternalDependencyInstrumentingArtifactTransform
Transforming kotlin-build-statistics-2.0.21.jar (org.jetbrains.kotlin:kotlin-build-statistics:2.0.21) with ExternalDependencyInstrumentingArtifactTransform
Transforming gson-2.10.1.jar (com.google.code.gson:gson:2.10.1) with ExternalDependencyInstrumentingArtifactTransform
Transforming protobuf-java-3.22.3.jar (com.google.protobuf:protobuf-java:3.22.3) with ExternalDependencyInstrumentingArtifactTransform
Transforming grpc-stub-1.57.0.jar (io.grpc:grpc-stub:1.57.0) with ExternalDependencyInstrumentingArtifactTransform
Transforming core-proto-0.0.9-alpha02.jar (com.google.testing.platform:core-proto:0.0.9-alpha02) with ExternalDependencyInstrumentingArtifactTransform
Transforming tensorflow-lite-metadata-0.1.0-rc2.jar (org.tensorflow:tensorflow-lite-metadata:0.1.0-rc2) with ExternalDependencyInstrumentingArtifactTransform
Transforming flatbuffers-java-1.12.0.jar (com.google.flatbuffers:flatbuffers-java:1.12.0) with ExternalDependencyInstrumentingArtifactTransform
Transforming kotlin-gradle-plugin-idea-proto-2.0.21.jar (org.jetbrains.kotlin:kotlin-gradle-plugin-idea-proto:2.0.21) with ExternalDependencyInstrumentingArtifactTransform
Transforming kotlin-gradle-plugin-idea-2.0.21.jar (org.jetbrains.kotlin:kotlin-gradle-plugin-idea:2.0.21) with ExternalDependencyInstrumentingArtifactTransform
Transforming kotlin-klib-commonizer-api-2.0.21.jar (org.jetbrains.kotlin:kotlin-klib-commonizer-api:2.0.21) with ExternalDependencyInstrumentingArtifactTransform
Transforming kotlin-build-tools-api-2.0.21.jar (org.jetbrains.kotlin:kotlin-build-tools-api:2.0.21) with ExternalDependencyInstrumentingArtifactTransform
Transforming kotlin-compiler-runner-2.0.21.jar (org.jetbrains.kotlin:kotlin-compiler-runner:2.0.21) with ExternalDependencyInstrumentingArtifactTransform
Transforming kotlin-util-klib-2.0.21.jar (org.jetbrains.kotlin:kotlin-util-klib:2.0.21) with ExternalDependencyInstrumentingArtifactTransform
Transforming kotlin-native-utils-2.0.21.jar (org.jetbrains.kotlin:kotlin-native-utils:2.0.21) with ExternalDependencyInstrumentingArtifactTransform
Transforming kotlin-compiler-embeddable-2.0.21.jar (org.jetbrains.kotlin:kotlin-compiler-embeddable:2.0.21) with ExternalDependencyInstrumentingArtifactTransform
Transforming jimfs-1.1.jar (com.google.jimfs:jimfs:1.1) with ExternalDependencyInstrumentingArtifactTransform
Transforming grpc-context-1.57.0.jar (io.grpc:grpc-context:1.57.0) with ExternalDependencyInstrumentingArtifactTransform
Transforming grpc-protobuf-lite-1.57.0.jar (io.grpc:grpc-protobuf-lite:1.57.0) with ExternalDependencyInstrumentingArtifactTransform
Transforming grpc-api-1.57.0.jar (io.grpc:grpc-api:1.57.0) with ExternalDependencyInstrumentingArtifactTransform
Transforming guava-32.0.1-jre.jar (com.google.guava:guava:32.0.1-jre) with ExternalDependencyInstrumentingArtifactTransform
Transforming dagger-2.28.3.jar (com.google.dagger:dagger:2.28.3) with ExternalDependencyInstrumentingArtifactTransform
Transforming javax.inject-1.jar (javax.inject:javax.inject:1) with ExternalDependencyInstrumentingArtifactTransform
Transforming kxml2-2.3.0.jar (net.sf.kxml:kxml2:2.3.0) with ExternalDependencyInstrumentingArtifactTransform
Transforming bcprov-jdk18on-1.77.jar (org.bouncycastle:bcprov-jdk18on:1.77) with ExternalDependencyInstrumentingArtifactTransform
Transforming bcutil-jdk18on-1.77.jar (org.bouncycastle:bcutil-jdk18on:1.77) with ExternalDependencyInstrumentingArtifactTransform
Transforming trove4j-1.0.20200330.jar (org.jetbrains.intellij.deps:trove4j:1.0.20200330) with ExternalDependencyInstrumentingArtifactTransform
Transforming commons-compress-1.21.jar (org.apache.commons:commons-compress:1.21) with ExternalDependencyInstrumentingArtifactTransform
Transforming httpclient-4.5.14.jar (org.apache.httpcomponents:httpclient:4.5.14) with ExternalDependencyInstrumentingArtifactTransform
Transforming httpcore-4.4.16.jar (org.apache.httpcomponents:httpcore:4.4.16) with ExternalDependencyInstrumentingArtifactTransform
Transforming javax.activation-1.2.0.jar (com.sun.activation:javax.activation:1.2.0) with ExternalDependencyInstrumentingArtifactTransform
Transforming signflinger-8.7.3.jar (com.android:signflinger:8.7.3) with ExternalDependencyInstrumentingArtifactTransform
Transforming zipflinger-8.7.3.jar (com.android:zipflinger:8.7.3) with ExternalDependencyInstrumentingArtifactTransform
Transforming jna-platform-5.6.0.jar (net.java.dev.jna:jna-platform:5.6.0) with ExternalDependencyInstrumentingArtifactTransform
Transforming annotations-31.7.3.jar (com.android.tools:annotations:31.7.3) with ExternalDependencyInstrumentingArtifactTransform
Transforming javax.annotation-api-1.3.2.jar (javax.annotation:javax.annotation-api:1.3.2) with ExternalDependencyInstrumentingArtifactTransform
Transforming juniversalchardet-1.0.3.jar (com.googlecode.juniversalchardet:juniversalchardet:1.0.3) with ExternalDependencyInstrumentingArtifactTransform
Transforming jakarta.xml.bind-api-2.3.2.jar (jakarta.xml.bind:jakarta.xml.bind-api:2.3.2) with ExternalDependencyInstrumentingArtifactTransform
Transforming stax-ex-1.8.1.jar (org.jvnet.staxex:stax-ex:1.8.1) with ExternalDependencyInstrumentingArtifactTransform
Transforming txw2-2.3.2.jar (org.glassfish.jaxb:txw2:2.3.2) with ExternalDependencyInstrumentingArtifactTransform
Transforming FastInfoset-1.2.16.jar (com.sun.xml.fastinfoset:FastInfoset:1.2.16) with ExternalDependencyInstrumentingArtifactTransform
Transforming istack-commons-runtime-3.0.8.jar (com.sun.istack:istack-commons-runtime:3.0.8) with ExternalDependencyInstrumentingArtifactTransform
Transforming jakarta.activation-api-1.2.1.jar (jakarta.activation:jakarta.activation-api:1.2.1) with ExternalDependencyInstrumentingArtifactTransform
Transforming auto-value-annotations-1.6.2.jar (com.google.auto.value:auto-value-annotations:1.6.2) with ExternalDependencyInstrumentingArtifactTransform
Transforming error_prone_annotations-2.18.0.jar (com.google.errorprone:error_prone_annotations:2.18.0) with ExternalDependencyInstrumentingArtifactTransform
Transforming jose4j-0.9.5.jar (org.bitbucket.b_c:jose4j:0.9.5) with ExternalDependencyInstrumentingArtifactTransform
Transforming slf4j-api-1.7.30.jar (org.slf4j:slf4j-api:1.7.30) with ExternalDependencyInstrumentingArtifactTransform
Transforming j2objc-annotations-2.8.jar (com.google.j2objc:j2objc-annotations:2.8) with ExternalDependencyInstrumentingArtifactTransform
Transforming jsr305-3.0.2.jar (com.google.code.findbugs:jsr305:3.0.2) with ExternalDependencyInstrumentingArtifactTransform
Transforming annotations-4.1.1.4.jar (com.google.android:annotations:4.1.1.4) with ExternalDependencyInstrumentingArtifactTransform
Transforming jdom2-2.0.6.jar (org.jdom:jdom2:2.0.6) with ExternalDependencyInstrumentingArtifactTransform
Transforming animal-sniffer-annotations-1.23.jar (org.codehaus.mojo:animal-sniffer-annotations:1.23) with ExternalDependencyInstrumentingArtifactTransform
Transforming netty-codec-http2-4.1.93.Final.jar (io.netty:netty-codec-http2:4.1.93.Final) with ExternalDependencyInstrumentingArtifactTransform
Transforming perfmark-api-0.26.0.jar (io.perfmark:perfmark-api:0.26.0) with ExternalDependencyInstrumentingArtifactTransform
Transforming netty-handler-proxy-4.1.93.Final.jar (io.netty:netty-handler-proxy:4.1.93.Final) with ExternalDependencyInstrumentingArtifactTransform
Transforming netty-codec-http-4.1.93.Final.jar (io.netty:netty-codec-http:4.1.93.Final) with ExternalDependencyInstrumentingArtifactTransform
Transforming netty-transport-native-unix-common-4.1.93.Final.jar (io.netty:netty-transport-native-unix-common:4.1.93.Final) with ExternalDependencyInstrumentingArtifactTransform
Transforming netty-handler-4.1.93.Final.jar (io.netty:netty-handler:4.1.93.Final) with ExternalDependencyInstrumentingArtifactTransform
Transforming checker-qual-3.33.0.jar (org.checkerframework:checker-qual:3.33.0) with ExternalDependencyInstrumentingArtifactTransform
Transforming commons-codec-1.11.jar (commons-codec:commons-codec:1.11) with ExternalDependencyInstrumentingArtifactTransform
Transforming apksig-8.7.3.jar (com.android.tools.build:apksig:8.7.3) with ExternalDependencyInstrumentingArtifactTransform
Transforming kotlin-gradle-plugin-annotations-2.0.21.jar (org.jetbrains.kotlin:kotlin-gradle-plugin-annotations:2.0.21) with ExternalDependencyInstrumentingArtifactTransform
Transforming javawriter-2.5.0.jar (com.squareup:javawriter:2.5.0) with ExternalDependencyInstrumentingArtifactTransform
Transforming kotlin-tooling-core-2.0.21.jar (org.jetbrains.kotlin:kotlin-tooling-core:2.0.21) with ExternalDependencyInstrumentingArtifactTransform
Transforming kotlin-daemon-client-2.0.21.jar (org.jetbrains.kotlin:kotlin-daemon-client:2.0.21) with ExternalDependencyInstrumentingArtifactTransform
Transforming kotlinx-coroutines-core-jvm-1.6.4.jar (org.jetbrains.kotlinx:kotlinx-coroutines-core-jvm:1.6.4) with ExternalDependencyInstrumentingArtifactTransform
Transforming kotlin-util-io-2.0.21.jar (org.jetbrains.kotlin:kotlin-util-io:2.0.21) with ExternalDependencyInstrumentingArtifactTransform
Transforming failureaccess-1.0.1.jar (com.google.guava:failureaccess:1.0.1) with ExternalDependencyInstrumentingArtifactTransform
Transforming kotlin-daemon-embeddable-2.0.21.jar (org.jetbrains.kotlin:kotlin-daemon-embeddable:2.0.21) with ExternalDependencyInstrumentingArtifactTransform
Transforming listenablefuture-9999.0-empty-to-avoid-conflict-with-guava.jar (com.google.guava:listenablefuture:9999.0-empty-to-avoid-conflict-with-guava) with ExternalDependencyInstrumentingArtifactTransform
Transforming commons-logging-1.2.jar (commons-logging:commons-logging:1.2) with ExternalDependencyInstrumentingArtifactTransform
Transforming jna-5.6.0.jar (net.java.dev.jna:jna:5.6.0) with ExternalDependencyInstrumentingArtifactTransform
Transforming netty-codec-socks-4.1.93.Final.jar (io.netty:netty-codec-socks:4.1.93.Final) with ExternalDependencyInstrumentingArtifactTransform
Transforming netty-codec-4.1.93.Final.jar (io.netty:netty-codec:4.1.93.Final) with ExternalDependencyInstrumentingArtifactTransform
Transforming netty-transport-4.1.93.Final.jar (io.netty:netty-transport:4.1.93.Final) with ExternalDependencyInstrumentingArtifactTransform
Transforming netty-buffer-4.1.93.Final.jar (io.netty:netty-buffer:4.1.93.Final) with ExternalDependencyInstrumentingArtifactTransform
Transforming netty-resolver-4.1.93.Final.jar (io.netty:netty-resolver:4.1.93.Final) with ExternalDependencyInstrumentingArtifactTransform
Transforming netty-common-4.1.93.Final.jar (io.netty:netty-common:4.1.93.Final) with ExternalDependencyInstrumentingArtifactTransform

> Configure project :app
Evaluating project ':app' using build file '/home/runner/work/SiteManager/SiteManager/app/build.gradle.kts'.
Using default execution profile
Using Kotlin Gradle Plugin gradle85 variant
Detected Android Gradle Plugin compose compiler configuration
Detected Android Gradle Plugin compose compiler configuration
Detected Android Gradle Plugin compose compiler configuration
Detected Android Gradle Plugin compose compiler configuration
Detected Android Gradle Plugin compose compiler configuration
All projects evaluated.
Task name matched 'assembleDebug'
Selected primary task 'assembleDebug' from project :
Tasks to be executed: [task ':app:preBuild', task ':app:preDebugBuild', task ':app:mergeDebugNativeDebugMetadata', task ':app:checkKotlinGradlePluginConfigurationErrors', task ':app:checkDebugAarMetadata', task ':app:generateDebugResValues', task ':app:mapDebugSourceSetPaths', task ':app:generateDebugResources', task ':app:mergeDebugResources', task ':app:packageDebugResources', task ':app:parseDebugLocalResources', task ':app:createDebugCompatibleScreenManifests', task ':app:extractDeepLinksDebug', task ':app:processDebugMainManifest', task ':app:processDebugManifest', task ':app:processDebugManifestForPackage', task ':app:processDebugResources', task ':app:kspDebugKotlin', task ':app:compileDebugKotlin', task ':app:javaPreCompileDebug', task ':app:compileDebugJavaWithJavac', task ':app:mergeDebugShaders', task ':app:compileDebugShaders', task ':app:generateDebugAssets', task ':app:mergeDebugAssets', task ':app:compressDebugAssets', task ':app:desugarDebugFileDependencies', task ':app:hiltAggregateDepsDebug', task ':app:hiltJavaCompileDebug', task ':app:transformDebugClassesWithAsm', task ':app:dexBuilderDebug', task ':app:mergeDebugGlobalSynthetics', task ':app:processDebugJavaRes', task ':app:mergeDebugJavaResource', task ':app:checkDebugDuplicateClasses', task ':app:mergeExtDexDebug', task ':app:mergeLibDexDebug', task ':app:mergeProjectDexDebug', task ':app:mergeDebugJniLibFolders', task ':app:mergeDebugNativeLibs', task ':app:stripDebugDebugSymbols', task ':app:validateSigningDebug', task ':app:writeDebugAppMetadata', task ':app:writeDebugSigningConfigVersions', task ':app:packageDebug', task ':app:createDebugApkListingFileRedirect', task ':app:assembleDebug']
Tasks that were excluded: []
Resolve mutations for :app:preBuild (Thread[Execution worker Thread 3,5,main]) started.
:app:preBuild (Thread[Execution worker Thread 3,5,main]) started.

> Task :app:preBuild UP-TO-DATE
Skipping task ':app:preBuild' as it has no actions.
Resolve mutations for :app:preDebugBuild (Thread[Execution worker Thread 3,5,main]) started.
:app:preDebugBuild (Thread[Execution worker Thread 3,5,main]) started.

> Task :app:preDebugBuild UP-TO-DATE
Skipping task ':app:preDebugBuild' as it has no actions.
Resolve mutations for :app:mergeDebugNativeDebugMetadata (Thread[Execution worker Thread 3,5,main]) started.
:app:mergeDebugNativeDebugMetadata (Thread[included builds,5,main]) started.

> Task :app:mergeDebugNativeDebugMetadata NO-SOURCE
Skipping task ':app:mergeDebugNativeDebugMetadata' as it has no source files and no previous output files.
Resolve mutations for :app:checkKotlinGradlePluginConfigurationErrors (Thread[included builds,5,main]) started.
:app:checkKotlinGradlePluginConfigurationErrors (Thread[included builds,5,main]) started.

> Task :app:checkKotlinGradlePluginConfigurationErrors SKIPPED
Skipping task ':app:checkKotlinGradlePluginConfigurationErrors' as task onlyIf 'errorDiagnostics are present' is false.
Resolve mutations for :app:checkDebugAarMetadata (Thread[included builds,5,main]) started.
:app:checkDebugAarMetadata (Thread[included builds,5,main]) started.

> Task :app:checkDebugAarMetadata
Resource missing. [HTTP GET: https://repo.maven.apache.org/maven2/androidx/compose/compose-bom/2024.10.01/compose-bom-2024.10.01.pom]
Downloading https://maven.google.com/androidx/compose/compose-bom/2024.10.01/compose-bom-2024.10.01.pom to /home/runner/.gradle/.tmp/gradle_download4799191845552479113bin
Resource missing. [HTTP GET: https://repo.maven.apache.org/maven2/androidx/core/core-ktx/1.13.1/core-ktx-1.13.1.pom]
Downloading https://repo.maven.apache.org/maven2/org/jetbrains/kotlin/kotlin-stdlib/2.0.21/kotlin-stdlib-2.0.21.pom to /home/runner/.gradle/.tmp/gradle_download2114437076995801443bin
Resource missing. [HTTP GET: https://repo.maven.apache.org/maven2/androidx/activity/activity-compose/1.9.3/activity-compose-1.9.3.pom]
Downloading https://maven.google.com/androidx/core/core-ktx/1.13.1/core-ktx-1.13.1.pom to /home/runner/.gradle/.tmp/gradle_download4995260335217070506bin
Downloading https://repo.maven.apache.org/maven2/org/jetbrains/kotlin/kotlin-stdlib/2.0.21/kotlin-stdlib-2.0.21.module to /home/runner/.gradle/.tmp/gradle_download13845642677317448676bin
Downloading https://maven.google.com/androidx/core/core-ktx/1.13.1/core-ktx-1.13.1.module to /home/runner/.gradle/.tmp/gradle_download8226498235131368533bin
Resource missing. [HTTP GET: https://repo.maven.apache.org/maven2/androidx/lifecycle/lifecycle-runtime-ktx/2.8.6/lifecycle-runtime-ktx-2.8.6.pom]
Downloading https://maven.google.com/androidx/activity/activity-compose/1.9.3/activity-compose-1.9.3.pom to /home/runner/.gradle/.tmp/gradle_download12471105150386338553bin
Resource missing. [HTTP GET: https://repo.maven.apache.org/maven2/androidx/lifecycle/lifecycle-runtime-compose/2.8.6/lifecycle-runtime-compose-2.8.6.pom]
Resource missing. [HTTP GET: https://repo.maven.apache.org/maven2/androidx/lifecycle/lifecycle-viewmodel-compose/2.8.6/lifecycle-viewmodel-compose-2.8.6.pom]
Downloading https://maven.google.com/androidx/activity/activity-compose/1.9.3/activity-compose-1.9.3.module to /home/runner/.gradle/.tmp/gradle_download13633804872764389173bin
Downloading https://maven.google.com/androidx/lifecycle/lifecycle-runtime-compose/2.8.6/lifecycle-runtime-compose-2.8.6.pom to /home/runner/.gradle/.tmp/gradle_download16839758682374044798bin
Downloading https://maven.google.com/androidx/lifecycle/lifecycle-runtime-ktx/2.8.6/lifecycle-runtime-ktx-2.8.6.pom to /home/runner/.gradle/.tmp/gradle_download9086339021790006301bin
Downloading https://maven.google.com/androidx/lifecycle/lifecycle-viewmodel-compose/2.8.6/lifecycle-viewmodel-compose-2.8.6.pom to /home/runner/.gradle/.tmp/gradle_download13544192660299957889bin
Downloading https://maven.google.com/androidx/lifecycle/lifecycle-viewmodel-compose/2.8.6/lifecycle-viewmodel-compose-2.8.6.module to /home/runner/.gradle/.tmp/gradle_download8553409935122023048bin
Downloading https://maven.google.com/androidx/lifecycle/lifecycle-runtime-compose/2.8.6/lifecycle-runtime-compose-2.8.6.module to /home/runner/.gradle/.tmp/gradle_download817726364142255762bin
Resource missing. [HTTP GET: https://repo.maven.apache.org/maven2/androidx/navigation/navigation-compose/2.8.3/navigation-compose-2.8.3.pom]
Downloading https://maven.google.com/androidx/lifecycle/lifecycle-runtime-ktx/2.8.6/lifecycle-runtime-ktx-2.8.6.module to /home/runner/.gradle/.tmp/gradle_download10495834567975749769bin
Downloading https://repo.maven.apache.org/maven2/com/google/dagger/hilt-android/2.52/hilt-android-2.52.pom to /home/runner/.gradle/.tmp/gradle_download11211086663716149910bin
Resource missing. [HTTP GET: https://repo.maven.apache.org/maven2/androidx/room/room-runtime/2.6.1/room-runtime-2.6.1.pom]
Resource missing. [HTTP GET: https://repo.maven.apache.org/maven2/androidx/hilt/hilt-navigation-compose/1.2.0/hilt-navigation-compose-1.2.0.pom]
Found locally available resource with matching checksum: [https://repo.maven.apache.org/maven2/org/sonatype/oss/oss-parent/7/oss-parent-7.pom, /home/runner/.gradle/caches/modules-2/files-2.1/org.sonatype.oss/oss-parent/7/46b8a785b60a2767095b8611613b58577e96d4c9/oss-parent-7.pom]
Downloading https://maven.google.com/androidx/hilt/hilt-navigation-compose/1.2.0/hilt-navigation-compose-1.2.0.pom to /home/runner/.gradle/.tmp/gradle_download12562935833734233820bin
Resource missing. [HTTP GET: https://repo.maven.apache.org/maven2/androidx/room/room-ktx/2.6.1/room-ktx-2.6.1.pom]
Downloading https://maven.google.com/androidx/hilt/hilt-navigation-compose/1.2.0/hilt-navigation-compose-1.2.0.module to /home/runner/.gradle/.tmp/gradle_download15931249587926504873bin
Downloading https://maven.google.com/androidx/room/room-runtime/2.6.1/room-runtime-2.6.1.pom to /home/runner/.gradle/.tmp/gradle_download18117574389954306748bin
Downloading https://maven.google.com/androidx/room/room-ktx/2.6.1/room-ktx-2.6.1.pom to /home/runner/.gradle/.tmp/gradle_download10788028559361922369bin
Downloading https://repo.maven.apache.org/maven2/com/squareup/okhttp3/okhttp/4.12.0/okhttp-4.12.0.pom to /home/runner/.gradle/.tmp/gradle_download3008118950221926634bin
Downloading https://maven.google.com/androidx/navigation/navigation-compose/2.8.3/navigation-compose-2.8.3.pom to /home/runner/.gradle/.tmp/gradle_download30024656033815822bin
Downloading https://repo.maven.apache.org/maven2/com/squareup/okhttp3/okhttp/4.12.0/okhttp-4.12.0.module to /home/runner/.gradle/.tmp/gradle_download9788157414121377862bin
Downloading https://maven.google.com/androidx/room/room-ktx/2.6.1/room-ktx-2.6.1.module to /home/runner/.gradle/.tmp/gradle_download16409224215994862250bin
Downloading https://repo.maven.apache.org/maven2/org/jsoup/jsoup/1.18.1/jsoup-1.18.1.pom to /home/runner/.gradle/.tmp/gradle_download3567050437572729052bin
Downloading https://repo.maven.apache.org/maven2/com/google/code/gson/gson/2.11.0/gson-2.11.0.pom to /home/runner/.gradle/.tmp/gradle_download1713349350071373739bin
Downloading https://maven.google.com/androidx/room/room-runtime/2.6.1/room-runtime-2.6.1.module to /home/runner/.gradle/.tmp/gradle_download5912133281447601029bin
Downloading https://repo.maven.apache.org/maven2/org/jetbrains/kotlinx/kotlinx-coroutines-android/1.8.1/kotlinx-coroutines-android-1.8.1.pom to /home/runner/.gradle/.tmp/gradle_download1683625907701571715bin
Downloading https://repo.maven.apache.org/maven2/com/google/code/gson/gson-parent/2.11.0/gson-parent-2.11.0.pom to /home/runner/.gradle/.tmp/gradle_download8492727451500420983bin
Downloading https://repo.maven.apache.org/maven2/org/jetbrains/kotlinx/kotlinx-coroutines-bom/1.8.1/kotlinx-coroutines-bom-1.8.1.pom to /home/runner/.gradle/.tmp/gradle_download7628989751165637579bin
Downloading https://maven.google.com/androidx/navigation/navigation-compose/2.8.3/navigation-compose-2.8.3.module to /home/runner/.gradle/.tmp/gradle_download17687200339690523608bin
Downloading https://repo.maven.apache.org/maven2/org/jetbrains/kotlinx/kotlinx-coroutines-android/1.8.1/kotlinx-coroutines-android-1.8.1.module to /home/runner/.gradle/.tmp/gradle_download13619972567713847934bin
Resource missing. [HTTP GET: https://repo.maven.apache.org/maven2/androidx/compose/material/material-icons-extended/1.7.5/material-icons-extended-1.7.5.pom]
Downloading https://maven.google.com/androidx/compose/material/material-icons-extended/1.7.5/material-icons-extended-1.7.5.pom to /home/runner/.gradle/.tmp/gradle_download12789171367376612764bin
Downloading https://maven.google.com/androidx/compose/material/material-icons-extended/1.7.5/material-icons-extended-1.7.5.module to /home/runner/.gradle/.tmp/gradle_download9958938845456745690bin
Resource missing. [HTTP GET: https://repo.maven.apache.org/maven2/androidx/compose/material3/material3/1.3.1/material3-1.3.1.pom]
Downloading https://maven.google.com/androidx/compose/material3/material3/1.3.1/material3-1.3.1.pom to /home/runner/.gradle/.tmp/gradle_download9000941317423379001bin
Downloading https://maven.google.com/androidx/compose/material3/material3/1.3.1/material3-1.3.1.module to /home/runner/.gradle/.tmp/gradle_download232875870451116922bin
Resource missing. [HTTP GET: https://repo.maven.apache.org/maven2/androidx/compose/ui/ui/1.7.5/ui-1.7.5.pom]
Downloading https://maven.google.com/androidx/compose/ui/ui/1.7.5/ui-1.7.5.pom to /home/runner/.gradle/.tmp/gradle_download8259411045189281735bin
Downloading https://maven.google.com/androidx/compose/ui/ui/1.7.5/ui-1.7.5.module to /home/runner/.gradle/.tmp/gradle_download8412301366630862542bin
Resource missing. [HTTP GET: https://repo.maven.apache.org/maven2/androidx/compose/ui/ui-graphics/1.7.5/ui-graphics-1.7.5.pom]
Downloading https://maven.google.com/androidx/compose/ui/ui-graphics/1.7.5/ui-graphics-1.7.5.pom to /home/runner/.gradle/.tmp/gradle_download12391789389254299297bin
Downloading https://maven.google.com/androidx/compose/ui/ui-graphics/1.7.5/ui-graphics-1.7.5.module to /home/runner/.gradle/.tmp/gradle_download12278956490332128156bin
Resource missing. [HTTP GET: https://repo.maven.apache.org/maven2/androidx/compose/ui/ui-tooling/1.7.5/ui-tooling-1.7.5.pom]
Downloading https://maven.google.com/androidx/compose/ui/ui-tooling/1.7.5/ui-tooling-1.7.5.pom to /home/runner/.gradle/.tmp/gradle_download15385892778931120460bin
Downloading https://maven.google.com/androidx/compose/ui/ui-tooling/1.7.5/ui-tooling-1.7.5.module to /home/runner/.gradle/.tmp/gradle_download11163328614936044634bin
Resource missing. [HTTP GET: https://repo.maven.apache.org/maven2/androidx/compose/ui/ui-tooling-preview/1.7.5/ui-tooling-preview-1.7.5.pom]
Downloading https://maven.google.com/androidx/compose/ui/ui-tooling-preview/1.7.5/ui-tooling-preview-1.7.5.pom to /home/runner/.gradle/.tmp/gradle_download6134687688834511322bin
Downloading https://maven.google.com/androidx/compose/ui/ui-tooling-preview/1.7.5/ui-tooling-preview-1.7.5.module to /home/runner/.gradle/.tmp/gradle_download13150060777864963802bin
Found locally available resource with matching checksum: [https://repo.maven.apache.org/maven2/org/jetbrains/annotations/13.0/annotations-13.0.pom, /home/runner/.gradle/caches/modules-2/files-2.1/org.jetbrains/annotations/13.0/fa7d3d07cc80547e2d15bf4839d3267c637c642f/annotations-13.0.pom]
Resource missing. [HTTP GET: https://repo.maven.apache.org/maven2/androidx/core/core/1.13.1/core-1.13.1.pom]
Resource missing. [HTTP GET: https://repo.maven.apache.org/maven2/androidx/annotation/annotation/1.1.0/annotation-1.1.0.pom]
Downloading https://maven.google.com/androidx/annotation/annotation/1.1.0/annotation-1.1.0.pom to /home/runner/.gradle/.tmp/gradle_download1867333743547010315bin
Downloading https://maven.google.com/androidx/core/core/1.13.1/core-1.13.1.pom to /home/runner/.gradle/.tmp/gradle_download3691122261959507417bin
Downloading https://maven.google.com/androidx/core/core/1.13.1/core-1.13.1.module to /home/runner/.gradle/.tmp/gradle_download10669948835985241845bin
Resource missing. [HTTP GET: https://repo.maven.apache.org/maven2/androidx/activity/activity-ktx/1.9.3/activity-ktx-1.9.3.pom]
Resource missing. [HTTP GET: https://repo.maven.apache.org/maven2/androidx/lifecycle/lifecycle-viewmodel/2.6.1/lifecycle-viewmodel-2.6.1.pom]
Downloading https://maven.google.com/androidx/lifecycle/lifecycle-viewmodel/2.6.1/lifecycle-viewmodel-2.6.1.pom to /home/runner/.gradle/.tmp/gradle_download4814916990076614982bin
Downloading https://maven.google.com/androidx/lifecycle/lifecycle-viewmodel/2.6.1/lifecycle-viewmodel-2.6.1.module to /home/runner/.gradle/.tmp/gradle_download4337040729039428125bin
Downloading https://maven.google.com/androidx/activity/activity-ktx/1.9.3/activity-ktx-1.9.3.pom to /home/runner/.gradle/.tmp/gradle_download3307286602833549909bin
Downloading https://maven.google.com/androidx/activity/activity-ktx/1.9.3/activity-ktx-1.9.3.module to /home/runner/.gradle/.tmp/gradle_download16381182663263295684bin
Resource missing. [HTTP GET: https://repo.maven.apache.org/maven2/androidx/compose/runtime/runtime-saveable/1.7.5/runtime-saveable-1.7.5.pom]
Downloading https://maven.google.com/androidx/compose/runtime/runtime-saveable/1.7.5/runtime-saveable-1.7.5.pom to /home/runner/.gradle/.tmp/gradle_download15498090437651286583bin
Resource missing. [HTTP GET: https://repo.maven.apache.org/maven2/androidx/compose/runtime/runtime/1.7.5/runtime-1.7.5.pom]
Downloading https://maven.google.com/androidx/compose/runtime/runtime-saveable/1.7.5/runtime-saveable-1.7.5.module to /home/runner/.gradle/.tmp/gradle_download17208252814779291856bin
Downloading https://maven.google.com/androidx/compose/runtime/runtime/1.7.5/runtime-1.7.5.pom to /home/runner/.gradle/.tmp/gradle_download16979888700686870846bin
Downloading https://maven.google.com/androidx/compose/runtime/runtime/1.7.5/runtime-1.7.5.module to /home/runner/.gradle/.tmp/gradle_download12202059835442239698bin
Resource missing. [HTTP GET: https://repo.maven.apache.org/maven2/androidx/lifecycle/lifecycle-runtime-ktx-android/2.8.6/lifecycle-runtime-ktx-android-2.8.6.pom]
Downloading https://maven.google.com/androidx/lifecycle/lifecycle-runtime-ktx-android/2.8.6/lifecycle-runtime-ktx-android-2.8.6.pom to /home/runner/.gradle/.tmp/gradle_download586899415052230948bin
Downloading https://maven.google.com/androidx/lifecycle/lifecycle-runtime-ktx-android/2.8.6/lifecycle-runtime-ktx-android-2.8.6.module to /home/runner/.gradle/.tmp/gradle_download16564734048061883265bin
Resource missing. [HTTP GET: https://repo.maven.apache.org/maven2/androidx/lifecycle/lifecycle-runtime-compose-android/2.8.6/lifecycle-runtime-compose-android-2.8.6.pom]
Downloading https://maven.google.com/androidx/lifecycle/lifecycle-runtime-compose-android/2.8.6/lifecycle-runtime-compose-android-2.8.6.pom to /home/runner/.gradle/.tmp/gradle_download11864344147323350721bin
Downloading https://maven.google.com/androidx/lifecycle/lifecycle-runtime-compose-android/2.8.6/lifecycle-runtime-compose-android-2.8.6.module to /home/runner/.gradle/.tmp/gradle_download14178011291879921547bin
Resource missing. [HTTP GET: https://repo.maven.apache.org/maven2/androidx/lifecycle/lifecycle-viewmodel-compose-android/2.8.6/lifecycle-viewmodel-compose-android-2.8.6.pom]
Downloading https://maven.google.com/androidx/lifecycle/lifecycle-viewmodel-compose-android/2.8.6/lifecycle-viewmodel-compose-android-2.8.6.pom to /home/runner/.gradle/.tmp/gradle_download14549772413515911476bin
Downloading https://maven.google.com/androidx/lifecycle/lifecycle-viewmodel-compose-android/2.8.6/lifecycle-viewmodel-compose-android-2.8.6.module to /home/runner/.gradle/.tmp/gradle_download15466361252183893827bin
Downloading https://repo.maven.apache.org/maven2/org/jetbrains/kotlinx/kotlinx-serialization-core/1.6.3/kotlinx-serialization-core-1.6.3.pom to /home/runner/.gradle/.tmp/gradle_download10858333625859874908bin
Downloading https://repo.maven.apache.org/maven2/org/jetbrains/kotlinx/kotlinx-serialization-bom/1.6.3/kotlinx-serialization-bom-1.6.3.pom to /home/runner/.gradle/.tmp/gradle_download17901868507587590555bin
Downloading https://repo.maven.apache.org/maven2/org/jetbrains/kotlinx/kotlinx-serialization-core/1.6.3/kotlinx-serialization-core-1.6.3.module to /home/runner/.gradle/.tmp/gradle_download11241466912487511196bin
Resource missing. [HTTP GET: https://repo.maven.apache.org/maven2/androidx/navigation/navigation-runtime-ktx/2.8.3/navigation-runtime-ktx-2.8.3.pom]
Downloading https://maven.google.com/androidx/navigation/navigation-runtime-ktx/2.8.3/navigation-runtime-ktx-2.8.3.pom to /home/runner/.gradle/.tmp/gradle_download9775995217638257540bin
Downloading https://maven.google.com/androidx/navigation/navigation-runtime-ktx/2.8.3/navigation-runtime-ktx-2.8.3.module to /home/runner/.gradle/.tmp/gradle_download16413241711680386586bin
Resource missing. [HTTP GET: https://repo.maven.apache.org/maven2/androidx/compose/foundation/foundation-layout/1.7.5/foundation-layout-1.7.5.pom]
Resource missing. [HTTP GET: https://repo.maven.apache.org/maven2/androidx/compose/animation/animation/1.7.5/animation-1.7.5.pom]
Downloading https://maven.google.com/androidx/compose/foundation/foundation-layout/1.7.5/foundation-layout-1.7.5.pom to /home/runner/.gradle/.tmp/gradle_download8829945720837540399bin
Downloading https://maven.google.com/androidx/compose/animation/animation/1.7.5/animation-1.7.5.pom to /home/runner/.gradle/.tmp/gradle_download15571105886223816408bin
Downloading https://maven.google.com/androidx/compose/foundation/foundation-layout/1.7.5/foundation-layout-1.7.5.module to /home/runner/.gradle/.tmp/gradle_download930382014165590823bin
Downloading https://maven.google.com/androidx/compose/animation/animation/1.7.5/animation-1.7.5.module to /home/runner/.gradle/.tmp/gradle_download5948575217062322011bin
Resource missing. [HTTP GET: https://repo.maven.apache.org/maven2/androidx/annotation/annotation/1.3.0/annotation-1.3.0.pom]
Downloading https://maven.google.com/androidx/annotation/annotation/1.3.0/annotation-1.3.0.pom to /home/runner/.gradle/.tmp/gradle_download8469540503811035388bin
Downloading https://maven.google.com/androidx/annotation/annotation/1.3.0/annotation-1.3.0.module to /home/runner/.gradle/.tmp/gradle_download743541819120713812bin
Downloading https://repo.maven.apache.org/maven2/com/google/dagger/hilt-core/2.52/hilt-core-2.52.pom to /home/runner/.gradle/.tmp/gradle_download2234206079089599038bin
Downloading https://repo.maven.apache.org/maven2/com/google/dagger/dagger-lint-aar/2.52/dagger-lint-aar-2.52.pom to /home/runner/.gradle/.tmp/gradle_download6740674554606118482bin
Found locally available resource with matching checksum: [https://repo.maven.apache.org/maven2/com/google/code/findbugs/jsr305/3.0.2/jsr305-3.0.2.pom, /home/runner/.gradle/caches/modules-2/files-2.1/com.google.code.findbugs/jsr305/3.0.2/8d93cdf4d84d7e1de736df607945c6df0730a10f/jsr305-3.0.2.pom]
Downloading https://repo.maven.apache.org/maven2/com/google/dagger/dagger/2.52/dagger-2.52.pom to /home/runner/.gradle/.tmp/gradle_download7354320984913520875bin
Resource missing. [HTTP GET: https://repo.maven.apache.org/maven2/androidx/annotation/annotation-experimental/1.3.1/annotation-experimental-1.3.1.pom]
Resource missing. [HTTP GET: https://repo.maven.apache.org/maven2/androidx/lifecycle/lifecycle-common/2.5.1/lifecycle-common-2.5.1.pom]
Resource missing. [HTTP GET: https://repo.maven.apache.org/maven2/androidx/lifecycle/lifecycle-viewmodel-savedstate/2.5.1/lifecycle-viewmodel-savedstate-2.5.1.pom]
Resource missing. [HTTP GET: https://repo.maven.apache.org/maven2/androidx/fragment/fragment/1.5.1/fragment-1.5.1.pom]
Downloading https://maven.google.com/androidx/annotation/annotation-experimental/1.3.1/annotation-experimental-1.3.1.pom to /home/runner/.gradle/.tmp/gradle_download6615753107150185583bin
Downloading https://maven.google.com/androidx/fragment/fragment/1.5.1/fragment-1.5.1.pom to /home/runner/.gradle/.tmp/gradle_download6336293368769250648bin
Downloading https://maven.google.com/androidx/lifecycle/lifecycle-viewmodel-savedstate/2.5.1/lifecycle-viewmodel-savedstate-2.5.1.pom to /home/runner/.gradle/.tmp/gradle_download5073059045772676375bin
Downloading https://maven.google.com/androidx/lifecycle/lifecycle-common/2.5.1/lifecycle-common-2.5.1.pom to /home/runner/.gradle/.tmp/gradle_download18094798139727169377bin
Downloading https://maven.google.com/androidx/annotation/annotation-experimental/1.3.1/annotation-experimental-1.3.1.module to /home/runner/.gradle/.tmp/gradle_download4909940947680321811bin
Downloading https://maven.google.com/androidx/fragment/fragment/1.5.1/fragment-1.5.1.module to /home/runner/.gradle/.tmp/gradle_download13234499646131426799bin
Resource missing. [HTTP GET: https://repo.maven.apache.org/maven2/androidx/savedstate/savedstate/1.2.0/savedstate-1.2.0.pom]
Downloading https://maven.google.com/androidx/lifecycle/lifecycle-common/2.5.1/lifecycle-common-2.5.1.module to /home/runner/.gradle/.tmp/gradle_download707173227774826433bin
Found locally available resource with matching checksum: [https://repo.maven.apache.org/maven2/javax/inject/javax.inject/1/javax.inject-1.pom, /home/runner/.gradle/caches/modules-2/files-2.1/javax.inject/javax.inject/1/b8e00a8a0deb0ebef447570e37ff8146ccd92cbe/javax.inject-1.pom]
Downloading https://maven.google.com/androidx/savedstate/savedstate/1.2.0/savedstate-1.2.0.pom to /home/runner/.gradle/.tmp/gradle_download5679950933552200923bin
Downloading https://maven.google.com/androidx/lifecycle/lifecycle-viewmodel-savedstate/2.5.1/lifecycle-viewmodel-savedstate-2.5.1.module to /home/runner/.gradle/.tmp/gradle_download9081255438932914799bin
Downloading https://maven.google.com/androidx/savedstate/savedstate/1.2.0/savedstate-1.2.0.module to /home/runner/.gradle/.tmp/gradle_download13549702398643921624bin
Resource missing. [HTTP GET: https://repo.maven.apache.org/maven2/androidx/hilt/hilt-navigation/1.2.0/hilt-navigation-1.2.0.pom]
Downloading https://maven.google.com/androidx/hilt/hilt-navigation/1.2.0/hilt-navigation-1.2.0.pom to /home/runner/.gradle/.tmp/gradle_download1252808458339114662bin
Downloading https://maven.google.com/androidx/hilt/hilt-navigation/1.2.0/hilt-navigation-1.2.0.module to /home/runner/.gradle/.tmp/gradle_download2868657687911100254bin
Resource missing. [HTTP GET: https://repo.maven.apache.org/maven2/androidx/room/room-common/2.6.1/room-common-2.6.1.pom]
Resource missing. [HTTP GET: https://repo.maven.apache.org/maven2/androidx/sqlite/sqlite/2.4.0/sqlite-2.4.0.pom]
Resource missing. [HTTP GET: https://repo.maven.apache.org/maven2/androidx/arch/core/core-runtime/2.2.0/core-runtime-2.2.0.pom]
Resource missing. [HTTP GET: https://repo.maven.apache.org/maven2/androidx/sqlite/sqlite-framework/2.4.0/sqlite-framework-2.4.0.pom]
Downloading https://maven.google.com/androidx/room/room-common/2.6.1/room-common-2.6.1.pom to /home/runner/.gradle/.tmp/gradle_download11449261395888199982bin
Downloading https://maven.google.com/androidx/arch/core/core-runtime/2.2.0/core-runtime-2.2.0.pom to /home/runner/.gradle/.tmp/gradle_download7225938278132200084bin
Downloading https://maven.google.com/androidx/sqlite/sqlite/2.4.0/sqlite-2.4.0.pom to /home/runner/.gradle/.tmp/gradle_download8878057694574187741bin
Downloading https://maven.google.com/androidx/sqlite/sqlite-framework/2.4.0/sqlite-framework-2.4.0.pom to /home/runner/.gradle/.tmp/gradle_download2795425495269463523bin
Downloading https://maven.google.com/androidx/sqlite/sqlite-framework/2.4.0/sqlite-framework-2.4.0.module to /home/runner/.gradle/.tmp/gradle_download12800126126809816506bin
Downloading https://maven.google.com/androidx/room/room-common/2.6.1/room-common-2.6.1.module to /home/runner/.gradle/.tmp/gradle_download17442345282306418292bin
Downloading https://maven.google.com/androidx/sqlite/sqlite/2.4.0/sqlite-2.4.0.module to /home/runner/.gradle/.tmp/gradle_download352597628128384553bin
Downloading https://maven.google.com/androidx/arch/core/core-runtime/2.2.0/core-runtime-2.2.0.module to /home/runner/.gradle/.tmp/gradle_download12852640154721885405bin
Downloading https://repo.maven.apache.org/maven2/com/squareup/okio/okio/3.6.0/okio-3.6.0.pom to /home/runner/.gradle/.tmp/gradle_download7318555397069367452bin
Downloading https://repo.maven.apache.org/maven2/com/squareup/okio/okio/3.6.0/okio-3.6.0.module to /home/runner/.gradle/.tmp/gradle_download8001830024857182934bin
Downloading https://repo.maven.apache.org/maven2/com/google/errorprone/error_prone_annotations/2.27.0/error_prone_annotations-2.27.0.pom to /home/runner/.gradle/.tmp/gradle_download2162855625778418592bin
Downloading https://repo.maven.apache.org/maven2/com/google/errorprone/error_prone_parent/2.27.0/error_prone_parent-2.27.0.pom to /home/runner/.gradle/.tmp/gradle_download9771053932612142340bin
Downloading https://repo.maven.apache.org/maven2/org/jetbrains/kotlinx/kotlinx-coroutines-core/1.8.1/kotlinx-coroutines-core-1.8.1.pom to /home/runner/.gradle/.tmp/gradle_download10192051118432094608bin
Downloading https://repo.maven.apache.org/maven2/org/jetbrains/kotlinx/kotlinx-coroutines-core/1.8.1/kotlinx-coroutines-core-1.8.1.module to /home/runner/.gradle/.tmp/gradle_download567336954202396423bin
Resource missing. [HTTP GET: https://repo.maven.apache.org/maven2/androidx/compose/material/material-icons-extended-android/1.7.5/material-icons-extended-android-1.7.5.pom]
Downloading https://maven.google.com/androidx/compose/material/material-icons-extended-android/1.7.5/material-icons-extended-android-1.7.5.pom to /home/runner/.gradle/.tmp/gradle_download1998265797445037617bin
Downloading https://maven.google.com/androidx/compose/material/material-icons-extended-android/1.7.5/material-icons-extended-android-1.7.5.module to /home/runner/.gradle/.tmp/gradle_download14111066367478111821bin
Resource missing. [HTTP GET: https://repo.maven.apache.org/maven2/androidx/compose/material3/material3-android/1.3.1/material3-android-1.3.1.pom]
Downloading https://maven.google.com/androidx/compose/material3/material3-android/1.3.1/material3-android-1.3.1.pom to /home/runner/.gradle/.tmp/gradle_download18020188922569145989bin
Downloading https://maven.google.com/androidx/compose/material3/material3-android/1.3.1/material3-android-1.3.1.module to /home/runner/.gradle/.tmp/gradle_download6495035843110687748bin
Resource missing. [HTTP GET: https://repo.maven.apache.org/maven2/androidx/compose/ui/ui-android/1.7.5/ui-android-1.7.5.pom]
Downloading https://maven.google.com/androidx/compose/ui/ui-android/1.7.5/ui-android-1.7.5.pom to /home/runner/.gradle/.tmp/gradle_download8309709677077666756bin
Downloading https://maven.google.com/androidx/compose/ui/ui-android/1.7.5/ui-android-1.7.5.module to /home/runner/.gradle/.tmp/gradle_download13278127270240935285bin
Resource missing. [HTTP GET: https://repo.maven.apache.org/maven2/androidx/compose/ui/ui-graphics-android/1.7.5/ui-graphics-android-1.7.5.pom]
Downloading https://maven.google.com/androidx/compose/ui/ui-graphics-android/1.7.5/ui-graphics-android-1.7.5.pom to /home/runner/.gradle/.tmp/gradle_download16878437380996578551bin
Downloading https://maven.google.com/androidx/compose/ui/ui-graphics-android/1.7.5/ui-graphics-android-1.7.5.module to /home/runner/.gradle/.tmp/gradle_download12518465973521586085bin
Resource missing. [HTTP GET: https://repo.maven.apache.org/maven2/androidx/compose/ui/ui-tooling-android/1.7.5/ui-tooling-android-1.7.5.pom]
Downloading https://maven.google.com/androidx/compose/ui/ui-tooling-android/1.7.5/ui-tooling-android-1.7.5.pom to /home/runner/.gradle/.tmp/gradle_download16450991760115744244bin
Downloading https://maven.google.com/androidx/compose/ui/ui-tooling-android/1.7.5/ui-tooling-android-1.7.5.module to /home/runner/.gradle/.tmp/gradle_download5094072217679525251bin
Resource missing. [HTTP GET: https://repo.maven.apache.org/maven2/androidx/compose/ui/ui-tooling-preview-android/1.7.5/ui-tooling-preview-android-1.7.5.pom]
Downloading https://maven.google.com/androidx/compose/ui/ui-tooling-preview-android/1.7.5/ui-tooling-preview-android-1.7.5.pom to /home/runner/.gradle/.tmp/gradle_download15472719045341680794bin
Downloading https://maven.google.com/androidx/compose/ui/ui-tooling-preview-android/1.7.5/ui-tooling-preview-android-1.7.5.module to /home/runner/.gradle/.tmp/gradle_download6822104034018100886bin
Resource missing. [HTTP GET: https://repo.maven.apache.org/maven2/androidx/annotation/annotation/1.6.0/annotation-1.6.0.pom]
Downloading https://maven.google.com/androidx/annotation/annotation/1.6.0/annotation-1.6.0.pom to /home/runner/.gradle/.tmp/gradle_download9492189269290831187bin
Downloading https://maven.google.com/androidx/annotation/annotation/1.6.0/annotation-1.6.0.module to /home/runner/.gradle/.tmp/gradle_download14201301682320270761bin
Resource missing. [HTTP GET: https://repo.maven.apache.org/maven2/androidx/annotation/annotation-experimental/1.4.0/annotation-experimental-1.4.0.pom]
Downloading https://maven.google.com/androidx/annotation/annotation-experimental/1.4.0/annotation-experimental-1.4.0.pom to /home/runner/.gradle/.tmp/gradle_download3895870717592672457bin
Downloading https://maven.google.com/androidx/annotation/annotation-experimental/1.4.0/annotation-experimental-1.4.0.module to /home/runner/.gradle/.tmp/gradle_download8887967191032992297bin
Resource missing. [HTTP GET: https://repo.maven.apache.org/maven2/androidx/interpolator/interpolator/1.0.0/interpolator-1.0.0.pom]
Resource missing. [HTTP GET: https://repo.maven.apache.org/maven2/androidx/lifecycle/lifecycle-runtime/2.6.2/lifecycle-runtime-2.6.2.pom]
Resource missing. [HTTP GET: https://repo.maven.apache.org/maven2/androidx/concurrent/concurrent-futures/1.0.0/concurrent-futures-1.0.0.pom]
Resource missing. [HTTP GET: https://repo.maven.apache.org/maven2/androidx/collection/collection/1.0.0/collection-1.0.0.pom]
Downloading https://maven.google.com/androidx/lifecycle/lifecycle-runtime/2.6.2/lifecycle-runtime-2.6.2.pom to /home/runner/.gradle/.tmp/gradle_download18322167420723669027bin
Downloading https://maven.google.com/androidx/interpolator/interpolator/1.0.0/interpolator-1.0.0.pom to /home/runner/.gradle/.tmp/gradle_download8142337039008343066bin
Downloading https://maven.google.com/androidx/concurrent/concurrent-futures/1.0.0/concurrent-futures-1.0.0.pom to /home/runner/.gradle/.tmp/gradle_download7386880281483982009bin
Downloading https://maven.google.com/androidx/collection/collection/1.0.0/collection-1.0.0.pom to /home/runner/.gradle/.tmp/gradle_download17498234480259870228bin
Resource missing. [HTTP GET: https://repo.maven.apache.org/maven2/androidx/versionedparcelable/versionedparcelable/1.1.1/versionedparcelable-1.1.1.pom]
Downloading https://maven.google.com/androidx/lifecycle/lifecycle-runtime/2.6.2/lifecycle-runtime-2.6.2.module to /home/runner/.gradle/.tmp/gradle_download9701270899406217564bin
Downloading https://maven.google.com/androidx/versionedparcelable/versionedparcelable/1.1.1/versionedparcelable-1.1.1.pom to /home/runner/.gradle/.tmp/gradle_download8471908953275161834bin
Downloading https://repo.maven.apache.org/maven2/org/jetbrains/kotlin/kotlin-stdlib-jdk8/1.8.21/kotlin-stdlib-jdk8-1.8.21.pom to /home/runner/.gradle/.tmp/gradle_download12915870667775544473bin
Resource missing. [HTTP GET: https://repo.maven.apache.org/maven2/androidx/savedstate/savedstate-ktx/1.2.1/savedstate-ktx-1.2.1.pom]
Resource missing. [HTTP GET: https://repo.maven.apache.org/maven2/androidx/lifecycle/lifecycle-viewmodel-ktx/2.6.1/lifecycle-viewmodel-ktx-2.6.1.pom]
Resource missing. [HTTP GET: https://repo.maven.apache.org/maven2/androidx/activity/activity/1.9.3/activity-1.9.3.pom]
Downloading https://maven.google.com/androidx/savedstate/savedstate-ktx/1.2.1/savedstate-ktx-1.2.1.pom to /home/runner/.gradle/.tmp/gradle_download6064478902486303757bin
Downloading https://maven.google.com/androidx/lifecycle/lifecycle-viewmodel-ktx/2.6.1/lifecycle-viewmodel-ktx-2.6.1.pom to /home/runner/.gradle/.tmp/gradle_download14001820487802424337bin
Downloading https://maven.google.com/androidx/activity/activity/1.9.3/activity-1.9.3.pom to /home/runner/.gradle/.tmp/gradle_download898167463937042669bin
Downloading https://maven.google.com/androidx/lifecycle/lifecycle-viewmodel-ktx/2.6.1/lifecycle-viewmodel-ktx-2.6.1.module to /home/runner/.gradle/.tmp/gradle_download5197362358264671719bin
Downloading https://maven.google.com/androidx/savedstate/savedstate-ktx/1.2.1/savedstate-ktx-1.2.1.module to /home/runner/.gradle/.tmp/gradle_download6279532041557156552bin
Downloading https://maven.google.com/androidx/activity/activity/1.9.3/activity-1.9.3.module to /home/runner/.gradle/.tmp/gradle_download1094794853313492985bin
Resource missing. [HTTP GET: https://repo.maven.apache.org/maven2/androidx/lifecycle/lifecycle-common/2.6.1/lifecycle-common-2.6.1.pom]
Downloading https://maven.google.com/androidx/lifecycle/lifecycle-common/2.6.1/lifecycle-common-2.6.1.pom to /home/runner/.gradle/.tmp/gradle_download11978762525597010282bin
Downloading https://maven.google.com/androidx/lifecycle/lifecycle-common/2.6.1/lifecycle-common-2.6.1.module to /home/runner/.gradle/.tmp/gradle_download40466586459852313bin
Resource missing. [HTTP GET: https://repo.maven.apache.org/maven2/androidx/lifecycle/lifecycle-viewmodel-savedstate/2.6.1/lifecycle-viewmodel-savedstate-2.6.1.pom]
Downloading https://maven.google.com/androidx/lifecycle/lifecycle-viewmodel-savedstate/2.6.1/lifecycle-viewmodel-savedstate-2.6.1.pom to /home/runner/.gradle/.tmp/gradle_download595997030797071887bin
Downloading https://maven.google.com/androidx/lifecycle/lifecycle-viewmodel-savedstate/2.6.1/lifecycle-viewmodel-savedstate-2.6.1.module to /home/runner/.gradle/.tmp/gradle_download7594509158440412393bin
Resource missing. [HTTP GET: https://repo.maven.apache.org/maven2/androidx/compose/runtime/runtime-android/1.7.5/runtime-android-1.7.5.pom]
Downloading https://maven.google.com/androidx/compose/runtime/runtime-android/1.7.5/runtime-android-1.7.5.pom to /home/runner/.gradle/.tmp/gradle_download12121648373804761500bin
Downloading https://maven.google.com/androidx/compose/runtime/runtime-android/1.7.5/runtime-android-1.7.5.module to /home/runner/.gradle/.tmp/gradle_download6383418506479291816bin
Resource missing. [HTTP GET: https://repo.maven.apache.org/maven2/androidx/compose/runtime/runtime-saveable-android/1.7.5/runtime-saveable-android-1.7.5.pom]
Downloading https://maven.google.com/androidx/compose/runtime/runtime-saveable-android/1.7.5/runtime-saveable-android-1.7.5.pom to /home/runner/.gradle/.tmp/gradle_download48141152435232048bin
Downloading https://maven.google.com/androidx/compose/runtime/runtime-saveable-android/1.7.5/runtime-saveable-android-1.7.5.module to /home/runner/.gradle/.tmp/gradle_download694074420138416176bin
Resource missing. [HTTP GET: https://repo.maven.apache.org/maven2/androidx/annotation/annotation/1.8.0/annotation-1.8.0.pom]
Downloading https://maven.google.com/androidx/annotation/annotation/1.8.0/annotation-1.8.0.pom to /home/runner/.gradle/.tmp/gradle_download14533049157598997117bin
Downloading https://maven.google.com/androidx/annotation/annotation/1.8.0/annotation-1.8.0.module to /home/runner/.gradle/.tmp/gradle_download3537287752683158637bin
Resource missing. [HTTP GET: https://repo.maven.apache.org/maven2/androidx/lifecycle/lifecycle-runtime/2.8.6/lifecycle-runtime-2.8.6.pom]
Downloading https://maven.google.com/androidx/lifecycle/lifecycle-runtime/2.8.6/lifecycle-runtime-2.8.6.pom to /home/runner/.gradle/.tmp/gradle_download9347907500586193982bin
Downloading https://maven.google.com/androidx/lifecycle/lifecycle-runtime/2.8.6/lifecycle-runtime-2.8.6.module to /home/runner/.gradle/.tmp/gradle_download10553931349883566398bin
Resource missing. [HTTP GET: https://repo.maven.apache.org/maven2/androidx/lifecycle/lifecycle-common/2.8.6/lifecycle-common-2.8.6.pom]
Downloading https://maven.google.com/androidx/lifecycle/lifecycle-common/2.8.6/lifecycle-common-2.8.6.pom to /home/runner/.gradle/.tmp/gradle_download4761607488210819790bin
Downloading https://maven.google.com/androidx/lifecycle/lifecycle-common/2.8.6/lifecycle-common-2.8.6.module to /home/runner/.gradle/.tmp/gradle_download2514377322117501911bin
Resource missing. [HTTP GET: https://repo.maven.apache.org/maven2/androidx/lifecycle/lifecycle-viewmodel-savedstate/2.8.6/lifecycle-viewmodel-savedstate-2.8.6.pom]
Downloading https://maven.google.com/androidx/lifecycle/lifecycle-viewmodel-savedstate/2.8.6/lifecycle-viewmodel-savedstate-2.8.6.pom to /home/runner/.gradle/.tmp/gradle_download3244531128164221800bin
Downloading https://maven.google.com/androidx/lifecycle/lifecycle-viewmodel-savedstate/2.8.6/lifecycle-viewmodel-savedstate-2.8.6.module to /home/runner/.gradle/.tmp/gradle_download9865048253136098500bin
Resource missing. [HTTP GET: https://repo.maven.apache.org/maven2/androidx/lifecycle/lifecycle-viewmodel/2.8.6/lifecycle-viewmodel-2.8.6.pom]
Downloading https://maven.google.com/androidx/lifecycle/lifecycle-viewmodel/2.8.6/lifecycle-viewmodel-2.8.6.pom to /home/runner/.gradle/.tmp/gradle_download1141385652286685911bin
Downloading https://maven.google.com/androidx/lifecycle/lifecycle-viewmodel/2.8.6/lifecycle-viewmodel-2.8.6.module to /home/runner/.gradle/.tmp/gradle_download8455742039659646513bin
Resource missing. [HTTP GET: https://repo.maven.apache.org/maven2/androidx/lifecycle/lifecycle-viewmodel-ktx/2.8.6/lifecycle-viewmodel-ktx-2.8.6.pom]
Downloading https://maven.google.com/androidx/lifecycle/lifecycle-viewmodel-ktx/2.8.6/lifecycle-viewmodel-ktx-2.8.6.pom to /home/runner/.gradle/.tmp/gradle_download7860419031608164864bin
Downloading https://maven.google.com/androidx/lifecycle/lifecycle-viewmodel-ktx/2.8.6/lifecycle-viewmodel-ktx-2.8.6.module to /home/runner/.gradle/.tmp/gradle_download10364979930227620221bin
Resource missing. [HTTP GET: https://repo.maven.apache.org/maven2/androidx/navigation/navigation-runtime/2.8.3/navigation-runtime-2.8.3.pom]
Resource missing. [HTTP GET: https://repo.maven.apache.org/maven2/androidx/navigation/navigation-common-ktx/2.8.3/navigation-common-ktx-2.8.3.pom]
Downloading https://maven.google.com/androidx/navigation/navigation-common-ktx/2.8.3/navigation-common-ktx-2.8.3.pom to /home/runner/.gradle/.tmp/gradle_download7731599968081687383bin
Downloading https://maven.google.com/androidx/navigation/navigation-runtime/2.8.3/navigation-runtime-2.8.3.pom to /home/runner/.gradle/.tmp/gradle_download7746635517500646389bin
Downloading https://maven.google.com/androidx/navigation/navigation-common-ktx/2.8.3/navigation-common-ktx-2.8.3.module to /home/runner/.gradle/.tmp/gradle_download5091359643959414101bin
Downloading https://maven.google.com/androidx/navigation/navigation-runtime/2.8.3/navigation-runtime-2.8.3.module to /home/runner/.gradle/.tmp/gradle_download15287330611211135552bin
Downloading https://repo.maven.apache.org/maven2/org/jetbrains/kotlinx/kotlinx-serialization-core-jvm/1.6.3/kotlinx-serialization-core-jvm-1.6.3.pom to /home/runner/.gradle/.tmp/gradle_download15179195510187112479bin
Downloading https://repo.maven.apache.org/maven2/org/jetbrains/kotlinx/kotlinx-serialization-core-jvm/1.6.3/kotlinx-serialization-core-jvm-1.6.3.module to /home/runner/.gradle/.tmp/gradle_download4708224474647321529bin
Resource missing. [HTTP GET: https://repo.maven.apache.org/maven2/androidx/compose/animation/animation-android/1.7.5/animation-android-1.7.5.pom]
Downloading https://maven.google.com/androidx/compose/animation/animation-android/1.7.5/animation-android-1.7.5.pom to /home/runner/.gradle/.tmp/gradle_download15160559283637078230bin
Downloading https://maven.google.com/androidx/compose/animation/animation-android/1.7.5/animation-android-1.7.5.module to /home/runner/.gradle/.tmp/gradle_download6428740793454593147bin
Resource missing. [HTTP GET: https://repo.maven.apache.org/maven2/androidx/compose/foundation/foundation-layout-android/1.7.5/foundation-layout-android-1.7.5.pom]
Downloading https://maven.google.com/androidx/compose/foundation/foundation-layout-android/1.7.5/foundation-layout-android-1.7.5.pom to /home/runner/.gradle/.tmp/gradle_download9947780662900025042bin
Downloading https://maven.google.com/androidx/compose/foundation/foundation-layout-android/1.7.5/foundation-layout-android-1.7.5.module to /home/runner/.gradle/.tmp/gradle_download14100800435352576210bin
Downloading https://repo.maven.apache.org/maven2/jakarta/inject/jakarta.inject-api/2.0.1/jakarta.inject-api-2.0.1.pom to /home/runner/.gradle/.tmp/gradle_download8302451200979481190bin
Downloading https://repo.maven.apache.org/maven2/org/eclipse/ee4j/project/1.0.6/project-1.0.6.pom to /home/runner/.gradle/.tmp/gradle_download574093006473707226bin
Resource missing. [HTTP GET: https://repo.maven.apache.org/maven2/androidx/collection/collection/1.1.0/collection-1.1.0.pom]
Downloading https://maven.google.com/androidx/collection/collection/1.1.0/collection-1.1.0.pom to /home/runner/.gradle/.tmp/gradle_download8548138782708104971bin
Resource missing. [HTTP GET: https://repo.maven.apache.org/maven2/androidx/loader/loader/1.0.0/loader-1.0.0.pom]
Resource missing. [HTTP GET: https://repo.maven.apache.org/maven2/androidx/viewpager/viewpager/1.0.0/viewpager-1.0.0.pom]
Downloading https://maven.google.com/androidx/loader/loader/1.0.0/loader-1.0.0.pom to /home/runner/.gradle/.tmp/gradle_download15561577063302696200bin
Downloading https://maven.google.com/androidx/viewpager/viewpager/1.0.0/viewpager-1.0.0.pom to /home/runner/.gradle/.tmp/gradle_download14914759660034761565bin
Resource missing. [HTTP GET: https://repo.maven.apache.org/maven2/androidx/lifecycle/lifecycle-livedata-core/2.8.6/lifecycle-livedata-core-2.8.6.pom]
Downloading https://maven.google.com/androidx/lifecycle/lifecycle-livedata-core/2.8.6/lifecycle-livedata-core-2.8.6.pom to /home/runner/.gradle/.tmp/gradle_download14430684584012433889bin
Downloading https://maven.google.com/androidx/lifecycle/lifecycle-livedata-core/2.8.6/lifecycle-livedata-core-2.8.6.module to /home/runner/.gradle/.tmp/gradle_download17554038389827685836bin
Resource missing. [HTTP GET: https://repo.maven.apache.org/maven2/androidx/arch/core/core-common/2.1.0/core-common-2.1.0.pom]
Downloading https://maven.google.com/androidx/arch/core/core-common/2.1.0/core-common-2.1.0.pom to /home/runner/.gradle/.tmp/gradle_download10102364904390383539bin
Resource missing. [HTTP GET: https://repo.maven.apache.org/maven2/androidx/arch/core/core-common/2.2.0/core-common-2.2.0.pom]
Downloading https://maven.google.com/androidx/arch/core/core-common/2.2.0/core-common-2.2.0.pom to /home/runner/.gradle/.tmp/gradle_download10755110937781916772bin
Downloading https://maven.google.com/androidx/arch/core/core-common/2.2.0/core-common-2.2.0.module to /home/runner/.gradle/.tmp/gradle_download3599393380672866282bin
Downloading https://repo.maven.apache.org/maven2/org/jetbrains/kotlin/kotlin-stdlib-jdk8/1.8.22/kotlin-stdlib-jdk8-1.8.22.pom to /home/runner/.gradle/.tmp/gradle_download12875564576654663961bin
Downloading https://repo.maven.apache.org/maven2/com/squareup/okio/okio-jvm/3.6.0/okio-jvm-3.6.0.pom to /home/runner/.gradle/.tmp/gradle_download15430786729378940755bin
Downloading https://repo.maven.apache.org/maven2/com/squareup/okio/okio-jvm/3.6.0/okio-jvm-3.6.0.module to /home/runner/.gradle/.tmp/gradle_download11817902756934761964bin
Downloading https://repo.maven.apache.org/maven2/org/jetbrains/kotlinx/kotlinx-coroutines-core-jvm/1.8.1/kotlinx-coroutines-core-jvm-1.8.1.pom to /home/runner/.gradle/.tmp/gradle_download5930094291118122813bin
Downloading https://repo.maven.apache.org/maven2/org/jetbrains/kotlinx/kotlinx-coroutines-core-jvm/1.8.1/kotlinx-coroutines-core-jvm-1.8.1.module to /home/runner/.gradle/.tmp/gradle_download5227804704930630567bin
Resource missing. [HTTP GET: https://repo.maven.apache.org/maven2/androidx/compose/material/material-icons-core/1.7.5/material-icons-core-1.7.5.pom]
Downloading https://maven.google.com/androidx/compose/material/material-icons-core/1.7.5/material-icons-core-1.7.5.pom to /home/runner/.gradle/.tmp/gradle_download11874663371532264189bin
Downloading https://maven.google.com/androidx/compose/material/material-icons-core/1.7.5/material-icons-core-1.7.5.module to /home/runner/.gradle/.tmp/gradle_download10176529101509099167bin
Resource missing. [HTTP GET: https://repo.maven.apache.org/maven2/androidx/collection/collection/1.4.0/collection-1.4.0.pom]
Downloading https://maven.google.com/androidx/collection/collection/1.4.0/collection-1.4.0.pom to /home/runner/.gradle/.tmp/gradle_download3441042270774473778bin
Downloading https://maven.google.com/androidx/collection/collection/1.4.0/collection-1.4.0.module to /home/runner/.gradle/.tmp/gradle_download1973778561449890494bin
Downloading https://repo.maven.apache.org/maven2/org/jetbrains/kotlin/kotlin-stdlib-common/1.8.22/kotlin-stdlib-common-1.8.22.pom to /home/runner/.gradle/.tmp/gradle_download16430154592388058232bin
Resource missing. [HTTP GET: https://repo.maven.apache.org/maven2/androidx/lifecycle/lifecycle-common-java8/2.8.6/lifecycle-common-java8-2.8.6.pom]
Downloading https://maven.google.com/androidx/lifecycle/lifecycle-common-java8/2.8.6/lifecycle-common-java8-2.8.6.pom to /home/runner/.gradle/.tmp/gradle_download8980603934902187638bin
Downloading https://maven.google.com/androidx/lifecycle/lifecycle-common-java8/2.8.6/lifecycle-common-java8-2.8.6.module to /home/runner/.gradle/.tmp/gradle_download4818079703266078951bin
Resource missing. [HTTP GET: https://repo.maven.apache.org/maven2/androidx/compose/animation/animation-core/1.7.5/animation-core-1.7.5.pom]
Resource missing. [HTTP GET: https://repo.maven.apache.org/maven2/androidx/compose/foundation/foundation/1.7.5/foundation-1.7.5.pom]
Resource missing. [HTTP GET: https://repo.maven.apache.org/maven2/androidx/compose/ui/ui-text/1.7.5/ui-text-1.7.5.pom]
Downloading https://maven.google.com/androidx/compose/ui/ui-text/1.7.5/ui-text-1.7.5.pom to /home/runner/.gradle/.tmp/gradle_download4621066965232958493bin
Downloading https://maven.google.com/androidx/compose/animation/animation-core/1.7.5/animation-core-1.7.5.pom to /home/runner/.gradle/.tmp/gradle_download10783717005777851880bin
Downloading https://maven.google.com/androidx/compose/foundation/foundation/1.7.5/foundation-1.7.5.pom to /home/runner/.gradle/.tmp/gradle_download13901763062426372337bin
Downloading https://maven.google.com/androidx/compose/ui/ui-text/1.7.5/ui-text-1.7.5.module to /home/runner/.gradle/.tmp/gradle_download7933587795431813438bin
Downloading https://maven.google.com/androidx/compose/animation/animation-core/1.7.5/animation-core-1.7.5.module to /home/runner/.gradle/.tmp/gradle_download9677560878452909957bin
Downloading https://maven.google.com/androidx/compose/foundation/foundation/1.7.5/foundation-1.7.5.module to /home/runner/.gradle/.tmp/gradle_download16600859990683775427bin
Resource missing. [HTTP GET: https://repo.maven.apache.org/maven2/androidx/compose/material/material-ripple/1.7.5/material-ripple-1.7.5.pom]
Resource missing. [HTTP GET: https://repo.maven.apache.org/maven2/androidx/compose/ui/ui-util/1.7.5/ui-util-1.7.5.pom]
Downloading https://maven.google.com/androidx/compose/material/material-ripple/1.7.5/material-ripple-1.7.5.pom to /home/runner/.gradle/.tmp/gradle_download12228814869923389629bin
Downloading https://maven.google.com/androidx/compose/ui/ui-util/1.7.5/ui-util-1.7.5.pom to /home/runner/.gradle/.tmp/gradle_download2976257169470190538bin
Downloading https://maven.google.com/androidx/compose/material/material-ripple/1.7.5/material-ripple-1.7.5.module to /home/runner/.gradle/.tmp/gradle_download4873786112992931401bin
Downloading https://maven.google.com/androidx/compose/ui/ui-util/1.7.5/ui-util-1.7.5.module to /home/runner/.gradle/.tmp/gradle_download11030073710923257461bin
Resource missing. [HTTP GET: https://repo.maven.apache.org/maven2/androidx/autofill/autofill/1.0.0/autofill-1.0.0.pom]
Resource missing. [HTTP GET: https://repo.maven.apache.org/maven2/androidx/compose/ui/ui-unit/1.7.5/ui-unit-1.7.5.pom]
Resource missing. [HTTP GET: https://repo.maven.apache.org/maven2/androidx/customview/customview-poolingcontainer/1.0.0/customview-poolingcontainer-1.0.0.pom]
Resource missing. [HTTP GET: https://repo.maven.apache.org/maven2/androidx/compose/ui/ui-geometry/1.7.5/ui-geometry-1.7.5.pom]
Downloading https://maven.google.com/androidx/autofill/autofill/1.0.0/autofill-1.0.0.pom to /home/runner/.gradle/.tmp/gradle_download12690080347509104996bin
Downloading https://maven.google.com/androidx/customview/customview-poolingcontainer/1.0.0/customview-poolingcontainer-1.0.0.pom to /home/runner/.gradle/.tmp/gradle_download13147074608846277280bin
Downloading https://maven.google.com/androidx/compose/ui/ui-geometry/1.7.5/ui-geometry-1.7.5.pom to /home/runner/.gradle/.tmp/gradle_download14146280519159083366bin
Downloading https://maven.google.com/androidx/customview/customview-poolingcontainer/1.0.0/customview-poolingcontainer-1.0.0.module to /home/runner/.gradle/.tmp/gradle_download12165454771395401148bin
Resource missing. [HTTP GET: https://repo.maven.apache.org/maven2/androidx/profileinstaller/profileinstaller/1.3.1/profileinstaller-1.3.1.pom]
Downloading https://maven.google.com/androidx/compose/ui/ui-unit/1.7.5/ui-unit-1.7.5.pom to /home/runner/.gradle/.tmp/gradle_download15232687498043799777bin
Downloading https://maven.google.com/androidx/profileinstaller/profileinstaller/1.3.1/profileinstaller-1.3.1.pom to /home/runner/.gradle/.tmp/gradle_download4908628235411662879bin
Downloading https://maven.google.com/androidx/compose/ui/ui-geometry/1.7.5/ui-geometry-1.7.5.module to /home/runner/.gradle/.tmp/gradle_download6666486304979116555bin
Downloading https://maven.google.com/androidx/compose/ui/ui-unit/1.7.5/ui-unit-1.7.5.module to /home/runner/.gradle/.tmp/gradle_download13029532612540075836bin
Downloading https://maven.google.com/androidx/profileinstaller/profileinstaller/1.3.1/profileinstaller-1.3.1.module to /home/runner/.gradle/.tmp/gradle_download15074214759424396848bin
Resource missing. [HTTP GET: https://repo.maven.apache.org/maven2/androidx/emoji2/emoji2/1.2.0/emoji2-1.2.0.pom]
Downloading https://maven.google.com/androidx/emoji2/emoji2/1.2.0/emoji2-1.2.0.pom to /home/runner/.gradle/.tmp/gradle_download4776709498283323831bin
Downloading https://maven.google.com/androidx/emoji2/emoji2/1.2.0/emoji2-1.2.0.module to /home/runner/.gradle/.tmp/gradle_download6665081703326444411bin
Resource missing. [HTTP GET: https://repo.maven.apache.org/maven2/androidx/graphics/graphics-path/1.0.1/graphics-path-1.0.1.pom]
Downloading https://maven.google.com/androidx/graphics/graphics-path/1.0.1/graphics-path-1.0.1.pom to /home/runner/.gradle/.tmp/gradle_download12001835988897742739bin
Downloading https://maven.google.com/androidx/graphics/graphics-path/1.0.1/graphics-path-1.0.1.module to /home/runner/.gradle/.tmp/gradle_download14920682013226604621bin
Resource missing. [HTTP GET: https://repo.maven.apache.org/maven2/androidx/compose/ui/ui-tooling-data/1.7.5/ui-tooling-data-1.7.5.pom]
Downloading https://maven.google.com/androidx/compose/ui/ui-tooling-data/1.7.5/ui-tooling-data-1.7.5.pom to /home/runner/.gradle/.tmp/gradle_download17935325564068210579bin
Downloading https://maven.google.com/androidx/compose/ui/ui-tooling-data/1.7.5/ui-tooling-data-1.7.5.module to /home/runner/.gradle/.tmp/gradle_download9711587400864391627bin
Resource missing. [HTTP GET: https://repo.maven.apache.org/maven2/androidx/compose/material/material/1.7.5/material-1.7.5.pom]
Downloading https://maven.google.com/androidx/compose/material/material/1.7.5/material-1.7.5.pom to /home/runner/.gradle/.tmp/gradle_download12477281154639376889bin
Downloading https://maven.google.com/androidx/compose/material/material/1.7.5/material-1.7.5.module to /home/runner/.gradle/.tmp/gradle_download4526373456122231820bin
Downloading https://repo.maven.apache.org/maven2/com/google/guava/listenablefuture/1.0/listenablefuture-1.0.pom to /home/runner/.gradle/.tmp/gradle_download13061531525966615717bin
Found locally available resource with matching checksum: [https://repo.maven.apache.org/maven2/com/google/guava/guava-parent/26.0-android/guava-parent-26.0-android.pom, /home/runner/.gradle/caches/modules-2/files-2.1/com.google.guava/guava-parent/26.0-android/a2c0df489614352b7e8e503e274bd1dee5c42a64/guava-parent-26.0-android.pom]
Found locally available resource with matching checksum: [https://repo.maven.apache.org/maven2/org/sonatype/oss/oss-parent/9/oss-parent-9.pom, /home/runner/.gradle/caches/modules-2/files-2.1/org.sonatype.oss/oss-parent/9/e5cdc4d23b86d79c436f16fed20853284e868f65/oss-parent-9.pom]
Resource missing. [HTTP GET: https://repo.maven.apache.org/maven2/androidx/savedstate/savedstate/1.2.1/savedstate-1.2.1.pom]
Downloading https://maven.google.com/androidx/savedstate/savedstate/1.2.1/savedstate-1.2.1.pom to /home/runner/.gradle/.tmp/gradle_download8075904507739128622bin
Downloading https://maven.google.com/androidx/savedstate/savedstate/1.2.1/savedstate-1.2.1.module to /home/runner/.gradle/.tmp/gradle_download1272669627389225112bin
Resource missing. [HTTP GET: https://repo.maven.apache.org/maven2/androidx/tracing/tracing/1.0.0/tracing-1.0.0.pom]
Downloading https://maven.google.com/androidx/tracing/tracing/1.0.0/tracing-1.0.0.pom to /home/runner/.gradle/.tmp/gradle_download9226421357360924486bin
Downloading https://maven.google.com/androidx/tracing/tracing/1.0.0/tracing-1.0.0.module to /home/runner/.gradle/.tmp/gradle_download15921690462611336836bin
Downloading https://repo.maven.apache.org/maven2/org/jetbrains/kotlin/kotlin-stdlib-common/2.0.21/kotlin-stdlib-common-2.0.21.pom to /home/runner/.gradle/.tmp/gradle_download2040374273277779922bin
Downloading https://repo.maven.apache.org/maven2/org/jetbrains/kotlin/kotlin-stdlib-common/2.0.21/kotlin-stdlib-common-2.0.21.module to /home/runner/.gradle/.tmp/gradle_download5817065262870713131bin
Resource missing. [HTTP GET: https://repo.maven.apache.org/maven2/androidx/annotation/annotation-experimental/1.4.1/annotation-experimental-1.4.1.pom]
Downloading https://maven.google.com/androidx/annotation/annotation-experimental/1.4.1/annotation-experimental-1.4.1.pom to /home/runner/.gradle/.tmp/gradle_download115715422980918712bin
Downloading https://maven.google.com/androidx/annotation/annotation-experimental/1.4.1/annotation-experimental-1.4.1.module to /home/runner/.gradle/.tmp/gradle_download8963020712013222960bin
Resource missing. [HTTP GET: https://repo.maven.apache.org/maven2/androidx/collection/collection/1.4.4/collection-1.4.4.pom]
Downloading https://maven.google.com/androidx/collection/collection/1.4.4/collection-1.4.4.pom to /home/runner/.gradle/.tmp/gradle_download5640980933000006923bin
Downloading https://maven.google.com/androidx/collection/collection/1.4.4/collection-1.4.4.module to /home/runner/.gradle/.tmp/gradle_download8755836567322355851bin
Resource missing. [HTTP GET: https://repo.maven.apache.org/maven2/androidx/annotation/annotation-jvm/1.8.0/annotation-jvm-1.8.0.pom]
Downloading https://maven.google.com/androidx/annotation/annotation-jvm/1.8.0/annotation-jvm-1.8.0.pom to /home/runner/.gradle/.tmp/gradle_download16370355060531430163bin
Downloading https://maven.google.com/androidx/annotation/annotation-jvm/1.8.0/annotation-jvm-1.8.0.module to /home/runner/.gradle/.tmp/gradle_download12789447289694737575bin
Resource missing. [HTTP GET: https://repo.maven.apache.org/maven2/androidx/lifecycle/lifecycle-runtime-android/2.8.6/lifecycle-runtime-android-2.8.6.pom]
Downloading https://maven.google.com/androidx/lifecycle/lifecycle-runtime-android/2.8.6/lifecycle-runtime-android-2.8.6.pom to /home/runner/.gradle/.tmp/gradle_download10279541866981690402bin
Downloading https://maven.google.com/androidx/lifecycle/lifecycle-runtime-android/2.8.6/lifecycle-runtime-android-2.8.6.module to /home/runner/.gradle/.tmp/gradle_download3701020194955764288bin
Resource missing. [HTTP GET: https://repo.maven.apache.org/maven2/androidx/lifecycle/lifecycle-common-jvm/2.8.6/lifecycle-common-jvm-2.8.6.pom]
Downloading https://maven.google.com/androidx/lifecycle/lifecycle-common-jvm/2.8.6/lifecycle-common-jvm-2.8.6.pom to /home/runner/.gradle/.tmp/gradle_download3863324922696690986bin
Downloading https://maven.google.com/androidx/lifecycle/lifecycle-common-jvm/2.8.6/lifecycle-common-jvm-2.8.6.module to /home/runner/.gradle/.tmp/gradle_download15967204321474013840bin
Resource missing. [HTTP GET: https://repo.maven.apache.org/maven2/androidx/lifecycle/lifecycle-viewmodel-android/2.8.6/lifecycle-viewmodel-android-2.8.6.pom]
Downloading https://maven.google.com/androidx/lifecycle/lifecycle-viewmodel-android/2.8.6/lifecycle-viewmodel-android-2.8.6.pom to /home/runner/.gradle/.tmp/gradle_download15551510167400303916bin
Downloading https://maven.google.com/androidx/lifecycle/lifecycle-viewmodel-android/2.8.6/lifecycle-viewmodel-android-2.8.6.module to /home/runner/.gradle/.tmp/gradle_download8592611466810187607bin
Resource missing. [HTTP GET: https://repo.maven.apache.org/maven2/androidx/navigation/navigation-common/2.8.3/navigation-common-2.8.3.pom]
Downloading https://maven.google.com/androidx/navigation/navigation-common/2.8.3/navigation-common-2.8.3.pom to /home/runner/.gradle/.tmp/gradle_download4521380241349912774bin
Downloading https://maven.google.com/androidx/navigation/navigation-common/2.8.3/navigation-common-2.8.3.module to /home/runner/.gradle/.tmp/gradle_download9890462338906373396bin
Resource missing. [HTTP GET: https://repo.maven.apache.org/maven2/androidx/lifecycle/lifecycle-livedata/2.8.6/lifecycle-livedata-2.8.6.pom]
Downloading https://maven.google.com/androidx/lifecycle/lifecycle-livedata/2.8.6/lifecycle-livedata-2.8.6.pom to /home/runner/.gradle/.tmp/gradle_download82812968847580840bin
Downloading https://maven.google.com/androidx/lifecycle/lifecycle-livedata/2.8.6/lifecycle-livedata-2.8.6.module to /home/runner/.gradle/.tmp/gradle_download8999151635024382033bin
Resource missing. [HTTP GET: https://repo.maven.apache.org/maven2/androidx/customview/customview/1.0.0/customview-1.0.0.pom]
Downloading https://maven.google.com/androidx/customview/customview/1.0.0/customview-1.0.0.pom to /home/runner/.gradle/.tmp/gradle_download11669155680250496077bin
Downloading https://repo.maven.apache.org/maven2/org/jetbrains/kotlin/kotlin-stdlib-jdk8/1.9.10/kotlin-stdlib-jdk8-1.9.10.pom to /home/runner/.gradle/.tmp/gradle_download12750443567777679723bin
Downloading https://repo.maven.apache.org/maven2/org/jetbrains/annotations/23.0.0/annotations-23.0.0.pom to /home/runner/.gradle/.tmp/gradle_download13775559907902046641bin
Resource missing. [HTTP GET: https://repo.maven.apache.org/maven2/androidx/compose/material/material-icons-core-android/1.7.5/material-icons-core-android-1.7.5.pom]
Downloading https://maven.google.com/androidx/compose/material/material-icons-core-android/1.7.5/material-icons-core-android-1.7.5.pom to /home/runner/.gradle/.tmp/gradle_download18387611723019271606bin
Downloading https://maven.google.com/androidx/compose/material/material-icons-core-android/1.7.5/material-icons-core-android-1.7.5.module to /home/runner/.gradle/.tmp/gradle_download1988406861380878958bin
Resource missing. [HTTP GET: https://repo.maven.apache.org/maven2/androidx/compose/animation/animation-core-android/1.7.5/animation-core-android-1.7.5.pom]
Downloading https://maven.google.com/androidx/compose/animation/animation-core-android/1.7.5/animation-core-android-1.7.5.pom to /home/runner/.gradle/.tmp/gradle_download1535986912682289319bin
Downloading https://maven.google.com/androidx/compose/animation/animation-core-android/1.7.5/animation-core-android-1.7.5.module to /home/runner/.gradle/.tmp/gradle_download16221446692154359285bin
Resource missing. [HTTP GET: https://repo.maven.apache.org/maven2/androidx/compose/foundation/foundation-android/1.7.5/foundation-android-1.7.5.pom]
Downloading https://maven.google.com/androidx/compose/foundation/foundation-android/1.7.5/foundation-android-1.7.5.pom to /home/runner/.gradle/.tmp/gradle_download8974486606681216649bin
Downloading https://maven.google.com/androidx/compose/foundation/foundation-android/1.7.5/foundation-android-1.7.5.module to /home/runner/.gradle/.tmp/gradle_download17045625355483874647bin
Resource missing. [HTTP GET: https://repo.maven.apache.org/maven2/androidx/compose/material/material-ripple-android/1.7.5/material-ripple-android-1.7.5.pom]
Downloading https://maven.google.com/androidx/compose/material/material-ripple-android/1.7.5/material-ripple-android-1.7.5.pom to /home/runner/.gradle/.tmp/gradle_download6242166672929767740bin
Downloading https://maven.google.com/androidx/compose/material/material-ripple-android/1.7.5/material-ripple-android-1.7.5.module to /home/runner/.gradle/.tmp/gradle_download10522138912840152083bin
Resource missing. [HTTP GET: https://repo.maven.apache.org/maven2/androidx/compose/ui/ui-text-android/1.7.5/ui-text-android-1.7.5.pom]
Downloading https://maven.google.com/androidx/compose/ui/ui-text-android/1.7.5/ui-text-android-1.7.5.pom to /home/runner/.gradle/.tmp/gradle_download17268582890904935915bin
Downloading https://maven.google.com/androidx/compose/ui/ui-text-android/1.7.5/ui-text-android-1.7.5.module to /home/runner/.gradle/.tmp/gradle_download10264014000479187634bin
Resource missing. [HTTP GET: https://repo.maven.apache.org/maven2/androidx/compose/ui/ui-util-android/1.7.5/ui-util-android-1.7.5.pom]
Downloading https://maven.google.com/androidx/compose/ui/ui-util-android/1.7.5/ui-util-android-1.7.5.pom to /home/runner/.gradle/.tmp/gradle_download8083294147509496949bin
Downloading https://maven.google.com/androidx/compose/ui/ui-util-android/1.7.5/ui-util-android-1.7.5.module to /home/runner/.gradle/.tmp/gradle_download3078762741677110364bin
Resource missing. [HTTP GET: https://repo.maven.apache.org/maven2/androidx/compose/ui/ui-geometry-android/1.7.5/ui-geometry-android-1.7.5.pom]
Downloading https://maven.google.com/androidx/compose/ui/ui-geometry-android/1.7.5/ui-geometry-android-1.7.5.pom to /home/runner/.gradle/.tmp/gradle_download12609861113750448294bin
Downloading https://maven.google.com/androidx/compose/ui/ui-geometry-android/1.7.5/ui-geometry-android-1.7.5.module to /home/runner/.gradle/.tmp/gradle_download5008673194461595340bin
Resource missing. [HTTP GET: https://repo.maven.apache.org/maven2/androidx/compose/ui/ui-unit-android/1.7.5/ui-unit-android-1.7.5.pom]
Downloading https://maven.google.com/androidx/compose/ui/ui-unit-android/1.7.5/ui-unit-android-1.7.5.pom to /home/runner/.gradle/.tmp/gradle_download14312110687032502488bin
Downloading https://maven.google.com/androidx/compose/ui/ui-unit-android/1.7.5/ui-unit-android-1.7.5.module to /home/runner/.gradle/.tmp/gradle_download6501620338404552329bin
Resource missing. [HTTP GET: https://repo.maven.apache.org/maven2/androidx/startup/startup-runtime/1.0.0/startup-runtime-1.0.0.pom]
Downloading https://maven.google.com/androidx/startup/startup-runtime/1.0.0/startup-runtime-1.0.0.pom to /home/runner/.gradle/.tmp/gradle_download1629430806568659827bin
Downloading https://maven.google.com/androidx/startup/startup-runtime/1.0.0/startup-runtime-1.0.0.module to /home/runner/.gradle/.tmp/gradle_download5047172510780597059bin
Resource missing. [HTTP GET: https://repo.maven.apache.org/maven2/androidx/lifecycle/lifecycle-process/2.8.6/lifecycle-process-2.8.6.pom]
Downloading https://maven.google.com/androidx/lifecycle/lifecycle-process/2.8.6/lifecycle-process-2.8.6.pom to /home/runner/.gradle/.tmp/gradle_download13859837223576162068bin
Downloading https://maven.google.com/androidx/lifecycle/lifecycle-process/2.8.6/lifecycle-process-2.8.6.module to /home/runner/.gradle/.tmp/gradle_download3556884529294064439bin
Resource missing. [HTTP GET: https://repo.maven.apache.org/maven2/androidx/concurrent/concurrent-futures/1.1.0/concurrent-futures-1.1.0.pom]
Downloading https://maven.google.com/androidx/concurrent/concurrent-futures/1.1.0/concurrent-futures-1.1.0.pom to /home/runner/.gradle/.tmp/gradle_download10829064220161745101bin
Downloading https://maven.google.com/androidx/concurrent/concurrent-futures/1.1.0/concurrent-futures-1.1.0.module to /home/runner/.gradle/.tmp/gradle_download85438244087310720bin
Resource missing. [HTTP GET: https://repo.maven.apache.org/maven2/androidx/startup/startup-runtime/1.1.1/startup-runtime-1.1.1.pom]
Downloading https://maven.google.com/androidx/startup/startup-runtime/1.1.1/startup-runtime-1.1.1.pom to /home/runner/.gradle/.tmp/gradle_download8701456548708144365bin
Downloading https://maven.google.com/androidx/startup/startup-runtime/1.1.1/startup-runtime-1.1.1.module to /home/runner/.gradle/.tmp/gradle_download10182667241922241359bin
Resource missing. [HTTP GET: https://repo.maven.apache.org/maven2/androidx/compose/ui/ui-tooling-data-android/1.7.5/ui-tooling-data-android-1.7.5.pom]
Downloading https://maven.google.com/androidx/compose/ui/ui-tooling-data-android/1.7.5/ui-tooling-data-android-1.7.5.pom to /home/runner/.gradle/.tmp/gradle_download4709655516636114397bin
Downloading https://maven.google.com/androidx/compose/ui/ui-tooling-data-android/1.7.5/ui-tooling-data-android-1.7.5.module to /home/runner/.gradle/.tmp/gradle_download9964151601463905479bin
Resource missing. [HTTP GET: https://repo.maven.apache.org/maven2/androidx/compose/material/material-android/1.7.5/material-android-1.7.5.pom]
Downloading https://maven.google.com/androidx/compose/material/material-android/1.7.5/material-android-1.7.5.pom to /home/runner/.gradle/.tmp/gradle_download16563143912676697529bin
Downloading https://maven.google.com/androidx/compose/material/material-android/1.7.5/material-android-1.7.5.module to /home/runner/.gradle/.tmp/gradle_download12231485087339152396bin
Resource missing. [HTTP GET: https://repo.maven.apache.org/maven2/androidx/collection/collection-jvm/1.4.4/collection-jvm-1.4.4.pom]
Downloading https://maven.google.com/androidx/collection/collection-jvm/1.4.4/collection-jvm-1.4.4.pom to /home/runner/.gradle/.tmp/gradle_download17195679420812944573bin
Downloading https://maven.google.com/androidx/collection/collection-jvm/1.4.4/collection-jvm-1.4.4.module to /home/runner/.gradle/.tmp/gradle_download4499936281163064582bin
Resource missing. [HTTP GET: https://repo.maven.apache.org/maven2/androidx/annotation/annotation/1.8.1/annotation-1.8.1.pom]
Downloading https://maven.google.com/androidx/annotation/annotation/1.8.1/annotation-1.8.1.pom to /home/runner/.gradle/.tmp/gradle_download17773644495764290685bin
Downloading https://maven.google.com/androidx/annotation/annotation/1.8.1/annotation-1.8.1.module to /home/runner/.gradle/.tmp/gradle_download7982775796802668575bin
Resource missing. [HTTP GET: https://repo.maven.apache.org/maven2/androidx/collection/collection-ktx/1.4.2/collection-ktx-1.4.2.pom]
Downloading https://maven.google.com/androidx/collection/collection-ktx/1.4.2/collection-ktx-1.4.2.pom to /home/runner/.gradle/.tmp/gradle_download2079635874881774708bin
Downloading https://maven.google.com/androidx/collection/collection-ktx/1.4.2/collection-ktx-1.4.2.module to /home/runner/.gradle/.tmp/gradle_download924697698577671976bin
Resource missing. [HTTP GET: https://repo.maven.apache.org/maven2/androidx/lifecycle/lifecycle-livedata-core-ktx/2.8.6/lifecycle-livedata-core-ktx-2.8.6.pom]
Downloading https://maven.google.com/androidx/lifecycle/lifecycle-livedata-core-ktx/2.8.6/lifecycle-livedata-core-ktx-2.8.6.pom to /home/runner/.gradle/.tmp/gradle_download10432762216197715469bin
Downloading https://maven.google.com/androidx/lifecycle/lifecycle-livedata-core-ktx/2.8.6/lifecycle-livedata-core-ktx-2.8.6.module to /home/runner/.gradle/.tmp/gradle_download16042099222233335697bin
Resource missing. [HTTP GET: https://repo.maven.apache.org/maven2/androidx/emoji2/emoji2/1.3.0/emoji2-1.3.0.pom]
Downloading https://maven.google.com/androidx/emoji2/emoji2/1.3.0/emoji2-1.3.0.pom to /home/runner/.gradle/.tmp/gradle_download14132881715664778072bin
Downloading https://maven.google.com/androidx/emoji2/emoji2/1.3.0/emoji2-1.3.0.module to /home/runner/.gradle/.tmp/gradle_download12576768328645125682bin
Resource missing. [HTTP GET: https://repo.maven.apache.org/maven2/androidx/collection/collection-ktx/1.4.4/collection-ktx-1.4.4.pom]
Downloading https://maven.google.com/androidx/collection/collection-ktx/1.4.4/collection-ktx-1.4.4.pom to /home/runner/.gradle/.tmp/gradle_download11019191376662226107bin
Downloading https://maven.google.com/androidx/collection/collection-ktx/1.4.4/collection-ktx-1.4.4.module to /home/runner/.gradle/.tmp/gradle_download86772683710670706bin
Downloading https://repo.maven.apache.org/maven2/org/jetbrains/kotlin/kotlin-stdlib-jdk7/1.9.10/kotlin-stdlib-jdk7-1.9.10.pom to /home/runner/.gradle/.tmp/gradle_download11201676026060471278bin
Resource missing. [HTTP GET: https://repo.maven.apache.org/maven2/androidx/annotation/annotation-jvm/1.8.1/annotation-jvm-1.8.1.pom]
Downloading https://maven.google.com/androidx/annotation/annotation-jvm/1.8.1/annotation-jvm-1.8.1.pom to /home/runner/.gradle/.tmp/gradle_download10308323990233680830bin
Downloading https://maven.google.com/androidx/annotation/annotation-jvm/1.8.1/annotation-jvm-1.8.1.module to /home/runner/.gradle/.tmp/gradle_download14094833075994824853bin
Found locally available resource with matching checksum: [https://maven.google.com/androidx/hilt/hilt-navigation-compose/1.2.0/hilt-navigation-compose-1.2.0.aar, /home/runner/.gradle/caches/modules-2/files-2.1/androidx.hilt/hilt-navigation-compose/1.2.0/d54c5166aca7bdaa595a8b952ff4d9d19a5ada10/hilt-navigation-compose-1.2.0.aar]
Transforming hilt-navigation-compose-1.2.0.aar (androidx.hilt:hilt-navigation-compose:1.2.0) with ExtractAarTransform
Caching disabled for ExtractAarTransform: /home/runner/.gradle/caches/modules-2/files-2.1/androidx.hilt/hilt-navigation-compose/1.2.0/d54c5166aca7bdaa595a8b952ff4d9d19a5ada10/hilt-navigation-compose-1.2.0.aar because:
  Caching not enabled.
Transforming hilt-navigation-compose-1.2.0.aar (androidx.hilt:hilt-navigation-compose:1.2.0) with AarTransform
Found locally available resource with matching checksum: [https://maven.google.com/androidx/navigation/navigation-runtime/2.8.3/navigation-runtime-2.8.3.aar, /home/runner/.gradle/caches/modules-2/files-2.1/androidx.navigation/navigation-runtime/2.8.3/e7d49aae4d8831e93f692e70681d9a2e90232af2/navigation-runtime-2.8.3.aar]
Transforming navigation-runtime-2.8.3.aar (androidx.navigation:navigation-runtime:2.8.3) with ExtractAarTransform
Caching disabled for AarTransform: /home/runner/.gradle/caches/8.9/transforms/12ec77c8f0ef27e9e667039aa0010280/transformed/hilt-navigation-compose-1.2.0 because:
  Caching not enabled.
Found locally available resource with matching checksum: [https://maven.google.com/androidx/hilt/hilt-navigation/1.2.0/hilt-navigation-1.2.0.aar, /home/runner/.gradle/caches/modules-2/files-2.1/androidx.hilt/hilt-navigation/1.2.0/172a6ed851b46928d0dc290f2f82e356b63ed523/hilt-navigation-1.2.0.aar]
Transforming hilt-navigation-1.2.0.aar (androidx.hilt:hilt-navigation:1.2.0) with ExtractAarTransform
Caching disabled for ExtractAarTransform: /home/runner/.gradle/caches/modules-2/files-2.1/androidx.hilt/hilt-navigation/1.2.0/172a6ed851b46928d0dc290f2f82e356b63ed523/hilt-navigation-1.2.0.aar because:
  Caching not enabled.
Caching disabled for ExtractAarTransform: /home/runner/.gradle/caches/modules-2/files-2.1/androidx.navigation/navigation-runtime/2.8.3/e7d49aae4d8831e93f692e70681d9a2e90232af2/navigation-runtime-2.8.3.aar because:
  Caching not enabled.
Found locally available resource with matching checksum: [https://maven.google.com/androidx/navigation/navigation-common/2.8.3/navigation-common-2.8.3.aar, /home/runner/.gradle/caches/modules-2/files-2.1/androidx.navigation/navigation-common/2.8.3/8e0e7768b8646f3cef39ae53bdaefa76410023c7/navigation-common-2.8.3.aar]
Transforming navigation-common-2.8.3.aar (androidx.navigation:navigation-common:2.8.3) with ExtractAarTransform
Transforming hilt-navigation-1.2.0.aar (androidx.hilt:hilt-navigation:1.2.0) with AarTransform
Caching disabled for AarTransform: /home/runner/.gradle/caches/8.9/transforms/ad4d9f30753e121dfdf5f15fa8c11043/transformed/hilt-navigation-1.2.0 because:
  Caching not enabled.
Transforming navigation-runtime-2.8.3.aar (androidx.navigation:navigation-runtime:2.8.3) with AarTransform
Caching disabled for ExtractAarTransform: /home/runner/.gradle/caches/modules-2/files-2.1/androidx.navigation/navigation-common/2.8.3/8e0e7768b8646f3cef39ae53bdaefa76410023c7/navigation-common-2.8.3.aar because:
  Caching not enabled.
Caching disabled for AarTransform: /home/runner/.gradle/caches/8.9/transforms/465ee5133dca15b43b94624bb822b2d7/transformed/navigation-runtime-2.8.3 because:
  Caching not enabled.
Transforming navigation-common-2.8.3.aar (androidx.navigation:navigation-common:2.8.3) with AarTransform
Caching disabled for AarTransform: /home/runner/.gradle/caches/8.9/transforms/d4d33e906d3b0080609dfa0c474308fb/transformed/navigation-common-2.8.3 because:
  Caching not enabled.
Found locally available resource with matching checksum: [https://repo.maven.apache.org/maven2/com/google/dagger/hilt-android/2.52/hilt-android-2.52.aar, /home/runner/.gradle/caches/modules-2/files-2.1/com.google.dagger/hilt-android/2.52/4ed93e32d1cb26b5457daf04fc9a927e7ab9796b/hilt-android-2.52.aar]
Transforming hilt-android-2.52.aar (com.google.dagger:hilt-android:2.52) with ExtractAarTransform
Caching disabled for ExtractAarTransform: /home/runner/.gradle/caches/modules-2/files-2.1/com.google.dagger/hilt-android/2.52/4ed93e32d1cb26b5457daf04fc9a927e7ab9796b/hilt-android-2.52.aar because:
  Caching not enabled.
Transforming hilt-android-2.52.aar (com.google.dagger:hilt-android:2.52) with AarTransform
Caching disabled for AarTransform: /home/runner/.gradle/caches/8.9/transforms/9003ebf40ec55734251a0dd9f6377fea/transformed/hilt-android-2.52 because:
  Caching not enabled.
Found locally available resource with matching checksum: [https://maven.google.com/androidx/navigation/navigation-common-ktx/2.8.3/navigation-common-ktx-2.8.3.aar, /home/runner/.gradle/caches/modules-2/files-2.1/androidx.navigation/navigation-common-ktx/2.8.3/268566962c2242a727f24321bfd56591931af325/navigation-common-ktx-2.8.3.aar]
Transforming navigation-common-ktx-2.8.3.aar (androidx.navigation:navigation-common-ktx:2.8.3) with ExtractAarTransform
Caching disabled for ExtractAarTransform: /home/runner/.gradle/caches/modules-2/files-2.1/androidx.navigation/navigation-common-ktx/2.8.3/268566962c2242a727f24321bfd56591931af325/navigation-common-ktx-2.8.3.aar because:
  Caching not enabled.
Transforming navigation-common-ktx-2.8.3.aar (androidx.navigation:navigation-common-ktx:2.8.3) with AarTransform
Caching disabled for AarTransform: /home/runner/.gradle/caches/8.9/transforms/2dbc64239e4ac921dde2a8d4de940749/transformed/navigation-common-ktx-2.8.3 because:
  Caching not enabled.
Found locally available resource with matching checksum: [https://maven.google.com/androidx/navigation/navigation-runtime-ktx/2.8.3/navigation-runtime-ktx-2.8.3.aar, /home/runner/.gradle/caches/modules-2/files-2.1/androidx.navigation/navigation-runtime-ktx/2.8.3/f063bf8bde2d8bb14439cccd3107d83d9b370a22/navigation-runtime-ktx-2.8.3.aar]
Transforming navigation-runtime-ktx-2.8.3.aar (androidx.navigation:navigation-runtime-ktx:2.8.3) with ExtractAarTransform
Found locally available resource with matching checksum: [https://maven.google.com/androidx/fragment/fragment/1.5.1/fragment-1.5.1.aar, /home/runner/.gradle/caches/modules-2/files-2.1/androidx.fragment/fragment/1.5.1/39660bdcb1ed2c71e181ec3ac7dbfa65fc0f701f/fragment-1.5.1.aar]
Caching disabled for ExtractAarTransform: /home/runner/.gradle/caches/modules-2/files-2.1/androidx.navigation/navigation-runtime-ktx/2.8.3/f063bf8bde2d8bb14439cccd3107d83d9b370a22/navigation-runtime-ktx-2.8.3.aar because:
  Caching not enabled.
Transforming fragment-1.5.1.aar (androidx.fragment:fragment:1.5.1) with ExtractAarTransform
Transforming navigation-runtime-ktx-2.8.3.aar (androidx.navigation:navigation-runtime-ktx:2.8.3) with AarTransform
Caching disabled for AarTransform: /home/runner/.gradle/caches/8.9/transforms/b195ca1dc782125628d31fb0d6b49e45/transformed/navigation-runtime-ktx-2.8.3 because:
  Caching not enabled.
Caching disabled for ExtractAarTransform: /home/runner/.gradle/caches/modules-2/files-2.1/androidx.fragment/fragment/1.5.1/39660bdcb1ed2c71e181ec3ac7dbfa65fc0f701f/fragment-1.5.1.aar because:
  Caching not enabled.
Transforming fragment-1.5.1.aar (androidx.fragment:fragment:1.5.1) with AarTransform
Caching disabled for AarTransform: /home/runner/.gradle/caches/8.9/transforms/78122b888a0a07babc3ab9bf6045b0c1/transformed/fragment-1.5.1 because:
  Caching not enabled.
Found locally available resource with matching checksum: [https://maven.google.com/androidx/navigation/navigation-compose/2.8.3/navigation-compose-2.8.3.aar, /home/runner/.gradle/caches/modules-2/files-2.1/androidx.navigation/navigation-compose/2.8.3/51a3dc042bb316ac7b49d73ad6eacecc6f6dd97/navigation-compose-2.8.3.aar]
Transforming navigation-compose-2.8.3.aar (androidx.navigation:navigation-compose:2.8.3) with ExtractAarTransform
Caching disabled for ExtractAarTransform: /home/runner/.gradle/caches/modules-2/files-2.1/androidx.navigation/navigation-compose/2.8.3/51a3dc042bb316ac7b49d73ad6eacecc6f6dd97/navigation-compose-2.8.3.aar because:
  Caching not enabled.
Found locally available resource with matching checksum: [https://maven.google.com/androidx/activity/activity/1.9.3/activity-1.9.3.aar, /home/runner/.gradle/caches/modules-2/files-2.1/androidx.activity/activity/1.9.3/643a69bf29d8eaedac8bd2974296d15a8748ba54/activity-1.9.3.aar]
Transforming activity-1.9.3.aar (androidx.activity:activity:1.9.3) with ExtractAarTransform
Transforming navigation-compose-2.8.3.aar (androidx.navigation:navigation-compose:2.8.3) with AarTransform
Caching disabled for ExtractAarTransform: /home/runner/.gradle/caches/modules-2/files-2.1/androidx.activity/activity/1.9.3/643a69bf29d8eaedac8bd2974296d15a8748ba54/activity-1.9.3.aar because:
  Caching not enabled.
Transforming activity-1.9.3.aar (androidx.activity:activity:1.9.3) with AarTransform
Caching disabled for AarTransform: /home/runner/.gradle/caches/8.9/transforms/7b17aaf8774922eca7cac21bd968c99a/transformed/activity-1.9.3 because:
  Caching not enabled.
Caching disabled for AarTransform: /home/runner/.gradle/caches/8.9/transforms/ceea842d00899f361805d255c52abba2/transformed/navigation-compose-2.8.3 because:
  Caching not enabled.
Found locally available resource with matching checksum: [https://maven.google.com/androidx/activity/activity-ktx/1.9.3/activity-ktx-1.9.3.aar, /home/runner/.gradle/caches/modules-2/files-2.1/androidx.activity/activity-ktx/1.9.3/a1ac8704cfd955139ae60b07a8fcfc6cab8f218b/activity-ktx-1.9.3.aar]
Transforming activity-ktx-1.9.3.aar (androidx.activity:activity-ktx:1.9.3) with ExtractAarTransform
Caching disabled for ExtractAarTransform: /home/runner/.gradle/caches/modules-2/files-2.1/androidx.activity/activity-ktx/1.9.3/a1ac8704cfd955139ae60b07a8fcfc6cab8f218b/activity-ktx-1.9.3.aar because:
  Caching not enabled.
Transforming activity-ktx-1.9.3.aar (androidx.activity:activity-ktx:1.9.3) with AarTransform
Caching disabled for AarTransform: /home/runner/.gradle/caches/8.9/transforms/1ba716ea9832f4cdd27a3af6b046f466/transformed/activity-ktx-1.9.3 because:
  Caching not enabled.
Found locally available resource with matching checksum: [https://maven.google.com/androidx/compose/material3/material3-android/1.3.1/material3-android-1.3.1.aar, /home/runner/.gradle/caches/modules-2/files-2.1/androidx.compose.material3/material3-android/1.3.1/98016d623b96c25adbc6498aabf07507de258a62/material3-release.aar]
Transforming material3-release.aar (androidx.compose.material3:material3-android:1.3.1) with ExtractAarTransform
Found locally available resource with matching checksum: [https://maven.google.com/androidx/compose/material/material-android/1.7.5/material-android-1.7.5.aar, /home/runner/.gradle/caches/modules-2/files-2.1/androidx.compose.material/material-android/1.7.5/3df3003c21179f8847a0f9f658e84b3b5d0c3668/material-release.aar]
Transforming material-release.aar (androidx.compose.material:material-android:1.7.5) with ExtractAarTransform
Found locally available resource with matching checksum: [https://maven.google.com/androidx/compose/animation/animation-core-android/1.7.5/animation-core-android-1.7.5.aar, /home/runner/.gradle/caches/modules-2/files-2.1/androidx.compose.animation/animation-core-android/1.7.5/67d7ebb3f53921a605ce41e5b9ba5a212c7646b/animation-core-release.aar]
Transforming animation-core-release.aar (androidx.compose.animation:animation-core-android:1.7.5) with ExtractAarTransform
Found locally available resource with matching checksum: [https://maven.google.com/androidx/compose/material/material-ripple-android/1.7.5/material-ripple-android-1.7.5.aar, /home/runner/.gradle/caches/modules-2/files-2.1/androidx.compose.material/material-ripple-android/1.7.5/d7265412c8281e6499f15024a3326a6730989bda/material-ripple-release.aar]
Transforming material-ripple-release.aar (androidx.compose.material:material-ripple-android:1.7.5) with ExtractAarTransform
Caching disabled for ExtractAarTransform: /home/runner/.gradle/caches/modules-2/files-2.1/androidx.compose.material/material-ripple-android/1.7.5/d7265412c8281e6499f15024a3326a6730989bda/material-ripple-release.aar because:
  Caching not enabled.
Caching disabled for ExtractAarTransform: /home/runner/.gradle/caches/modules-2/files-2.1/androidx.compose.material3/material3-android/1.3.1/98016d623b96c25adbc6498aabf07507de258a62/material3-release.aar because:
  Caching not enabled.
Transforming material-ripple-release.aar (androidx.compose.material:material-ripple-android:1.7.5) with AarTransform
Caching disabled for AarTransform: /home/runner/.gradle/caches/8.9/transforms/0e158db0061a783b86bf474f52255b87/transformed/material-ripple-release because:
  Caching not enabled.
Caching disabled for ExtractAarTransform: /home/runner/.gradle/caches/modules-2/files-2.1/androidx.compose.animation/animation-core-android/1.7.5/67d7ebb3f53921a605ce41e5b9ba5a212c7646b/animation-core-release.aar because:
  Caching not enabled.
Caching disabled for ExtractAarTransform: /home/runner/.gradle/caches/modules-2/files-2.1/androidx.compose.material/material-android/1.7.5/3df3003c21179f8847a0f9f658e84b3b5d0c3668/material-release.aar because:
  Caching not enabled.
Transforming animation-core-release.aar (androidx.compose.animation:animation-core-android:1.7.5) with AarTransform
Transforming material3-release.aar (androidx.compose.material3:material3-android:1.3.1) with AarTransform
Transforming material-release.aar (androidx.compose.material:material-android:1.7.5) with AarTransform
Caching disabled for AarTransform: /home/runner/.gradle/caches/8.9/transforms/4d064680c13678dbc92ea204272de3ee/transformed/animation-core-release because:
  Caching not enabled.
Found locally available resource with matching checksum: [https://maven.google.com/androidx/compose/animation/animation-android/1.7.5/animation-android-1.7.5.aar, /home/runner/.gradle/caches/modules-2/files-2.1/androidx.compose.animation/animation-android/1.7.5/d56bb7dc853b96d72639feafa479f2236515d12b/animation-release.aar]
Transforming animation-release.aar (androidx.compose.animation:animation-android:1.7.5) with ExtractAarTransform
Caching disabled for AarTransform: /home/runner/.gradle/caches/8.9/transforms/20bb4ecb2d1f41d90f8c372638e8eda8/transformed/material-release because:
  Caching not enabled.
Caching disabled for ExtractAarTransform: /home/runner/.gradle/caches/modules-2/files-2.1/androidx.compose.animation/animation-android/1.7.5/d56bb7dc853b96d72639feafa479f2236515d12b/animation-release.aar because:
  Caching not enabled.
Caching disabled for AarTransform: /home/runner/.gradle/caches/8.9/transforms/6beccf4f767597a191fb31811f827858/transformed/material3-release because:
  Caching not enabled.
Transforming animation-release.aar (androidx.compose.animation:animation-android:1.7.5) with AarTransform
Caching disabled for AarTransform: /home/runner/.gradle/caches/8.9/transforms/8f70f32cd13cf03b0ec4aa41fd018749/transformed/animation-release because:
  Caching not enabled.
Found locally available resource with matching checksum: [https://maven.google.com/androidx/compose/foundation/foundation-layout-android/1.7.5/foundation-layout-android-1.7.5.aar, /home/runner/.gradle/caches/modules-2/files-2.1/androidx.compose.foundation/foundation-layout-android/1.7.5/2ff3103d05c2a020ba83e316099c322a7366f4bd/foundation-layout-release.aar]
Transforming foundation-layout-release.aar (androidx.compose.foundation:foundation-layout-android:1.7.5) with ExtractAarTransform
Caching disabled for ExtractAarTransform: /home/runner/.gradle/caches/modules-2/files-2.1/androidx.compose.foundation/foundation-layout-android/1.7.5/2ff3103d05c2a020ba83e316099c322a7366f4bd/foundation-layout-release.aar because:
  Caching not enabled.
Transforming foundation-layout-release.aar (androidx.compose.foundation:foundation-layout-android:1.7.5) with AarTransform
Caching disabled for AarTransform: /home/runner/.gradle/caches/8.9/transforms/ecd05d80285a118575803319a89dc0c4/transformed/foundation-layout-release because:
  Caching not enabled.
Found locally available resource with matching checksum: [https://maven.google.com/androidx/compose/foundation/foundation-android/1.7.5/foundation-android-1.7.5.aar, /home/runner/.gradle/caches/modules-2/files-2.1/androidx.compose.foundation/foundation-android/1.7.5/deb4ec7d76431ce2a9179f702cfe17db099196cb/foundation-release.aar]
Transforming foundation-release.aar (androidx.compose.foundation:foundation-android:1.7.5) with ExtractAarTransform
Found locally available resource with matching checksum: [https://maven.google.com/androidx/compose/ui/ui-tooling-data-android/1.7.5/ui-tooling-data-android-1.7.5.aar, /home/runner/.gradle/caches/modules-2/files-2.1/androidx.compose.ui/ui-tooling-data-android/1.7.5/80e9cd9cbb50d2e7f7dc2500e1aea464e3dc4988/ui-tooling-data-release.aar]
Transforming ui-tooling-data-release.aar (androidx.compose.ui:ui-tooling-data-android:1.7.5) with ExtractAarTransform
Caching disabled for ExtractAarTransform: /home/runner/.gradle/caches/modules-2/files-2.1/androidx.compose.ui/ui-tooling-data-android/1.7.5/80e9cd9cbb50d2e7f7dc2500e1aea464e3dc4988/ui-tooling-data-release.aar because:
  Caching not enabled.
Transforming ui-tooling-data-release.aar (androidx.compose.ui:ui-tooling-data-android:1.7.5) with AarTransform
Caching disabled for AarTransform: /home/runner/.gradle/caches/8.9/transforms/eedd67be0846ef762844f8ff3075834a/transformed/ui-tooling-data-release because:
  Caching not enabled.
Found locally available resource with matching checksum: [https://maven.google.com/androidx/compose/ui/ui-unit-android/1.7.5/ui-unit-android-1.7.5.aar, /home/runner/.gradle/caches/modules-2/files-2.1/androidx.compose.ui/ui-unit-android/1.7.5/e8fc180297c7d6961de79fbcfc1401ef5c28248c/ui-unit-release.aar]
Transforming ui-unit-release.aar (androidx.compose.ui:ui-unit-android:1.7.5) with ExtractAarTransform
Caching disabled for ExtractAarTransform: /home/runner/.gradle/caches/modules-2/files-2.1/androidx.compose.ui/ui-unit-android/1.7.5/e8fc180297c7d6961de79fbcfc1401ef5c28248c/ui-unit-release.aar because:
  Caching not enabled.
Transforming ui-unit-release.aar (androidx.compose.ui:ui-unit-android:1.7.5) with AarTransform
Caching disabled for AarTransform: /home/runner/.gradle/caches/8.9/transforms/3fd716325c88c28b9a5f8e9eb9c70beb/transformed/ui-unit-release because:
  Caching not enabled.
Found locally available resource with matching checksum: [https://maven.google.com/androidx/compose/ui/ui-geometry-android/1.7.5/ui-geometry-android-1.7.5.aar, /home/runner/.gradle/caches/modules-2/files-2.1/androidx.compose.ui/ui-geometry-android/1.7.5/c996445d52a1b07ca80b57c45815fed13ae7a642/ui-geometry-release.aar]
Transforming ui-geometry-release.aar (androidx.compose.ui:ui-geometry-android:1.7.5) with ExtractAarTransform
Caching disabled for ExtractAarTransform: /home/runner/.gradle/caches/modules-2/files-2.1/androidx.compose.ui/ui-geometry-android/1.7.5/c996445d52a1b07ca80b57c45815fed13ae7a642/ui-geometry-release.aar because:
  Caching not enabled.
Transforming ui-geometry-release.aar (androidx.compose.ui:ui-geometry-android:1.7.5) with AarTransform
Caching disabled for AarTransform: /home/runner/.gradle/caches/8.9/transforms/9034bd43e79c9a519026d1cdfa19a03d/transformed/ui-geometry-release because:
  Caching not enabled.
Caching disabled for ExtractAarTransform: /home/runner/.gradle/caches/modules-2/files-2.1/androidx.compose.foundation/foundation-android/1.7.5/deb4ec7d76431ce2a9179f702cfe17db099196cb/foundation-release.aar because:
  Caching not enabled.
Found locally available resource with matching checksum: [https://maven.google.com/androidx/compose/ui/ui-util-android/1.7.5/ui-util-android-1.7.5.aar, /home/runner/.gradle/caches/modules-2/files-2.1/androidx.compose.ui/ui-util-android/1.7.5/2c5e20d991a91858d1de801663b2dd804fdbcbaf/ui-util-release.aar]
Transforming ui-util-release.aar (androidx.compose.ui:ui-util-android:1.7.5) with ExtractAarTransform
Caching disabled for ExtractAarTransform: /home/runner/.gradle/caches/modules-2/files-2.1/androidx.compose.ui/ui-util-android/1.7.5/2c5e20d991a91858d1de801663b2dd804fdbcbaf/ui-util-release.aar because:
  Caching not enabled.
Transforming ui-util-release.aar (androidx.compose.ui:ui-util-android:1.7.5) with AarTransform
Caching disabled for AarTransform: /home/runner/.gradle/caches/8.9/transforms/4ba26746e6a3026741c16394a3db0817/transformed/ui-util-release because:
  Caching not enabled.
Found locally available resource with matching checksum: [https://maven.google.com/androidx/compose/ui/ui-text-android/1.7.5/ui-text-android-1.7.5.aar, /home/runner/.gradle/caches/modules-2/files-2.1/androidx.compose.ui/ui-text-android/1.7.5/9061ff3d05e3be0121a43b71b38289f0723ba0a8/ui-text-release.aar]
Transforming ui-text-release.aar (androidx.compose.ui:ui-text-android:1.7.5) with ExtractAarTransform
Caching disabled for ExtractAarTransform: /home/runner/.gradle/caches/modules-2/files-2.1/androidx.compose.ui/ui-text-android/1.7.5/9061ff3d05e3be0121a43b71b38289f0723ba0a8/ui-text-release.aar because:
  Caching not enabled.
Transforming ui-text-release.aar (androidx.compose.ui:ui-text-android:1.7.5) with AarTransform
Transforming foundation-release.aar (androidx.compose.foundation:foundation-android:1.7.5) with AarTransform
Caching disabled for AarTransform: /home/runner/.gradle/caches/8.9/transforms/ed652a239617376d903bece965b72e0c/transformed/ui-text-release because:
  Caching not enabled.
Found locally available resource with matching checksum: [https://maven.google.com/androidx/compose/ui/ui-tooling-preview-android/1.7.5/ui-tooling-preview-android-1.7.5.aar, /home/runner/.gradle/caches/modules-2/files-2.1/androidx.compose.ui/ui-tooling-preview-android/1.7.5/dee9e0705b2a4d3ed51bacde81be81d96cde6aad/ui-tooling-preview-release.aar]
Transforming ui-tooling-preview-release.aar (androidx.compose.ui:ui-tooling-preview-android:1.7.5) with ExtractAarTransform
Caching disabled for ExtractAarTransform: /home/runner/.gradle/caches/modules-2/files-2.1/androidx.compose.ui/ui-tooling-preview-android/1.7.5/dee9e0705b2a4d3ed51bacde81be81d96cde6aad/ui-tooling-preview-release.aar because:
  Caching not enabled.
Transforming ui-tooling-preview-release.aar (androidx.compose.ui:ui-tooling-preview-android:1.7.5) with AarTransform
Caching disabled for AarTransform: /home/runner/.gradle/caches/8.9/transforms/1a6c894bd7d73e041f848716192bee60/transformed/ui-tooling-preview-release because:
  Caching not enabled.
Caching disabled for AarTransform: /home/runner/.gradle/caches/8.9/transforms/50b1902f5ec20fc13023b76fb9a599e6/transformed/foundation-release because:
  Caching not enabled.
Found locally available resource with matching checksum: [https://maven.google.com/androidx/compose/ui/ui-graphics-android/1.7.5/ui-graphics-android-1.7.5.aar, /home/runner/.gradle/caches/modules-2/files-2.1/androidx.compose.ui/ui-graphics-android/1.7.5/cfa7668e2a926c316310b7ac8c544a23ce32dd89/ui-graphics-release.aar]
Transforming ui-graphics-release.aar (androidx.compose.ui:ui-graphics-android:1.7.5) with ExtractAarTransform
Found locally available resource with matching checksum: [https://maven.google.com/androidx/activity/activity-compose/1.9.3/activity-compose-1.9.3.aar, /home/runner/.gradle/caches/modules-2/files-2.1/androidx.activity/activity-compose/1.9.3/a164a9b2befba58b27451b4bc071c5335c500872/activity-compose-1.9.3.aar]
Transforming activity-compose-1.9.3.aar (androidx.activity:activity-compose:1.9.3) with ExtractAarTransform
Found locally available resource with matching checksum: [https://maven.google.com/androidx/compose/ui/ui-tooling-android/1.7.5/ui-tooling-android-1.7.5.aar, /home/runner/.gradle/caches/modules-2/files-2.1/androidx.compose.ui/ui-tooling-android/1.7.5/6a998a8562da7474ee0391915e5843eac1e4cd54/ui-tooling-release.aar]
Caching disabled for ExtractAarTransform: /home/runner/.gradle/caches/modules-2/files-2.1/androidx.compose.ui/ui-graphics-android/1.7.5/cfa7668e2a926c316310b7ac8c544a23ce32dd89/ui-graphics-release.aar because:
  Caching not enabled.
Transforming ui-tooling-release.aar (androidx.compose.ui:ui-tooling-android:1.7.5) with ExtractAarTransform
Caching disabled for ExtractAarTransform: /home/runner/.gradle/caches/modules-2/files-2.1/androidx.compose.ui/ui-tooling-android/1.7.5/6a998a8562da7474ee0391915e5843eac1e4cd54/ui-tooling-release.aar because:
  Caching not enabled.
Transforming ui-tooling-release.aar (androidx.compose.ui:ui-tooling-android:1.7.5) with AarTransform
Caching disabled for ExtractAarTransform: /home/runner/.gradle/caches/modules-2/files-2.1/androidx.activity/activity-compose/1.9.3/a164a9b2befba58b27451b4bc071c5335c500872/activity-compose-1.9.3.aar because:
  Caching not enabled.
Caching disabled for AarTransform: /home/runner/.gradle/caches/8.9/transforms/377064f6a8a637067f11c20dccf96de9/transformed/ui-tooling-release because:
  Caching not enabled.
Transforming ui-graphics-release.aar (androidx.compose.ui:ui-graphics-android:1.7.5) with AarTransform
Transforming activity-compose-1.9.3.aar (androidx.activity:activity-compose:1.9.3) with AarTransform
Caching disabled for AarTransform: /home/runner/.gradle/caches/8.9/transforms/0b22198a7488454fa14b7735f0f509eb/transformed/activity-compose-1.9.3 because:
  Caching not enabled.
Caching disabled for AarTransform: /home/runner/.gradle/caches/8.9/transforms/eb8ee0b21d6aa966a80bc93f20959e1d/transformed/ui-graphics-release because:
  Caching not enabled.
Found locally available resource with matching checksum: [https://maven.google.com/androidx/savedstate/savedstate-ktx/1.2.1/savedstate-ktx-1.2.1.aar, /home/runner/.gradle/caches/modules-2/files-2.1/androidx.savedstate/savedstate-ktx/1.2.1/b86d338d91b1c26193a42b1d87be9bb02123fa16/savedstate-ktx-1.2.1.aar]
Transforming savedstate-ktx-1.2.1.aar (androidx.savedstate:savedstate-ktx:1.2.1) with ExtractAarTransform
Caching disabled for ExtractAarTransform: /home/runner/.gradle/caches/modules-2/files-2.1/androidx.savedstate/savedstate-ktx/1.2.1/b86d338d91b1c26193a42b1d87be9bb02123fa16/savedstate-ktx-1.2.1.aar because:
  Caching not enabled.
Transforming savedstate-ktx-1.2.1.aar (androidx.savedstate:savedstate-ktx:1.2.1) with AarTransform
Caching disabled for AarTransform: /home/runner/.gradle/caches/8.9/transforms/90932bdf55a6bc176d49667881ec7843/transformed/savedstate-ktx-1.2.1 because:
  Caching not enabled.
Found locally available resource with matching checksum: [https://maven.google.com/androidx/savedstate/savedstate/1.2.1/savedstate-1.2.1.aar, /home/runner/.gradle/caches/modules-2/files-2.1/androidx.savedstate/savedstate/1.2.1/e364fc9dec32aa569d855f85864e50250318a093/savedstate-1.2.1.aar]
Transforming savedstate-1.2.1.aar (androidx.savedstate:savedstate:1.2.1) with ExtractAarTransform
Caching disabled for ExtractAarTransform: /home/runner/.gradle/caches/modules-2/files-2.1/androidx.savedstate/savedstate/1.2.1/e364fc9dec32aa569d855f85864e50250318a093/savedstate-1.2.1.aar because:
  Caching not enabled.
Transforming savedstate-1.2.1.aar (androidx.savedstate:savedstate:1.2.1) with AarTransform
Caching disabled for AarTransform: /home/runner/.gradle/caches/8.9/transforms/aa31e808e1b8b69495c21ddfdfea88cc/transformed/savedstate-1.2.1 because:
  Caching not enabled.
Found locally available resource with matching checksum: [https://maven.google.com/androidx/loader/loader/1.0.0/loader-1.0.0.aar, /home/runner/.gradle/caches/modules-2/files-2.1/androidx.loader/loader/1.0.0/8af8b6cec0da85c207d03e15840e0722cbc71e70/loader-1.0.0.aar]
Transforming loader-1.0.0.aar (androidx.loader:loader:1.0.0) with ExtractAarTransform
Caching disabled for ExtractAarTransform: /home/runner/.gradle/caches/modules-2/files-2.1/androidx.loader/loader/1.0.0/8af8b6cec0da85c207d03e15840e0722cbc71e70/loader-1.0.0.aar because:
  Caching not enabled.
Transforming loader-1.0.0.aar (androidx.loader:loader:1.0.0) with AarTransform
Caching disabled for AarTransform: /home/runner/.gradle/caches/8.9/transforms/a06a20b09cfe9d50558996bed72b9bac/transformed/loader-1.0.0 because:
  Caching not enabled.
Found locally available resource with matching checksum: [https://maven.google.com/androidx/emoji2/emoji2/1.3.0/emoji2-1.3.0.aar, /home/runner/.gradle/caches/modules-2/files-2.1/androidx.emoji2/emoji2/1.3.0/37ed42991ddf77924510472dba632314aab1c9d9/emoji2-1.3.0.aar]
Transforming emoji2-1.3.0.aar (androidx.emoji2:emoji2:1.3.0) with ExtractAarTransform
Caching disabled for ExtractAarTransform: /home/runner/.gradle/caches/modules-2/files-2.1/androidx.emoji2/emoji2/1.3.0/37ed42991ddf77924510472dba632314aab1c9d9/emoji2-1.3.0.aar because:
  Caching not enabled.
Transforming emoji2-1.3.0.aar (androidx.emoji2:emoji2:1.3.0) with AarTransform
Caching disabled for AarTransform: /home/runner/.gradle/caches/8.9/transforms/e7dacae607132f83ac84f78c820c58db/transformed/emoji2-1.3.0 because:
  Caching not enabled.
Found locally available resource with matching checksum: [https://maven.google.com/androidx/lifecycle/lifecycle-process/2.8.6/lifecycle-process-2.8.6.aar, /home/runner/.gradle/caches/modules-2/files-2.1/androidx.lifecycle/lifecycle-process/2.8.6/51e3ef71087d5f1634fb6c2b12a543ec11dd8972/lifecycle-process-2.8.6.aar]
Transforming lifecycle-process-2.8.6.aar (androidx.lifecycle:lifecycle-process:2.8.6) with ExtractAarTransform
Caching disabled for ExtractAarTransform: /home/runner/.gradle/caches/modules-2/files-2.1/androidx.lifecycle/lifecycle-process/2.8.6/51e3ef71087d5f1634fb6c2b12a543ec11dd8972/lifecycle-process-2.8.6.aar because:
  Caching not enabled.
Transforming lifecycle-process-2.8.6.aar (androidx.lifecycle:lifecycle-process:2.8.6) with AarTransform
Caching disabled for AarTransform: /home/runner/.gradle/caches/8.9/transforms/962d0c0f47f07b6b05e11de92b7c147f/transformed/lifecycle-process-2.8.6 because:
  Caching not enabled.
Found locally available resource with matching checksum: [https://maven.google.com/androidx/lifecycle/lifecycle-livedata-core-ktx/2.8.6/lifecycle-livedata-core-ktx-2.8.6.aar, /home/runner/.gradle/caches/modules-2/files-2.1/androidx.lifecycle/lifecycle-livedata-core-ktx/2.8.6/b5ba5c5f50ef12f1e60678258778fba426020d53/lifecycle-livedata-core-ktx-2.8.6.aar]
Transforming lifecycle-livedata-core-ktx-2.8.6.aar (androidx.lifecycle:lifecycle-livedata-core-ktx:2.8.6) with ExtractAarTransform
Caching disabled for ExtractAarTransform: /home/runner/.gradle/caches/modules-2/files-2.1/androidx.lifecycle/lifecycle-livedata-core-ktx/2.8.6/b5ba5c5f50ef12f1e60678258778fba426020d53/lifecycle-livedata-core-ktx-2.8.6.aar because:
  Caching not enabled.
Transforming lifecycle-livedata-core-ktx-2.8.6.aar (androidx.lifecycle:lifecycle-livedata-core-ktx:2.8.6) with AarTransform
Caching disabled for AarTransform: /home/runner/.gradle/caches/8.9/transforms/0522020dde5581db3657b7a4e1d103b5/transformed/lifecycle-livedata-core-ktx-2.8.6 because:
  Caching not enabled.
Found locally available resource with matching checksum: [https://maven.google.com/androidx/lifecycle/lifecycle-livedata/2.8.6/lifecycle-livedata-2.8.6.aar, /home/runner/.gradle/caches/modules-2/files-2.1/androidx.lifecycle/lifecycle-livedata/2.8.6/3013c84475ca51f848069593721bc9b95d2f6865/lifecycle-livedata-2.8.6.aar]
Transforming lifecycle-livedata-2.8.6.aar (androidx.lifecycle:lifecycle-livedata:2.8.6) with ExtractAarTransform
Caching disabled for ExtractAarTransform: /home/runner/.gradle/caches/modules-2/files-2.1/androidx.lifecycle/lifecycle-livedata/2.8.6/3013c84475ca51f848069593721bc9b95d2f6865/lifecycle-livedata-2.8.6.aar because:
  Caching not enabled.
Found locally available resource with matching checksum: [https://maven.google.com/androidx/lifecycle/lifecycle-viewmodel/2.8.6/lifecycle-viewmodel-2.8.6.aar, /home/runner/.gradle/caches/modules-2/files-2.1/androidx.lifecycle/lifecycle-viewmodel/2.8.6/b24817e8c78b402c8d44acf07aeacd71f000ead2/lifecycle-viewmodel-2.8.6.aar]
Transforming lifecycle-viewmodel-2.8.6.aar (androidx.lifecycle:lifecycle-viewmodel:2.8.6) with ExtractAarTransform
Caching disabled for ExtractAarTransform: /home/runner/.gradle/caches/modules-2/files-2.1/androidx.lifecycle/lifecycle-viewmodel/2.8.6/b24817e8c78b402c8d44acf07aeacd71f000ead2/lifecycle-viewmodel-2.8.6.aar because:
  Caching not enabled.
Transforming lifecycle-viewmodel-2.8.6.aar (androidx.lifecycle:lifecycle-viewmodel:2.8.6) with AarTransform
Transforming lifecycle-livedata-2.8.6.aar (androidx.lifecycle:lifecycle-livedata:2.8.6) with AarTransform
Caching disabled for AarTransform: /home/runner/.gradle/caches/8.9/transforms/90b89a176e7ec2395e669ca023f26edf/transformed/lifecycle-viewmodel-2.8.6 because:
  Caching not enabled.
Caching disabled for AarTransform: /home/runner/.gradle/caches/8.9/transforms/0b564fb7dcdb48d095b445cc31899d2f/transformed/lifecycle-livedata-2.8.6 because:
  Caching not enabled.
Found locally available resource with matching checksum: [https://maven.google.com/androidx/lifecycle/lifecycle-viewmodel-android/2.8.6/lifecycle-viewmodel-android-2.8.6.aar, /home/runner/.gradle/caches/modules-2/files-2.1/androidx.lifecycle/lifecycle-viewmodel-android/2.8.6/6ddde78dcc7778b33123967d7f87f81853863c2c/lifecycle-viewmodel-release.aar]
Transforming lifecycle-viewmodel-release.aar (androidx.lifecycle:lifecycle-viewmodel-android:2.8.6) with ExtractAarTransform
Caching disabled for ExtractAarTransform: /home/runner/.gradle/caches/modules-2/files-2.1/androidx.lifecycle/lifecycle-viewmodel-android/2.8.6/6ddde78dcc7778b33123967d7f87f81853863c2c/lifecycle-viewmodel-release.aar because:
  Caching not enabled.
Transforming lifecycle-viewmodel-release.aar (androidx.lifecycle:lifecycle-viewmodel-android:2.8.6) with AarTransform
Caching disabled for AarTransform: /home/runner/.gradle/caches/8.9/transforms/17fc0bc7bc5aa3696d5d672a2565c57a/transformed/lifecycle-viewmodel-release because:
  Caching not enabled.
Found locally available resource with matching checksum: [https://maven.google.com/androidx/lifecycle/lifecycle-runtime-android/2.8.6/lifecycle-runtime-android-2.8.6.aar, /home/runner/.gradle/caches/modules-2/files-2.1/androidx.lifecycle/lifecycle-runtime-android/2.8.6/c9f2aabb0f3da152ac2afb33c0ff5daad8af8285/lifecycle-runtime-release.aar]
Transforming lifecycle-runtime-release.aar (androidx.lifecycle:lifecycle-runtime-android:2.8.6) with ExtractAarTransform
Caching disabled for ExtractAarTransform: /home/runner/.gradle/caches/modules-2/files-2.1/androidx.lifecycle/lifecycle-runtime-android/2.8.6/c9f2aabb0f3da152ac2afb33c0ff5daad8af8285/lifecycle-runtime-release.aar because:
  Caching not enabled.
Transforming lifecycle-runtime-release.aar (androidx.lifecycle:lifecycle-runtime-android:2.8.6) with AarTransform
Caching disabled for AarTransform: /home/runner/.gradle/caches/8.9/transforms/a01d1204b2223af9f8c26a2648120f4d/transformed/lifecycle-runtime-release because:
  Caching not enabled.
Found locally available resource with matching checksum: [https://maven.google.com/androidx/lifecycle/lifecycle-livedata-core/2.8.6/lifecycle-livedata-core-2.8.6.aar, /home/runner/.gradle/caches/modules-2/files-2.1/androidx.lifecycle/lifecycle-livedata-core/2.8.6/3be981a5e5b14a96f62cf2f33fe8b9372f4729c5/lifecycle-livedata-core-2.8.6.aar]
Transforming lifecycle-livedata-core-2.8.6.aar (androidx.lifecycle:lifecycle-livedata-core:2.8.6) with ExtractAarTransform
Caching disabled for ExtractAarTransform: /home/runner/.gradle/caches/modules-2/files-2.1/androidx.lifecycle/lifecycle-livedata-core/2.8.6/3be981a5e5b14a96f62cf2f33fe8b9372f4729c5/lifecycle-livedata-core-2.8.6.aar because:
  Caching not enabled.
Transforming lifecycle-livedata-core-2.8.6.aar (androidx.lifecycle:lifecycle-livedata-core:2.8.6) with AarTransform
Caching disabled for AarTransform: /home/runner/.gradle/caches/8.9/transforms/0a3cd9da5b5b76b08145565a0b64e378/transformed/lifecycle-livedata-core-2.8.6 because:
  Caching not enabled.
Found locally available resource with matching checksum: [https://maven.google.com/androidx/lifecycle/lifecycle-viewmodel-ktx/2.8.6/lifecycle-viewmodel-ktx-2.8.6.aar, /home/runner/.gradle/caches/modules-2/files-2.1/androidx.lifecycle/lifecycle-viewmodel-ktx/2.8.6/c4392db648259d8fe8193f8771c1b7bf57cbcd31/lifecycle-viewmodel-ktx-2.8.6.aar]
Transforming lifecycle-viewmodel-ktx-2.8.6.aar (androidx.lifecycle:lifecycle-viewmodel-ktx:2.8.6) with ExtractAarTransform
Caching disabled for ExtractAarTransform: /home/runner/.gradle/caches/modules-2/files-2.1/androidx.lifecycle/lifecycle-viewmodel-ktx/2.8.6/c4392db648259d8fe8193f8771c1b7bf57cbcd31/lifecycle-viewmodel-ktx-2.8.6.aar because:
  Caching not enabled.
Transforming lifecycle-viewmodel-ktx-2.8.6.aar (androidx.lifecycle:lifecycle-viewmodel-ktx:2.8.6) with AarTransform
Caching disabled for AarTransform: /home/runner/.gradle/caches/8.9/transforms/8b3d9602325ce4c2847a5ecc8178e8c0/transformed/lifecycle-viewmodel-ktx-2.8.6 because:
  Caching not enabled.
Found locally available resource with matching checksum: [https://maven.google.com/androidx/lifecycle/lifecycle-viewmodel-savedstate/2.8.6/lifecycle-viewmodel-savedstate-2.8.6.aar, /home/runner/.gradle/caches/modules-2/files-2.1/androidx.lifecycle/lifecycle-viewmodel-savedstate/2.8.6/81d58186f4a29d1008bb209689713e69ef346cf9/lifecycle-viewmodel-savedstate-2.8.6.aar]
Transforming lifecycle-viewmodel-savedstate-2.8.6.aar (androidx.lifecycle:lifecycle-viewmodel-savedstate:2.8.6) with ExtractAarTransform
Caching disabled for ExtractAarTransform: /home/runner/.gradle/caches/modules-2/files-2.1/androidx.lifecycle/lifecycle-viewmodel-savedstate/2.8.6/81d58186f4a29d1008bb209689713e69ef346cf9/lifecycle-viewmodel-savedstate-2.8.6.aar because:
  Caching not enabled.
Transforming lifecycle-viewmodel-savedstate-2.8.6.aar (androidx.lifecycle:lifecycle-viewmodel-savedstate:2.8.6) with AarTransform
Caching disabled for AarTransform: /home/runner/.gradle/caches/8.9/transforms/bd48baa61b5e8859e94b8182a0905745/transformed/lifecycle-viewmodel-savedstate-2.8.6 because:
  Caching not enabled.
Found locally available resource with matching checksum: [https://maven.google.com/androidx/lifecycle/lifecycle-runtime-compose-android/2.8.6/lifecycle-runtime-compose-android-2.8.6.aar, /home/runner/.gradle/caches/modules-2/files-2.1/androidx.lifecycle/lifecycle-runtime-compose-android/2.8.6/d1ac4026bd1364d082cda6de08c2cf85a8580ebc/lifecycle-runtime-compose-release.aar]
Transforming lifecycle-runtime-compose-release.aar (androidx.lifecycle:lifecycle-runtime-compose-android:2.8.6) with ExtractAarTransform
Caching disabled for ExtractAarTransform: /home/runner/.gradle/caches/modules-2/files-2.1/androidx.lifecycle/lifecycle-runtime-compose-android/2.8.6/d1ac4026bd1364d082cda6de08c2cf85a8580ebc/lifecycle-runtime-compose-release.aar because:
  Caching not enabled.
Transforming lifecycle-runtime-compose-release.aar (androidx.lifecycle:lifecycle-runtime-compose-android:2.8.6) with AarTransform
Caching disabled for AarTransform: /home/runner/.gradle/caches/8.9/transforms/32e6e848fb1ddd1db586378d1f473645/transformed/lifecycle-runtime-compose-release because:
  Caching not enabled.
Found locally available resource with matching checksum: [https://maven.google.com/androidx/lifecycle/lifecycle-runtime-ktx-android/2.8.6/lifecycle-runtime-ktx-android-2.8.6.aar, /home/runner/.gradle/caches/modules-2/files-2.1/androidx.lifecycle/lifecycle-runtime-ktx-android/2.8.6/1311e9e449c509f0065bfb2d0cfb51df491b0742/lifecycle-runtime-ktx-release.aar]
Transforming lifecycle-runtime-ktx-release.aar (androidx.lifecycle:lifecycle-runtime-ktx-android:2.8.6) with ExtractAarTransform
Caching disabled for ExtractAarTransform: /home/runner/.gradle/caches/modules-2/files-2.1/androidx.lifecycle/lifecycle-runtime-ktx-android/2.8.6/1311e9e449c509f0065bfb2d0cfb51df491b0742/lifecycle-runtime-ktx-release.aar because:
  Caching not enabled.
Transforming lifecycle-runtime-ktx-release.aar (androidx.lifecycle:lifecycle-runtime-ktx-android:2.8.6) with AarTransform
Caching disabled for AarTransform: /home/runner/.gradle/caches/8.9/transforms/36c7df64eee3e12d89ac1ab86f5a80db/transformed/lifecycle-runtime-ktx-release because:
  Caching not enabled.
Found locally available resource with matching checksum: [https://maven.google.com/androidx/compose/material/material-icons-extended-android/1.7.5/material-icons-extended-android-1.7.5.aar, /home/runner/.gradle/caches/modules-2/files-2.1/androidx.compose.material/material-icons-extended-android/1.7.5/7f99672e6beef9c5e5a6627671a139fe6aad57ed/material-icons-extended-release.aar]
Found locally available resource with matching checksum: [https://maven.google.com/androidx/lifecycle/lifecycle-viewmodel-compose-android/2.8.6/lifecycle-viewmodel-compose-android-2.8.6.aar, /home/runner/.gradle/caches/modules-2/files-2.1/androidx.lifecycle/lifecycle-viewmodel-compose-android/2.8.6/fb420f344676805c1f5e304aef1b07242953cebf/lifecycle-viewmodel-compose-release.aar]
Transforming lifecycle-viewmodel-compose-release.aar (androidx.lifecycle:lifecycle-viewmodel-compose-android:2.8.6) with ExtractAarTransform
Caching disabled for ExtractAarTransform: /home/runner/.gradle/caches/modules-2/files-2.1/androidx.lifecycle/lifecycle-viewmodel-compose-android/2.8.6/fb420f344676805c1f5e304aef1b07242953cebf/lifecycle-viewmodel-compose-release.aar because:
  Caching not enabled.
Transforming lifecycle-viewmodel-compose-release.aar (androidx.lifecycle:lifecycle-viewmodel-compose-android:2.8.6) with AarTransform
Caching disabled for AarTransform: /home/runner/.gradle/caches/8.9/transforms/c92df85f6d2f30283dc663aea998868a/transformed/lifecycle-viewmodel-compose-release because:
  Caching not enabled.
Transforming material-icons-extended-release.aar (androidx.compose.material:material-icons-extended-android:1.7.5) with ExtractAarTransform
Found locally available resource with matching checksum: [https://maven.google.com/androidx/compose/ui/ui-android/1.7.5/ui-android-1.7.5.aar, /home/runner/.gradle/caches/modules-2/files-2.1/androidx.compose.ui/ui-android/1.7.5/1cc23a4d273407ef91e50717fca15a25cce765b0/ui-release.aar]
Found locally available resource with matching checksum: [https://maven.google.com/androidx/compose/material/material-icons-core-android/1.7.5/material-icons-core-android-1.7.5.aar, /home/runner/.gradle/caches/modules-2/files-2.1/androidx.compose.material/material-icons-core-android/1.7.5/5c1be323cc5970f4c761ee4bc04a4a03c55e673a/material-icons-core-release.aar]
Transforming material-icons-core-release.aar (androidx.compose.material:material-icons-core-android:1.7.5) with ExtractAarTransform
Transforming ui-release.aar (androidx.compose.ui:ui-android:1.7.5) with ExtractAarTransform
Caching disabled for ExtractAarTransform: /home/runner/.gradle/caches/modules-2/files-2.1/androidx.compose.material/material-icons-core-android/1.7.5/5c1be323cc5970f4c761ee4bc04a4a03c55e673a/material-icons-core-release.aar because:
  Caching not enabled.
Transforming material-icons-core-release.aar (androidx.compose.material:material-icons-core-android:1.7.5) with AarTransform
Caching disabled for AarTransform: /home/runner/.gradle/caches/8.9/transforms/f2dd91c7336c7cd395adedc68ed77786/transformed/material-icons-core-release because:
  Caching not enabled.
Found locally available resource with matching checksum: [https://maven.google.com/androidx/viewpager/viewpager/1.0.0/viewpager-1.0.0.aar, /home/runner/.gradle/caches/modules-2/files-2.1/androidx.viewpager/viewpager/1.0.0/1f90e13820f96c2fb868f9674079a551678d68b2/viewpager-1.0.0.aar]
Transforming viewpager-1.0.0.aar (androidx.viewpager:viewpager:1.0.0) with ExtractAarTransform
Caching disabled for ExtractAarTransform: /home/runner/.gradle/caches/modules-2/files-2.1/androidx.viewpager/viewpager/1.0.0/1f90e13820f96c2fb868f9674079a551678d68b2/viewpager-1.0.0.aar because:
  Caching not enabled.
Transforming viewpager-1.0.0.aar (androidx.viewpager:viewpager:1.0.0) with AarTransform
Caching disabled for AarTransform: /home/runner/.gradle/caches/8.9/transforms/e7da36e077eb0da19a460aac69da9908/transformed/viewpager-1.0.0 because:
  Caching not enabled.
Caching disabled for ExtractAarTransform: /home/runner/.gradle/caches/modules-2/files-2.1/androidx.compose.ui/ui-android/1.7.5/1cc23a4d273407ef91e50717fca15a25cce765b0/ui-release.aar because:
  Caching not enabled.
Found locally available resource with matching checksum: [https://maven.google.com/androidx/graphics/graphics-path/1.0.1/graphics-path-1.0.1.aar, /home/runner/.gradle/caches/modules-2/files-2.1/androidx.graphics/graphics-path/1.0.1/7e243033abd313c7202428422a01d48691378e33/graphics-path-1.0.1.aar]
Transforming graphics-path-1.0.1.aar (androidx.graphics:graphics-path:1.0.1) with ExtractAarTransform
Caching disabled for ExtractAarTransform: /home/runner/.gradle/caches/modules-2/files-2.1/androidx.graphics/graphics-path/1.0.1/7e243033abd313c7202428422a01d48691378e33/graphics-path-1.0.1.aar because:
  Caching not enabled.
Transforming graphics-path-1.0.1.aar (androidx.graphics:graphics-path:1.0.1) with AarTransform
Caching disabled for AarTransform: /home/runner/.gradle/caches/8.9/transforms/338142dbc7d5dd547654c03215036f9e/transformed/graphics-path-1.0.1 because:
  Caching not enabled.
Found locally available resource with matching checksum: [https://maven.google.com/androidx/autofill/autofill/1.0.0/autofill-1.0.0.aar, /home/runner/.gradle/caches/modules-2/files-2.1/androidx.autofill/autofill/1.0.0/d95a6e3b895ad8f037dd01d88c87138b6d5eb507/autofill-1.0.0.aar]
Transforming autofill-1.0.0.aar (androidx.autofill:autofill:1.0.0) with ExtractAarTransform
Caching disabled for ExtractAarTransform: /home/runner/.gradle/caches/modules-2/files-2.1/androidx.autofill/autofill/1.0.0/d95a6e3b895ad8f037dd01d88c87138b6d5eb507/autofill-1.0.0.aar because:
  Caching not enabled.
Transforming autofill-1.0.0.aar (androidx.autofill:autofill:1.0.0) with AarTransform
Caching disabled for AarTransform: /home/runner/.gradle/caches/8.9/transforms/1b582b7df9024784fcac930316c18bce/transformed/autofill-1.0.0 because:
  Caching not enabled.
Transforming ui-release.aar (androidx.compose.ui:ui-android:1.7.5) with AarTransform
Found locally available resource with matching checksum: [https://maven.google.com/androidx/customview/customview/1.0.0/customview-1.0.0.aar, /home/runner/.gradle/caches/modules-2/files-2.1/androidx.customview/customview/1.0.0/30f5ff6075d112f8076e733b24410e68159735b6/customview-1.0.0.aar]
Transforming customview-1.0.0.aar (androidx.customview:customview:1.0.0) with ExtractAarTransform
Caching disabled for ExtractAarTransform: /home/runner/.gradle/caches/modules-2/files-2.1/androidx.customview/customview/1.0.0/30f5ff6075d112f8076e733b24410e68159735b6/customview-1.0.0.aar because:
  Caching not enabled.
Transforming customview-1.0.0.aar (androidx.customview:customview:1.0.0) with AarTransform
Caching disabled for AarTransform: /home/runner/.gradle/caches/8.9/transforms/4c14aaf8029480c22ef47249c536049a/transformed/customview-1.0.0 because:
  Caching not enabled.
Found locally available resource with matching checksum: [https://maven.google.com/androidx/core/core/1.13.1/core-1.13.1.aar, /home/runner/.gradle/caches/modules-2/files-2.1/androidx.core/core/1.13.1/4606d420282fe1e5c8d5c4e647ec188e1045b7be/core-1.13.1.aar]
Transforming core-1.13.1.aar (androidx.core:core:1.13.1) with ExtractAarTransform
Transforming core-1.13.1.aar (androidx.core:core:1.13.1) with ExtractAarTransform
Caching disabled for AarTransform: /home/runner/.gradle/caches/8.9/transforms/fb395d79e2d72c7e008ece765567391a/transformed/ui-release because:
  Caching not enabled.
Transforming core-1.13.1.aar (androidx.core:core:1.13.1) with ExtractAarTransform
Caching disabled for ExtractAarTransform: /home/runner/.gradle/caches/modules-2/files-2.1/androidx.core/core/1.13.1/4606d420282fe1e5c8d5c4e647ec188e1045b7be/core-1.13.1.aar because:
  Caching not enabled.
Transforming core-1.13.1.aar (androidx.core:core:1.13.1) with AarTransform
Transforming core-1.13.1.aar (androidx.core:core:1.13.1) with AarTransform
Transforming core-1.13.1.aar (androidx.core:core:1.13.1) with AarTransform
Caching disabled for AarTransform: /home/runner/.gradle/caches/8.9/transforms/6bb7b87146d1e8f53e3dcff3d9228836/transformed/core-1.13.1 because:
  Caching not enabled.
Transforming core-1.13.1.aar (androidx.core:core:1.13.1) with ExtractAarTransform
Transforming core-1.13.1.aar (androidx.core:core:1.13.1) with AarTransform
Found locally available resource with matching checksum: [https://maven.google.com/androidx/customview/customview-poolingcontainer/1.0.0/customview-poolingcontainer-1.0.0.aar, /home/runner/.gradle/caches/modules-2/files-2.1/androidx.customview/customview-poolingcontainer/1.0.0/579fc832cf0e5be08d8d9571850b50d22d9de3c/customview-poolingcontainer-1.0.0.aar]
Transforming customview-poolingcontainer-1.0.0.aar (androidx.customview:customview-poolingcontainer:1.0.0) with ExtractAarTransform
Caching disabled for ExtractAarTransform: /home/runner/.gradle/caches/modules-2/files-2.1/androidx.customview/customview-poolingcontainer/1.0.0/579fc832cf0e5be08d8d9571850b50d22d9de3c/customview-poolingcontainer-1.0.0.aar because:
  Caching not enabled.
Transforming customview-poolingcontainer-1.0.0.aar (androidx.customview:customview-poolingcontainer:1.0.0) with AarTransform
Caching disabled for AarTransform: /home/runner/.gradle/caches/8.9/transforms/6f7a4f248d0d4b58cb58dea0baf15ed9/transformed/customview-poolingcontainer-1.0.0 because:
  Caching not enabled.
Found locally available resource with matching checksum: [https://maven.google.com/androidx/room/room-runtime/2.6.1/room-runtime-2.6.1.aar, /home/runner/.gradle/caches/modules-2/files-2.1/androidx.room/room-runtime/2.6.1/3ebcd7683411c298dd8aeee635f452c96eaf319/room-runtime-2.6.1.aar]
Transforming room-runtime-2.6.1.aar (androidx.room:room-runtime:2.6.1) with ExtractAarTransform
Caching disabled for ExtractAarTransform: /home/runner/.gradle/caches/modules-2/files-2.1/androidx.room/room-runtime/2.6.1/3ebcd7683411c298dd8aeee635f452c96eaf319/room-runtime-2.6.1.aar because:
  Caching not enabled.
Transforming room-runtime-2.6.1.aar (androidx.room:room-runtime:2.6.1) with AarTransform
Found locally available resource with matching checksum: [https://maven.google.com/androidx/core/core-ktx/1.13.1/core-ktx-1.13.1.aar, /home/runner/.gradle/caches/modules-2/files-2.1/androidx.core/core-ktx/1.13.1/f595b8c10fad9099f71a3c1fc6ded1c9b5010190/core-ktx-1.13.1.aar]
Transforming core-ktx-1.13.1.aar (androidx.core:core-ktx:1.13.1) with ExtractAarTransform
Caching disabled for AarTransform: /home/runner/.gradle/caches/8.9/transforms/4771675c2ad91221a74ebcde08c3d2e7/transformed/room-runtime-2.6.1 because:
  Caching not enabled.
Caching disabled for ExtractAarTransform: /home/runner/.gradle/caches/modules-2/files-2.1/androidx.core/core-ktx/1.13.1/f595b8c10fad9099f71a3c1fc6ded1c9b5010190/core-ktx-1.13.1.aar because:
  Caching not enabled.
Transforming core-ktx-1.13.1.aar (androidx.core:core-ktx:1.13.1) with AarTransform
Caching disabled for AarTransform: /home/runner/.gradle/caches/8.9/transforms/51e90ff84cd5fef82aca80c6b8df3077/transformed/core-ktx-1.13.1 because:
  Caching not enabled.
Found locally available resource with matching checksum: [https://maven.google.com/androidx/room/room-ktx/2.6.1/room-ktx-2.6.1.aar, /home/runner/.gradle/caches/modules-2/files-2.1/androidx.room/room-ktx/2.6.1/1f353808ec8a8b2d0a554d2a3f43f0829982df60/room-ktx-2.6.1.aar]
Transforming room-ktx-2.6.1.aar (androidx.room:room-ktx:2.6.1) with ExtractAarTransform
Caching disabled for ExtractAarTransform: /home/runner/.gradle/caches/modules-2/files-2.1/androidx.room/room-ktx/2.6.1/1f353808ec8a8b2d0a554d2a3f43f0829982df60/room-ktx-2.6.1.aar because:
  Caching not enabled.
Transforming room-ktx-2.6.1.aar (androidx.room:room-ktx:2.6.1) with AarTransform
Caching disabled for AarTransform: /home/runner/.gradle/caches/8.9/transforms/1f2a64687fc539c15dce7cfbca954f60/transformed/room-ktx-2.6.1 because:
  Caching not enabled.
Found locally available resource with matching checksum: [https://maven.google.com/androidx/compose/runtime/runtime-android/1.7.5/runtime-android-1.7.5.aar, /home/runner/.gradle/caches/modules-2/files-2.1/androidx.compose.runtime/runtime-android/1.7.5/46caecf848d887667bedaadd19131044d12a37d4/runtime-release.aar]
Transforming runtime-release.aar (androidx.compose.runtime:runtime-android:1.7.5) with ExtractAarTransform
Found locally available resource with matching checksum: [https://maven.google.com/androidx/compose/runtime/runtime-saveable-android/1.7.5/runtime-saveable-android-1.7.5.aar, /home/runner/.gradle/caches/modules-2/files-2.1/androidx.compose.runtime/runtime-saveable-android/1.7.5/d1ef810e8ddf95285686422cc1af3f7c9494a206/runtime-saveable-release.aar]
Transforming runtime-saveable-release.aar (androidx.compose.runtime:runtime-saveable-android:1.7.5) with ExtractAarTransform
Found locally available resource with matching checksum: [https://maven.google.com/androidx/sqlite/sqlite-framework/2.4.0/sqlite-framework-2.4.0.aar, /home/runner/.gradle/caches/modules-2/files-2.1/androidx.sqlite/sqlite-framework/2.4.0/532d56a4f312d78767534ff1cc2f8084baec6c26/sqlite-framework-2.4.0.aar]
Caching disabled for ExtractAarTransform: /home/runner/.gradle/caches/modules-2/files-2.1/androidx.compose.runtime/runtime-saveable-android/1.7.5/d1ef810e8ddf95285686422cc1af3f7c9494a206/runtime-saveable-release.aar because:
  Caching not enabled.
Transforming sqlite-framework-2.4.0.aar (androidx.sqlite:sqlite-framework:2.4.0) with ExtractAarTransform
Caching disabled for ExtractAarTransform: /home/runner/.gradle/caches/modules-2/files-2.1/androidx.sqlite/sqlite-framework/2.4.0/532d56a4f312d78767534ff1cc2f8084baec6c26/sqlite-framework-2.4.0.aar because:
  Caching not enabled.
Caching disabled for ExtractAarTransform: /home/runner/.gradle/caches/modules-2/files-2.1/androidx.compose.runtime/runtime-android/1.7.5/46caecf848d887667bedaadd19131044d12a37d4/runtime-release.aar because:
  Caching not enabled.
Transforming sqlite-framework-2.4.0.aar (androidx.sqlite:sqlite-framework:2.4.0) with AarTransform
Transforming runtime-saveable-release.aar (androidx.compose.runtime:runtime-saveable-android:1.7.5) with AarTransform
Caching disabled for AarTransform: /home/runner/.gradle/caches/8.9/transforms/3f2696bb538fb0b131221edd46a4f7b5/transformed/sqlite-framework-2.4.0 because:
  Caching not enabled.
Caching disabled for AarTransform: /home/runner/.gradle/caches/8.9/transforms/00245606247db813ebab22482ea4f8d7/transformed/runtime-saveable-release because:
  Caching not enabled.
Transforming runtime-release.aar (androidx.compose.runtime:runtime-android:1.7.5) with AarTransform
Caching disabled for AarTransform: /home/runner/.gradle/caches/8.9/transforms/df4013943e66f1429b5a2e86bf045b3a/transformed/runtime-release because:
  Caching not enabled.
Caching disabled for ExtractAarTransform: /home/runner/.gradle/caches/modules-2/files-2.1/androidx.compose.material/material-icons-extended-android/1.7.5/7f99672e6beef9c5e5a6627671a139fe6aad57ed/material-icons-extended-release.aar because:
  Caching not enabled.
Found locally available resource with matching checksum: [https://maven.google.com/androidx/sqlite/sqlite/2.4.0/sqlite-2.4.0.aar, /home/runner/.gradle/caches/modules-2/files-2.1/androidx.sqlite/sqlite/2.4.0/cc553e5621c8ad4e233059a724100afa9e2fd1f4/sqlite-2.4.0.aar]
Transforming sqlite-2.4.0.aar (androidx.sqlite:sqlite:2.4.0) with ExtractAarTransform
Caching disabled for ExtractAarTransform: /home/runner/.gradle/caches/modules-2/files-2.1/androidx.sqlite/sqlite/2.4.0/cc553e5621c8ad4e233059a724100afa9e2fd1f4/sqlite-2.4.0.aar because:
  Caching not enabled.
Transforming sqlite-2.4.0.aar (androidx.sqlite:sqlite:2.4.0) with AarTransform
Caching disabled for AarTransform: /home/runner/.gradle/caches/8.9/transforms/e0fce34334d8005a80bf909fb8965fe0/transformed/sqlite-2.4.0 because:
  Caching not enabled.
Found locally available resource with matching checksum: [https://maven.google.com/androidx/annotation/annotation-experimental/1.4.1/annotation-experimental-1.4.1.aar, /home/runner/.gradle/caches/modules-2/files-2.1/androidx.annotation/annotation-experimental/1.4.1/7851235e2a16ce50270a74b555edaf9209b42864/annotation-experimental-1.4.1.aar]
Transforming annotation-experimental-1.4.1.aar (androidx.annotation:annotation-experimental:1.4.1) with ExtractAarTransform
Caching disabled for ExtractAarTransform: /home/runner/.gradle/caches/modules-2/files-2.1/androidx.annotation/annotation-experimental/1.4.1/7851235e2a16ce50270a74b555edaf9209b42864/annotation-experimental-1.4.1.aar because:
  Caching not enabled.
Transforming annotation-experimental-1.4.1.aar (androidx.annotation:annotation-experimental:1.4.1) with AarTransform
Caching disabled for AarTransform: /home/runner/.gradle/caches/8.9/transforms/9cc5beac71432b0c6f2e25728a1cf157/transformed/annotation-experimental-1.4.1 because:
  Caching not enabled.
Found locally available resource with matching checksum: [https://maven.google.com/androidx/arch/core/core-runtime/2.2.0/core-runtime-2.2.0.aar, /home/runner/.gradle/caches/modules-2/files-2.1/androidx.arch.core/core-runtime/2.2.0/39705982680d78556b679ef9d5400d4f17509b0b/core-runtime-2.2.0.aar]
Transforming core-runtime-2.2.0.aar (androidx.arch.core:core-runtime:2.2.0) with ExtractAarTransform
Caching disabled for ExtractAarTransform: /home/runner/.gradle/caches/modules-2/files-2.1/androidx.arch.core/core-runtime/2.2.0/39705982680d78556b679ef9d5400d4f17509b0b/core-runtime-2.2.0.aar because:
  Caching not enabled.
Transforming core-runtime-2.2.0.aar (androidx.arch.core:core-runtime:2.2.0) with AarTransform
Caching disabled for AarTransform: /home/runner/.gradle/caches/8.9/transforms/74c50b0611733beee6223550345399db/transformed/core-runtime-2.2.0 because:
  Caching not enabled.
Found locally available resource with matching checksum: [https://maven.google.com/androidx/versionedparcelable/versionedparcelable/1.1.1/versionedparcelable-1.1.1.aar, /home/runner/.gradle/caches/modules-2/files-2.1/androidx.versionedparcelable/versionedparcelable/1.1.1/18e18071e7715679e0593c570217edeb5ca48b9e/versionedparcelable-1.1.1.aar]
Transforming versionedparcelable-1.1.1.aar (androidx.versionedparcelable:versionedparcelable:1.1.1) with ExtractAarTransform
Caching disabled for ExtractAarTransform: /home/runner/.gradle/caches/modules-2/files-2.1/androidx.versionedparcelable/versionedparcelable/1.1.1/18e18071e7715679e0593c570217edeb5ca48b9e/versionedparcelable-1.1.1.aar because:
  Caching not enabled.
Transforming versionedparcelable-1.1.1.aar (androidx.versionedparcelable:versionedparcelable:1.1.1) with AarTransform
Caching disabled for AarTransform: /home/runner/.gradle/caches/8.9/transforms/26521b8577051a04bc5676e0dc51bde1/transformed/versionedparcelable-1.1.1 because:
  Caching not enabled.
Found locally available resource with matching checksum: [https://maven.google.com/androidx/interpolator/interpolator/1.0.0/interpolator-1.0.0.aar, /home/runner/.gradle/caches/modules-2/files-2.1/androidx.interpolator/interpolator/1.0.0/8a01fa254a23b9388571eb6334b03707c7d122d7/interpolator-1.0.0.aar]
Transforming interpolator-1.0.0.aar (androidx.interpolator:interpolator:1.0.0) with ExtractAarTransform
Caching disabled for ExtractAarTransform: /home/runner/.gradle/caches/modules-2/files-2.1/androidx.interpolator/interpolator/1.0.0/8a01fa254a23b9388571eb6334b03707c7d122d7/interpolator-1.0.0.aar because:
  Caching not enabled.
Transforming interpolator-1.0.0.aar (androidx.interpolator:interpolator:1.0.0) with AarTransform
Caching disabled for AarTransform: /home/runner/.gradle/caches/8.9/transforms/a4f557f063ee99600f1e6f12798dbe7c/transformed/interpolator-1.0.0 because:
  Caching not enabled.
Found locally available resource with matching checksum: [https://maven.google.com/androidx/profileinstaller/profileinstaller/1.3.1/profileinstaller-1.3.1.aar, /home/runner/.gradle/caches/modules-2/files-2.1/androidx.profileinstaller/profileinstaller/1.3.1/c0bac819b4f88a648011542273373d1e5093e3a7/profileinstaller-1.3.1.aar]
Transforming profileinstaller-1.3.1.aar (androidx.profileinstaller:profileinstaller:1.3.1) with ExtractAarTransform
Caching disabled for ExtractAarTransform: /home/runner/.gradle/caches/modules-2/files-2.1/androidx.profileinstaller/profileinstaller/1.3.1/c0bac819b4f88a648011542273373d1e5093e3a7/profileinstaller-1.3.1.aar because:
  Caching not enabled.
Transforming profileinstaller-1.3.1.aar (androidx.profileinstaller:profileinstaller:1.3.1) with AarTransform
Caching disabled for AarTransform: /home/runner/.gradle/caches/8.9/transforms/53dfbc140237e96b44247be42456c9e3/transformed/profileinstaller-1.3.1 because:
  Caching not enabled.
Found locally available resource with matching checksum: [https://maven.google.com/androidx/startup/startup-runtime/1.1.1/startup-runtime-1.1.1.aar, /home/runner/.gradle/caches/modules-2/files-2.1/androidx.startup/startup-runtime/1.1.1/9d4ba67056aff98b69eadc1477c19a1e67cb9470/startup-runtime-1.1.1.aar]
Transforming startup-runtime-1.1.1.aar (androidx.startup:startup-runtime:1.1.1) with ExtractAarTransform
Caching disabled for ExtractAarTransform: /home/runner/.gradle/caches/modules-2/files-2.1/androidx.startup/startup-runtime/1.1.1/9d4ba67056aff98b69eadc1477c19a1e67cb9470/startup-runtime-1.1.1.aar because:
  Caching not enabled.
Transforming startup-runtime-1.1.1.aar (androidx.startup:startup-runtime:1.1.1) with AarTransform
Caching disabled for AarTransform: /home/runner/.gradle/caches/8.9/transforms/497791f0725a98193454277ae9dee35b/transformed/startup-runtime-1.1.1 because:
  Caching not enabled.
Found locally available resource with matching checksum: [https://repo.maven.apache.org/maven2/com/google/dagger/dagger-lint-aar/2.52/dagger-lint-aar-2.52.aar, /home/runner/.gradle/caches/modules-2/files-2.1/com.google.dagger/dagger-lint-aar/2.52/9e8414397e2487f21e697844837aa399a5161d0b/dagger-lint-aar-2.52.aar]
Transforming dagger-lint-aar-2.52.aar (com.google.dagger:dagger-lint-aar:2.52) with ExtractAarTransform
Caching disabled for ExtractAarTransform: /home/runner/.gradle/caches/modules-2/files-2.1/com.google.dagger/dagger-lint-aar/2.52/9e8414397e2487f21e697844837aa399a5161d0b/dagger-lint-aar-2.52.aar because:
  Caching not enabled.
Transforming dagger-lint-aar-2.52.aar (com.google.dagger:dagger-lint-aar:2.52) with AarTransform
Caching disabled for AarTransform: /home/runner/.gradle/caches/8.9/transforms/b405d1de32934466a5d6fb0ed11cecfd/transformed/dagger-lint-aar-2.52 because:
  Caching not enabled.
Found locally available resource with matching checksum: [https://maven.google.com/androidx/tracing/tracing/1.0.0/tracing-1.0.0.aar, /home/runner/.gradle/caches/modules-2/files-2.1/androidx.tracing/tracing/1.0.0/69cef34711dffbc517e7a0a419ec4a98f84f496a/tracing-1.0.0.aar]
Transforming tracing-1.0.0.aar (androidx.tracing:tracing:1.0.0) with ExtractAarTransform
Caching disabled for ExtractAarTransform: /home/runner/.gradle/caches/modules-2/files-2.1/androidx.tracing/tracing/1.0.0/69cef34711dffbc517e7a0a419ec4a98f84f496a/tracing-1.0.0.aar because:
  Caching not enabled.
Transforming tracing-1.0.0.aar (androidx.tracing:tracing:1.0.0) with AarTransform
Caching disabled for AarTransform: /home/runner/.gradle/caches/8.9/transforms/cd9ad7fcd4eb9a21b34852de4022b6d0/transformed/tracing-1.0.0 because:
  Caching not enabled.
Transforming material-icons-extended-release.aar (androidx.compose.material:material-icons-extended-android:1.7.5) with AarTransform
Caching disabled for AarTransform: /home/runner/.gradle/caches/8.9/transforms/bc12b5e8392d2688d2deea964b07e9a6/transformed/material-icons-extended-release because:
  Caching not enabled.
Caching disabled for task ':app:checkDebugAarMetadata' because:
  Caching has been disabled for the task
Task ':app:checkDebugAarMetadata' is not up-to-date because:
  No history is available.

Resolve mutations for :app:generateDebugResValues (Thread[Execution worker,5,main]) started.
:app:generateDebugResValues (Thread[Execution worker,5,main]) started.

> Task :app:generateDebugResValues
Build cache key for task ':app:generateDebugResValues' is 1fae4d0dde67c9127a94f2ba622faed4
Task ':app:generateDebugResValues' is not up-to-date because:
  No history is available.
Stored cache entry for task ':app:generateDebugResValues' with cache key 1fae4d0dde67c9127a94f2ba622faed4
Resolve mutations for :app:mapDebugSourceSetPaths (Thread[Execution worker,5,main]) started.
:app:mapDebugSourceSetPaths (Thread[Execution worker,5,main]) started.

> Task :app:mapDebugSourceSetPaths
Transforming hilt-navigation-compose-1.2.0.aar (androidx.hilt:hilt-navigation-compose:1.2.0) with ExtractAarTransform
Transforming hilt-navigation-compose-1.2.0.aar (androidx.hilt:hilt-navigation-compose:1.2.0) with AarTransform
Transforming hilt-navigation-1.2.0.aar (androidx.hilt:hilt-navigation:1.2.0) with ExtractAarTransform
Transforming hilt-navigation-1.2.0.aar (androidx.hilt:hilt-navigation:1.2.0) with AarTransform
Transforming navigation-common-2.8.3.aar (androidx.navigation:navigation-common:2.8.3) with ExtractAarTransform
Transforming navigation-common-2.8.3.aar (androidx.navigation:navigation-common:2.8.3) with AarTransform
Transforming navigation-runtime-2.8.3.aar (androidx.navigation:navigation-runtime:2.8.3) with ExtractAarTransform
Transforming navigation-runtime-2.8.3.aar (androidx.navigation:navigation-runtime:2.8.3) with AarTransform
Caching disabled for AarTransform: /home/runner/.gradle/caches/8.9/transforms/12ec77c8f0ef27e9e667039aa0010280/transformed/hilt-navigation-compose-1.2.0 because:
  Caching not enabled.
Transforming navigation-common-ktx-2.8.3.aar (androidx.navigation:navigation-common-ktx:2.8.3) with ExtractAarTransform
Transforming navigation-common-ktx-2.8.3.aar (androidx.navigation:navigation-common-ktx:2.8.3) with AarTransform
Transforming navigation-runtime-ktx-2.8.3.aar (androidx.navigation:navigation-runtime-ktx:2.8.3) with ExtractAarTransform
Transforming navigation-runtime-ktx-2.8.3.aar (androidx.navigation:navigation-runtime-ktx:2.8.3) with AarTransform
Transforming navigation-compose-2.8.3.aar (androidx.navigation:navigation-compose:2.8.3) with ExtractAarTransform
Transforming navigation-compose-2.8.3.aar (androidx.navigation:navigation-compose:2.8.3) with AarTransform
Transforming hilt-android-2.52.aar (com.google.dagger:hilt-android:2.52) with ExtractAarTransform
Transforming hilt-android-2.52.aar (com.google.dagger:hilt-android:2.52) with AarTransform
Transforming fragment-1.5.1.aar (androidx.fragment:fragment:1.5.1) with ExtractAarTransform
Caching disabled for AarTransform: /home/runner/.gradle/caches/8.9/transforms/ad4d9f30753e121dfdf5f15fa8c11043/transformed/hilt-navigation-1.2.0 because:
  Caching not enabled.
Transforming fragment-1.5.1.aar (androidx.fragment:fragment:1.5.1) with AarTransform
Transforming activity-1.9.3.aar (androidx.activity:activity:1.9.3) with ExtractAarTransform
Transforming activity-1.9.3.aar (androidx.activity:activity:1.9.3) with AarTransform
Transforming activity-ktx-1.9.3.aar (androidx.activity:activity-ktx:1.9.3) with ExtractAarTransform
Transforming activity-ktx-1.9.3.aar (androidx.activity:activity-ktx:1.9.3) with AarTransform
Transforming material3-release.aar (androidx.compose.material3:material3-android:1.3.1) with ExtractAarTransform
Transforming material3-release.aar (androidx.compose.material3:material3-android:1.3.1) with AarTransform
Caching disabled for AarTransform: /home/runner/.gradle/caches/8.9/transforms/d4d33e906d3b0080609dfa0c474308fb/transformed/navigation-common-2.8.3 because:
  Caching not enabled.
Transforming material-release.aar (androidx.compose.material:material-android:1.7.5) with ExtractAarTransform
Caching disabled for AarTransform: /home/runner/.gradle/caches/8.9/transforms/465ee5133dca15b43b94624bb822b2d7/transformed/navigation-runtime-2.8.3 because:
  Caching not enabled.
Transforming material-release.aar (androidx.compose.material:material-android:1.7.5) with AarTransform
Transforming animation-core-release.aar (androidx.compose.animation:animation-core-android:1.7.5) with ExtractAarTransform
Transforming animation-core-release.aar (androidx.compose.animation:animation-core-android:1.7.5) with AarTransform
Transforming material-ripple-release.aar (androidx.compose.material:material-ripple-android:1.7.5) with ExtractAarTransform
Transforming material-ripple-release.aar (androidx.compose.material:material-ripple-android:1.7.5) with AarTransform
Transforming animation-release.aar (androidx.compose.animation:animation-android:1.7.5) with ExtractAarTransform
Transforming animation-release.aar (androidx.compose.animation:animation-android:1.7.5) with AarTransform
Transforming foundation-layout-release.aar (androidx.compose.foundation:foundation-layout-android:1.7.5) with ExtractAarTransform
Transforming foundation-layout-release.aar (androidx.compose.foundation:foundation-layout-android:1.7.5) with AarTransform
Transforming foundation-release.aar (androidx.compose.foundation:foundation-android:1.7.5) with ExtractAarTransform
Transforming foundation-release.aar (androidx.compose.foundation:foundation-android:1.7.5) with AarTransform
Transforming ui-tooling-data-release.aar (androidx.compose.ui:ui-tooling-data-android:1.7.5) with ExtractAarTransform
Transforming ui-tooling-data-release.aar (androidx.compose.ui:ui-tooling-data-android:1.7.5) with AarTransform
Transforming ui-unit-release.aar (androidx.compose.ui:ui-unit-android:1.7.5) with ExtractAarTransform
Transforming ui-unit-release.aar (androidx.compose.ui:ui-unit-android:1.7.5) with AarTransform
Transforming ui-geometry-release.aar (androidx.compose.ui:ui-geometry-android:1.7.5) with ExtractAarTransform
Transforming ui-geometry-release.aar (androidx.compose.ui:ui-geometry-android:1.7.5) with AarTransform
Transforming ui-util-release.aar (androidx.compose.ui:ui-util-android:1.7.5) with ExtractAarTransform
Transforming ui-util-release.aar (androidx.compose.ui:ui-util-android:1.7.5) with AarTransform
Transforming ui-text-release.aar (androidx.compose.ui:ui-text-android:1.7.5) with ExtractAarTransform
Transforming ui-text-release.aar (androidx.compose.ui:ui-text-android:1.7.5) with AarTransform
Transforming ui-tooling-preview-release.aar (androidx.compose.ui:ui-tooling-preview-android:1.7.5) with ExtractAarTransform
Transforming ui-tooling-preview-release.aar (androidx.compose.ui:ui-tooling-preview-android:1.7.5) with AarTransform
Transforming ui-graphics-release.aar (androidx.compose.ui:ui-graphics-android:1.7.5) with ExtractAarTransform
Transforming ui-graphics-release.aar (androidx.compose.ui:ui-graphics-android:1.7.5) with AarTransform
Transforming ui-tooling-release.aar (androidx.compose.ui:ui-tooling-android:1.7.5) with ExtractAarTransform
Transforming ui-tooling-release.aar (androidx.compose.ui:ui-tooling-android:1.7.5) with AarTransform
Transforming activity-compose-1.9.3.aar (androidx.activity:activity-compose:1.9.3) with ExtractAarTransform
Transforming activity-compose-1.9.3.aar (androidx.activity:activity-compose:1.9.3) with AarTransform
Transforming savedstate-ktx-1.2.1.aar (androidx.savedstate:savedstate-ktx:1.2.1) with ExtractAarTransform
Transforming savedstate-ktx-1.2.1.aar (androidx.savedstate:savedstate-ktx:1.2.1) with AarTransform
Transforming savedstate-1.2.1.aar (androidx.savedstate:savedstate:1.2.1) with ExtractAarTransform
Transforming savedstate-1.2.1.aar (androidx.savedstate:savedstate:1.2.1) with AarTransform
Transforming loader-1.0.0.aar (androidx.loader:loader:1.0.0) with ExtractAarTransform
Transforming loader-1.0.0.aar (androidx.loader:loader:1.0.0) with AarTransform
Transforming emoji2-1.3.0.aar (androidx.emoji2:emoji2:1.3.0) with ExtractAarTransform
Transforming emoji2-1.3.0.aar (androidx.emoji2:emoji2:1.3.0) with AarTransform
Transforming lifecycle-process-2.8.6.aar (androidx.lifecycle:lifecycle-process:2.8.6) with ExtractAarTransform
Transforming lifecycle-process-2.8.6.aar (androidx.lifecycle:lifecycle-process:2.8.6) with AarTransform
Transforming lifecycle-livedata-core-ktx-2.8.6.aar (androidx.lifecycle:lifecycle-livedata-core-ktx:2.8.6) with ExtractAarTransform
Transforming lifecycle-livedata-core-ktx-2.8.6.aar (androidx.lifecycle:lifecycle-livedata-core-ktx:2.8.6) with AarTransform
Transforming lifecycle-livedata-2.8.6.aar (androidx.lifecycle:lifecycle-livedata:2.8.6) with ExtractAarTransform
Caching disabled for AarTransform: /home/runner/.gradle/caches/8.9/transforms/2dbc64239e4ac921dde2a8d4de940749/transformed/navigation-common-ktx-2.8.3 because:
  Caching not enabled.
Caching disabled for AarTransform: /home/runner/.gradle/caches/8.9/transforms/b195ca1dc782125628d31fb0d6b49e45/transformed/navigation-runtime-ktx-2.8.3 because:
  Caching not enabled.
Caching disabled for AarTransform: /home/runner/.gradle/caches/8.9/transforms/ceea842d00899f361805d255c52abba2/transformed/navigation-compose-2.8.3 because:
  Caching not enabled.
Transforming lifecycle-livedata-2.8.6.aar (androidx.lifecycle:lifecycle-livedata:2.8.6) with AarTransform
Transforming lifecycle-viewmodel-2.8.6.aar (androidx.lifecycle:lifecycle-viewmodel:2.8.6) with ExtractAarTransform
Caching disabled for AarTransform: /home/runner/.gradle/caches/8.9/transforms/9003ebf40ec55734251a0dd9f6377fea/transformed/hilt-android-2.52 because:
  Caching not enabled.
Transforming lifecycle-viewmodel-2.8.6.aar (androidx.lifecycle:lifecycle-viewmodel:2.8.6) with AarTransform
Transforming lifecycle-viewmodel-release.aar (androidx.lifecycle:lifecycle-viewmodel-android:2.8.6) with ExtractAarTransform
Transforming lifecycle-viewmodel-release.aar (androidx.lifecycle:lifecycle-viewmodel-android:2.8.6) with AarTransform
Transforming lifecycle-runtime-release.aar (androidx.lifecycle:lifecycle-runtime-android:2.8.6) with ExtractAarTransform
Transforming lifecycle-runtime-release.aar (androidx.lifecycle:lifecycle-runtime-android:2.8.6) with AarTransform
Transforming lifecycle-livedata-core-2.8.6.aar (androidx.lifecycle:lifecycle-livedata-core:2.8.6) with ExtractAarTransform
Transforming lifecycle-livedata-core-2.8.6.aar (androidx.lifecycle:lifecycle-livedata-core:2.8.6) with AarTransform
Transforming lifecycle-viewmodel-ktx-2.8.6.aar (androidx.lifecycle:lifecycle-viewmodel-ktx:2.8.6) with ExtractAarTransform
Transforming lifecycle-viewmodel-ktx-2.8.6.aar (androidx.lifecycle:lifecycle-viewmodel-ktx:2.8.6) with AarTransform
Transforming lifecycle-viewmodel-savedstate-2.8.6.aar (androidx.lifecycle:lifecycle-viewmodel-savedstate:2.8.6) with ExtractAarTransform
Transforming lifecycle-viewmodel-savedstate-2.8.6.aar (androidx.lifecycle:lifecycle-viewmodel-savedstate:2.8.6) with AarTransform
Transforming lifecycle-runtime-compose-release.aar (androidx.lifecycle:lifecycle-runtime-compose-android:2.8.6) with ExtractAarTransform
Caching disabled for AarTransform: /home/runner/.gradle/caches/8.9/transforms/78122b888a0a07babc3ab9bf6045b0c1/transformed/fragment-1.5.1 because:
  Caching not enabled.
Transforming lifecycle-runtime-compose-release.aar (androidx.lifecycle:lifecycle-runtime-compose-android:2.8.6) with AarTransform
Transforming lifecycle-runtime-ktx-release.aar (androidx.lifecycle:lifecycle-runtime-ktx-android:2.8.6) with ExtractAarTransform
Transforming lifecycle-runtime-ktx-release.aar (androidx.lifecycle:lifecycle-runtime-ktx-android:2.8.6) with AarTransform
Transforming lifecycle-viewmodel-compose-release.aar (androidx.lifecycle:lifecycle-viewmodel-compose-android:2.8.6) with ExtractAarTransform
Transforming lifecycle-viewmodel-compose-release.aar (androidx.lifecycle:lifecycle-viewmodel-compose-android:2.8.6) with AarTransform
Transforming material-icons-extended-release.aar (androidx.compose.material:material-icons-extended-android:1.7.5) with ExtractAarTransform
Transforming material-icons-extended-release.aar (androidx.compose.material:material-icons-extended-android:1.7.5) with AarTransform
Caching disabled for AarTransform: /home/runner/.gradle/caches/8.9/transforms/7b17aaf8774922eca7cac21bd968c99a/transformed/activity-1.9.3 because:
  Caching not enabled.
Transforming material-icons-core-release.aar (androidx.compose.material:material-icons-core-android:1.7.5) with ExtractAarTransform
Transforming material-icons-core-release.aar (androidx.compose.material:material-icons-core-android:1.7.5) with AarTransform
Transforming ui-release.aar (androidx.compose.ui:ui-android:1.7.5) with ExtractAarTransform
Transforming ui-release.aar (androidx.compose.ui:ui-android:1.7.5) with AarTransform
Transforming viewpager-1.0.0.aar (androidx.viewpager:viewpager:1.0.0) with ExtractAarTransform
Transforming viewpager-1.0.0.aar (androidx.viewpager:viewpager:1.0.0) with AarTransform
Caching disabled for AarTransform: /home/runner/.gradle/caches/8.9/transforms/1ba716ea9832f4cdd27a3af6b046f466/transformed/activity-ktx-1.9.3 because:
  Caching not enabled.
Transforming autofill-1.0.0.aar (androidx.autofill:autofill:1.0.0) with ExtractAarTransform
Transforming autofill-1.0.0.aar (androidx.autofill:autofill:1.0.0) with AarTransform
Transforming graphics-path-1.0.1.aar (androidx.graphics:graphics-path:1.0.1) with ExtractAarTransform
Transforming graphics-path-1.0.1.aar (androidx.graphics:graphics-path:1.0.1) with AarTransform
Transforming customview-1.0.0.aar (androidx.customview:customview:1.0.0) with ExtractAarTransform
Transforming customview-1.0.0.aar (androidx.customview:customview:1.0.0) with AarTransform
Transforming core-1.13.1.aar (androidx.core:core:1.13.1) with ExtractAarTransform
Transforming core-1.13.1.aar (androidx.core:core:1.13.1) with AarTransform
Transforming core-1.13.1.aar (androidx.core:core:1.13.1) with ExtractAarTransform
Transforming core-1.13.1.aar (androidx.core:core:1.13.1) with AarTransform
Transforming core-1.13.1.aar (androidx.core:core:1.13.1) with ExtractAarTransform
Transforming core-1.13.1.aar (androidx.core:core:1.13.1) with AarTransform
Transforming core-1.13.1.aar (androidx.core:core:1.13.1) with ExtractAarTransform
Transforming core-1.13.1.aar (androidx.core:core:1.13.1) with AarTransform
Transforming core-1.13.1.aar (androidx.core:core:1.13.1) with ExtractAarTransform
Transforming core-1.13.1.aar (androidx.core:core:1.13.1) with AarTransform
Transforming customview-poolingcontainer-1.0.0.aar (androidx.customview:customview-poolingcontainer:1.0.0) with ExtractAarTransform
Transforming customview-poolingcontainer-1.0.0.aar (androidx.customview:customview-poolingcontainer:1.0.0) with AarTransform
Transforming core-ktx-1.13.1.aar (androidx.core:core-ktx:1.13.1) with ExtractAarTransform
Transforming core-ktx-1.13.1.aar (androidx.core:core-ktx:1.13.1) with AarTransform
Transforming room-runtime-2.6.1.aar (androidx.room:room-runtime:2.6.1) with ExtractAarTransform
Transforming room-runtime-2.6.1.aar (androidx.room:room-runtime:2.6.1) with AarTransform
Transforming room-ktx-2.6.1.aar (androidx.room:room-ktx:2.6.1) with ExtractAarTransform
Caching disabled for AarTransform: /home/runner/.gradle/caches/8.9/transforms/6beccf4f767597a191fb31811f827858/transformed/material3-release because:
  Caching not enabled.
Transforming room-ktx-2.6.1.aar (androidx.room:room-ktx:2.6.1) with AarTransform
Transforming runtime-saveable-release.aar (androidx.compose.runtime:runtime-saveable-android:1.7.5) with ExtractAarTransform
Transforming runtime-saveable-release.aar (androidx.compose.runtime:runtime-saveable-android:1.7.5) with AarTransform
Transforming runtime-release.aar (androidx.compose.runtime:runtime-android:1.7.5) with ExtractAarTransform
Transforming runtime-release.aar (androidx.compose.runtime:runtime-android:1.7.5) with AarTransform
Transforming sqlite-framework-2.4.0.aar (androidx.sqlite:sqlite-framework:2.4.0) with ExtractAarTransform
Transforming sqlite-framework-2.4.0.aar (androidx.sqlite:sqlite-framework:2.4.0) with AarTransform
Transforming sqlite-2.4.0.aar (androidx.sqlite:sqlite:2.4.0) with ExtractAarTransform
Transforming sqlite-2.4.0.aar (androidx.sqlite:sqlite:2.4.0) with AarTransform
Transforming annotation-experimental-1.4.1.aar (androidx.annotation:annotation-experimental:1.4.1) with ExtractAarTransform
Transforming annotation-experimental-1.4.1.aar (androidx.annotation:annotation-experimental:1.4.1) with AarTransform
Transforming versionedparcelable-1.1.1.aar (androidx.versionedparcelable:versionedparcelable:1.1.1) with ExtractAarTransform
Transforming versionedparcelable-1.1.1.aar (androidx.versionedparcelable:versionedparcelable:1.1.1) with AarTransform
Transforming core-runtime-2.2.0.aar (androidx.arch.core:core-runtime:2.2.0) with ExtractAarTransform
Caching disabled for AarTransform: /home/runner/.gradle/caches/8.9/transforms/20bb4ecb2d1f41d90f8c372638e8eda8/transformed/material-release because:
  Caching not enabled.
Caching disabled for AarTransform: /home/runner/.gradle/caches/8.9/transforms/4d064680c13678dbc92ea204272de3ee/transformed/animation-core-release because:
  Caching not enabled.
Transforming core-runtime-2.2.0.aar (androidx.arch.core:core-runtime:2.2.0) with AarTransform
Transforming interpolator-1.0.0.aar (androidx.interpolator:interpolator:1.0.0) with ExtractAarTransform
Transforming interpolator-1.0.0.aar (androidx.interpolator:interpolator:1.0.0) with AarTransform
Transforming profileinstaller-1.3.1.aar (androidx.profileinstaller:profileinstaller:1.3.1) with ExtractAarTransform
Transforming profileinstaller-1.3.1.aar (androidx.profileinstaller:profileinstaller:1.3.1) with AarTransform
Transforming startup-runtime-1.1.1.aar (androidx.startup:startup-runtime:1.1.1) with ExtractAarTransform
Transforming startup-runtime-1.1.1.aar (androidx.startup:startup-runtime:1.1.1) with AarTransform
Transforming tracing-1.0.0.aar (androidx.tracing:tracing:1.0.0) with ExtractAarTransform
Transforming tracing-1.0.0.aar (androidx.tracing:tracing:1.0.0) with AarTransform
Transforming dagger-lint-aar-2.52.aar (com.google.dagger:dagger-lint-aar:2.52) with ExtractAarTransform
Transforming dagger-lint-aar-2.52.aar (com.google.dagger:dagger-lint-aar:2.52) with AarTransform
Caching disabled for AarTransform: /home/runner/.gradle/caches/8.9/transforms/0e158db0061a783b86bf474f52255b87/transformed/material-ripple-release because:
  Caching not enabled.
Caching disabled for AarTransform: /home/runner/.gradle/caches/8.9/transforms/8f70f32cd13cf03b0ec4aa41fd018749/transformed/animation-release because:
  Caching not enabled.
Caching disabled for AarTransform: /home/runner/.gradle/caches/8.9/transforms/ecd05d80285a118575803319a89dc0c4/transformed/foundation-layout-release because:
  Caching not enabled.
Caching disabled for AarTransform: /home/runner/.gradle/caches/8.9/transforms/50b1902f5ec20fc13023b76fb9a599e6/transformed/foundation-release because:
  Caching not enabled.
Caching disabled for AarTransform: /home/runner/.gradle/caches/8.9/transforms/eedd67be0846ef762844f8ff3075834a/transformed/ui-tooling-data-release because:
  Caching not enabled.
Caching disabled for AarTransform: /home/runner/.gradle/caches/8.9/transforms/3fd716325c88c28b9a5f8e9eb9c70beb/transformed/ui-unit-release because:
  Caching not enabled.
Caching disabled for AarTransform: /home/runner/.gradle/caches/8.9/transforms/9034bd43e79c9a519026d1cdfa19a03d/transformed/ui-geometry-release because:
  Caching not enabled.
Caching disabled for AarTransform: /home/runner/.gradle/caches/8.9/transforms/4ba26746e6a3026741c16394a3db0817/transformed/ui-util-release because:
  Caching not enabled.
Caching disabled for AarTransform: /home/runner/.gradle/caches/8.9/transforms/ed652a239617376d903bece965b72e0c/transformed/ui-text-release because:
  Caching not enabled.
Caching disabled for AarTransform: /home/runner/.gradle/caches/8.9/transforms/1a6c894bd7d73e041f848716192bee60/transformed/ui-tooling-preview-release because:
  Caching not enabled.
Caching disabled for AarTransform: /home/runner/.gradle/caches/8.9/transforms/eb8ee0b21d6aa966a80bc93f20959e1d/transformed/ui-graphics-release because:
  Caching not enabled.
Caching disabled for AarTransform: /home/runner/.gradle/caches/8.9/transforms/377064f6a8a637067f11c20dccf96de9/transformed/ui-tooling-release because:
  Caching not enabled.
Caching disabled for AarTransform: /home/runner/.gradle/caches/8.9/transforms/0b22198a7488454fa14b7735f0f509eb/transformed/activity-compose-1.9.3 because:
  Caching not enabled.
Caching disabled for AarTransform: /home/runner/.gradle/caches/8.9/transforms/aa31e808e1b8b69495c21ddfdfea88cc/transformed/savedstate-1.2.1 because:
  Caching not enabled.
Caching disabled for AarTransform: /home/runner/.gradle/caches/8.9/transforms/a06a20b09cfe9d50558996bed72b9bac/transformed/loader-1.0.0 because:
  Caching not enabled.
Caching disabled for AarTransform: /home/runner/.gradle/caches/8.9/transforms/90932bdf55a6bc176d49667881ec7843/transformed/savedstate-ktx-1.2.1 because:
  Caching not enabled.
Caching disabled for AarTransform: /home/runner/.gradle/caches/8.9/transforms/e7dacae607132f83ac84f78c820c58db/transformed/emoji2-1.3.0 because:
  Caching not enabled.
Caching disabled for AarTransform: /home/runner/.gradle/caches/8.9/transforms/962d0c0f47f07b6b05e11de92b7c147f/transformed/lifecycle-process-2.8.6 because:
  Caching not enabled.
Caching disabled for AarTransform: /home/runner/.gradle/caches/8.9/transforms/0b564fb7dcdb48d095b445cc31899d2f/transformed/lifecycle-livedata-2.8.6 because:
  Caching not enabled.
Caching disabled for AarTransform: /home/runner/.gradle/caches/8.9/transforms/0522020dde5581db3657b7a4e1d103b5/transformed/lifecycle-livedata-core-ktx-2.8.6 because:
  Caching not enabled.
Caching disabled for AarTransform: /home/runner/.gradle/caches/8.9/transforms/90b89a176e7ec2395e669ca023f26edf/transformed/lifecycle-viewmodel-2.8.6 because:
  Caching not enabled.
Caching disabled for AarTransform: /home/runner/.gradle/caches/8.9/transforms/17fc0bc7bc5aa3696d5d672a2565c57a/transformed/lifecycle-viewmodel-release because:
  Caching not enabled.
Caching disabled for AarTransform: /home/runner/.gradle/caches/8.9/transforms/0a3cd9da5b5b76b08145565a0b64e378/transformed/lifecycle-livedata-core-2.8.6 because:
  Caching not enabled.
Caching disabled for AarTransform: /home/runner/.gradle/caches/8.9/transforms/a01d1204b2223af9f8c26a2648120f4d/transformed/lifecycle-runtime-release because:
  Caching not enabled.
Caching disabled for AarTransform: /home/runner/.gradle/caches/8.9/transforms/8b3d9602325ce4c2847a5ecc8178e8c0/transformed/lifecycle-viewmodel-ktx-2.8.6 because:
  Caching not enabled.
Caching disabled for AarTransform: /home/runner/.gradle/caches/8.9/transforms/bd48baa61b5e8859e94b8182a0905745/transformed/lifecycle-viewmodel-savedstate-2.8.6 because:
  Caching not enabled.
Caching disabled for AarTransform: /home/runner/.gradle/caches/8.9/transforms/32e6e848fb1ddd1db586378d1f473645/transformed/lifecycle-runtime-compose-release because:
  Caching not enabled.
Caching disabled for AarTransform: /home/runner/.gradle/caches/8.9/transforms/36c7df64eee3e12d89ac1ab86f5a80db/transformed/lifecycle-runtime-ktx-release because:
  Caching not enabled.
Caching disabled for AarTransform: /home/runner/.gradle/caches/8.9/transforms/bc12b5e8392d2688d2deea964b07e9a6/transformed/material-icons-extended-release because:
  Caching not enabled.
Caching disabled for AarTransform: /home/runner/.gradle/caches/8.9/transforms/f2dd91c7336c7cd395adedc68ed77786/transformed/material-icons-core-release because:
  Caching not enabled.
Caching disabled for AarTransform: /home/runner/.gradle/caches/8.9/transforms/c92df85f6d2f30283dc663aea998868a/transformed/lifecycle-viewmodel-compose-release because:
  Caching not enabled.
Caching disabled for AarTransform: /home/runner/.gradle/caches/8.9/transforms/fb395d79e2d72c7e008ece765567391a/transformed/ui-release because:
  Caching not enabled.
Caching disabled for AarTransform: /home/runner/.gradle/caches/8.9/transforms/e7da36e077eb0da19a460aac69da9908/transformed/viewpager-1.0.0 because:
  Caching not enabled.
Caching disabled for AarTransform: /home/runner/.gradle/caches/8.9/transforms/1b582b7df9024784fcac930316c18bce/transformed/autofill-1.0.0 because:
  Caching not enabled.
Caching disabled for AarTransform: /home/runner/.gradle/caches/8.9/transforms/338142dbc7d5dd547654c03215036f9e/transformed/graphics-path-1.0.1 because:
  Caching not enabled.
Caching disabled for AarTransform: /home/runner/.gradle/caches/8.9/transforms/4c14aaf8029480c22ef47249c536049a/transformed/customview-1.0.0 because:
  Caching not enabled.
Caching disabled for AarTransform: /home/runner/.gradle/caches/8.9/transforms/6bb7b87146d1e8f53e3dcff3d9228836/transformed/core-1.13.1 because:
  Caching not enabled.
Caching disabled for AarTransform: /home/runner/.gradle/caches/8.9/transforms/6f7a4f248d0d4b58cb58dea0baf15ed9/transformed/customview-poolingcontainer-1.0.0 because:
  Caching not enabled.
Caching disabled for AarTransform: /home/runner/.gradle/caches/8.9/transforms/4771675c2ad91221a74ebcde08c3d2e7/transformed/room-runtime-2.6.1 because:
  Caching not enabled.
Caching disabled for AarTransform: /home/runner/.gradle/caches/8.9/transforms/1f2a64687fc539c15dce7cfbca954f60/transformed/room-ktx-2.6.1 because:
  Caching not enabled.
Caching disabled for AarTransform: /home/runner/.gradle/caches/8.9/transforms/51e90ff84cd5fef82aca80c6b8df3077/transformed/core-ktx-1.13.1 because:
  Caching not enabled.
Caching disabled for AarTransform: /home/runner/.gradle/caches/8.9/transforms/00245606247db813ebab22482ea4f8d7/transformed/runtime-saveable-release because:
  Caching not enabled.
Caching disabled for AarTransform: /home/runner/.gradle/caches/8.9/transforms/3f2696bb538fb0b131221edd46a4f7b5/transformed/sqlite-framework-2.4.0 because:
  Caching not enabled.
Caching disabled for AarTransform: /home/runner/.gradle/caches/8.9/transforms/df4013943e66f1429b5a2e86bf045b3a/transformed/runtime-release because:
  Caching not enabled.
Caching disabled for AarTransform: /home/runner/.gradle/caches/8.9/transforms/e0fce34334d8005a80bf909fb8965fe0/transformed/sqlite-2.4.0 because:
  Caching not enabled.
Caching disabled for AarTransform: /home/runner/.gradle/caches/8.9/transforms/26521b8577051a04bc5676e0dc51bde1/transformed/versionedparcelable-1.1.1 because:
  Caching not enabled.
Caching disabled for AarTransform: /home/runner/.gradle/caches/8.9/transforms/74c50b0611733beee6223550345399db/transformed/core-runtime-2.2.0 because:
  Caching not enabled.
Caching disabled for AarTransform: /home/runner/.gradle/caches/8.9/transforms/9cc5beac71432b0c6f2e25728a1cf157/transformed/annotation-experimental-1.4.1 because:
  Caching not enabled.
Caching disabled for AarTransform: /home/runner/.gradle/caches/8.9/transforms/53dfbc140237e96b44247be42456c9e3/transformed/profileinstaller-1.3.1 because:
  Caching not enabled.
Caching disabled for AarTransform: /home/runner/.gradle/caches/8.9/transforms/a4f557f063ee99600f1e6f12798dbe7c/transformed/interpolator-1.0.0 because:
  Caching not enabled.
Caching disabled for AarTransform: /home/runner/.gradle/caches/8.9/transforms/497791f0725a98193454277ae9dee35b/transformed/startup-runtime-1.1.1 because:
  Caching not enabled.
Caching disabled for AarTransform: /home/runner/.gradle/caches/8.9/transforms/cd9ad7fcd4eb9a21b34852de4022b6d0/transformed/tracing-1.0.0 because:
  Caching not enabled.
Caching disabled for AarTransform: /home/runner/.gradle/caches/8.9/transforms/b405d1de32934466a5d6fb0ed11cecfd/transformed/dagger-lint-aar-2.52 because:
  Caching not enabled.
Caching disabled for task ':app:mapDebugSourceSetPaths' because:
  Caching has been disabled for the task
Task ':app:mapDebugSourceSetPaths' is not up-to-date because:
  No history is available.
Resolve mutations for :app:generateDebugResources (Thread[included builds,5,main]) started.
:app:generateDebugResources (Thread[included builds,5,main]) started.

> Task :app:generateDebugResources
Build cache key for task ':app:generateDebugResources' is e7b4125cbae4f72e4f1ba17cf5844585
Task ':app:generateDebugResources' is not up-to-date because:
  No history is available.
Stored cache entry for task ':app:generateDebugResources' with cache key e7b4125cbae4f72e4f1ba17cf5844585
Resolve mutations for :app:mergeDebugResources (Thread[Execution worker,5,main]) started.
:app:mergeDebugResources (Thread[Execution worker,5,main]) started.
Resolve mutations for :app:packageDebugResources (Thread[included builds,5,main]) started.
:app:packageDebugResources (Thread[included builds,5,main]) started.

> Task :app:packageDebugResources
Build cache key for task ':app:packageDebugResources' is a10472b7af87281a8b99edc4182f0bc9
Task ':app:packageDebugResources' is not up-to-date because:
  No history is available.
The input changes require a full rebuild for incremental task ':app:packageDebugResources'.
[MergeResources] Inputs are non-incremental full task action.
Stored cache entry for task ':app:packageDebugResources' with cache key a10472b7af87281a8b99edc4182f0bc9
Resolve mutations for :app:parseDebugLocalResources (Thread[included builds,5,main]) started.
:app:parseDebugLocalResources (Thread[included builds,5,main]) started.

> Task :app:mergeDebugResources
Build cache key for task ':app:mergeDebugResources' is 7025ee7a31ecac9c5ecb3d111c0d502a
Task ':app:mergeDebugResources' is not up-to-date because:
  No history is available.
The input changes require a full rebuild for incremental task ':app:mergeDebugResources'.
[MergeResources] Inputs are non-incremental full task action.
Compiling XML table /home/runner/work/SiteManager/SiteManager/app/build/intermediates/incremental/debug/mergeDebugResources/merged.dir/values-de/values-de.xml to /home/runner/work/SiteManager/SiteManager/app/build/intermediates/merged_res/debug/mergeDebugResources/values-de_values-de.arsc.flat
Compiling XML table /home/runner/work/SiteManager/SiteManager/app/build/intermediates/incremental/debug/mergeDebugResources/merged.dir/values/values.xml to /home/runner/work/SiteManager/SiteManager/app/build/intermediates/merged_res/debug/mergeDebugResources/values_values.arsc.flat
Compiling XML table /home/runner/work/SiteManager/SiteManager/app/build/intermediates/incremental/debug/mergeDebugResources/merged.dir/values-hi/values-hi.xml to /home/runner/work/SiteManager/SiteManager/app/build/intermediates/merged_res/debug/mergeDebugResources/values-hi_values-hi.arsc.flat
Compiling XML table /home/runner/work/SiteManager/SiteManager/app/build/intermediates/incremental/debug/mergeDebugResources/merged.dir/values-lt/values-lt.xml to /home/runner/work/SiteManager/SiteManager/app/build/intermediates/merged_res/debug/mergeDebugResources/values-lt_values-lt.arsc.flat
Compiling XML table /home/runner/work/SiteManager/SiteManager/app/build/intermediates/incremental/debug/mergeDebugResources/merged.dir/values-lv/values-lv.xml to /home/runner/work/SiteManager/SiteManager/app/build/intermediates/merged_res/debug/mergeDebugResources/values-lv_values-lv.arsc.flat
Compiling XML table /home/runner/work/SiteManager/SiteManager/app/build/intermediates/incremental/debug/mergeDebugResources/merged.dir/values-en-rIN/values-en-rIN.xml to /home/runner/work/SiteManager/SiteManager/app/build/intermediates/merged_res/debug/mergeDebugResources/values-en-rIN_values-en-rIN.arsc.flat
Compiling XML table /home/runner/work/SiteManager/SiteManager/app/build/intermediates/incremental/debug/mergeDebugResources/merged.dir/values-hy/values-hy.xml to /home/runner/work/SiteManager/SiteManager/app/build/intermediates/merged_res/debug/mergeDebugResources/values-hy_values-hy.arsc.flat
Compiling XML table /home/runner/work/SiteManager/SiteManager/app/build/intermediates/incremental/debug/mergeDebugResources/merged.dir/values-pt/values-pt.xml to /home/runner/work/SiteManager/SiteManager/app/build/intermediates/merged_res/debug/mergeDebugResources/values-pt_values-pt.arsc.flat
Compiling XML table /home/runner/work/SiteManager/SiteManager/app/build/intermediates/incremental/debug/mergeDebugResources/merged.dir/values-hu/values-hu.xml to /home/runner/work/SiteManager/SiteManager/app/build/intermediates/merged_res/debug/mergeDebugResources/values-hu_values-hu.arsc.flat
Compiling XML table /home/runner/work/SiteManager/SiteManager/app/build/intermediates/incremental/debug/mergeDebugResources/merged.dir/values-mk/values-mk.xml to /home/runner/work/SiteManager/SiteManager/app/build/intermediates/merged_res/debug/mergeDebugResources/values-mk_values-mk.arsc.flat
Compiling XML table /home/runner/work/SiteManager/SiteManager/app/build/intermediates/incremental/debug/mergeDebugResources/merged.dir/values-ml/values-ml.xml to /home/runner/work/SiteManager/SiteManager/app/build/intermediates/merged_res/debug/mergeDebugResources/values-ml_values-ml.arsc.flat
Compiling XML table /home/runner/work/SiteManager/SiteManager/app/build/intermediates/incremental/debug/mergeDebugResources/merged.dir/values-af/values-af.xml to /home/runner/work/SiteManager/SiteManager/app/build/intermediates/merged_res/debug/mergeDebugResources/values-af_values-af.arsc.flat
Compiling XML table /home/runner/work/SiteManager/SiteManager/app/build/intermediates/incremental/debug/mergeDebugResources/merged.dir/values-mr/values-mr.xml to /home/runner/work/SiteManager/SiteManager/app/build/intermediates/merged_res/debug/mergeDebugResources/values-mr_values-mr.arsc.flat
Compiling XML table /home/runner/work/SiteManager/SiteManager/app/build/intermediates/incremental/debug/mergeDebugResources/merged.dir/values-ur/values-ur.xml to /home/runner/work/SiteManager/SiteManager/app/build/intermediates/merged_res/debug/mergeDebugResources/values-ur_values-ur.arsc.flat
Compiling XML table /home/runner/work/SiteManager/SiteManager/app/build/intermediates/incremental/debug/mergeDebugResources/merged.dir/values-el/values-el.xml to /home/runner/work/SiteManager/SiteManager/app/build/intermediates/merged_res/debug/mergeDebugResources/values-el_values-el.arsc.flat
Compiling XML table /home/runner/work/SiteManager/SiteManager/app/build/intermediates/incremental/debug/mergeDebugResources/merged.dir/values-uz/values-uz.xml to /home/runner/work/SiteManager/SiteManager/app/build/intermediates/merged_res/debug/mergeDebugResources/values-uz_values-uz.arsc.flat
Compiling XML table /home/runner/work/SiteManager/SiteManager/app/build/intermediates/incremental/debug/mergeDebugResources/merged.dir/values-ms/values-ms.xml to /home/runner/work/SiteManager/SiteManager/app/build/intermediates/merged_res/debug/mergeDebugResources/values-ms_values-ms.arsc.flat
Compiling XML table /home/runner/work/SiteManager/SiteManager/app/build/intermediates/incremental/debug/mergeDebugResources/merged.dir/values-it/values-it.xml to /home/runner/work/SiteManager/SiteManager/app/build/intermediates/merged_res/debug/mergeDebugResources/values-it_values-it.arsc.flat
Compiling XML table /home/runner/work/SiteManager/SiteManager/app/build/intermediates/incremental/debug/mergeDebugResources/merged.dir/values-in/values-in.xml to /home/runner/work/SiteManager/SiteManager/app/build/intermediates/merged_res/debug/mergeDebugResources/values-in_values-in.arsc.flat
Compiling XML table /home/runner/work/SiteManager/SiteManager/app/build/intermediates/incremental/debug/mergeDebugResources/merged.dir/values-is/values-is.xml to /home/runner/work/SiteManager/SiteManager/app/build/intermediates/merged_res/debug/mergeDebugResources/values-is_values-is.arsc.flat
Compiling XML table /home/runner/work/SiteManager/SiteManager/app/build/intermediates/incremental/debug/mergeDebugResources/merged.dir/values-b+sr+Latn/values-b+sr+Latn.xml to /home/runner/work/SiteManager/SiteManager/app/build/intermediates/merged_res/debug/mergeDebugResources/values-b+sr+Latn_values-b+sr+Latn.arsc.flat
Compiling XML table /home/runner/work/SiteManager/SiteManager/app/build/intermediates/incremental/debug/mergeDebugResources/merged.dir/values-zh-rHK/values-zh-rHK.xml to /home/runner/work/SiteManager/SiteManager/app/build/intermediates/merged_res/debug/mergeDebugResources/values-zh-rHK_values-zh-rHK.arsc.flat
Compiling XML table /home/runner/work/SiteManager/SiteManager/app/build/intermediates/incremental/debug/mergeDebugResources/merged.dir/values-iw/values-iw.xml to /home/runner/work/SiteManager/SiteManager/app/build/intermediates/merged_res/debug/mergeDebugResources/values-iw_values-iw.arsc.flat
Compiling XML table /home/runner/work/SiteManager/SiteManager/app/build/intermediates/incremental/debug/mergeDebugResources/merged.dir/values-ar/values-ar.xml to /home/runner/work/SiteManager/SiteManager/app/build/intermediates/merged_res/debug/mergeDebugResources/values-ar_values-ar.arsc.flat
Compiling XML table /home/runner/work/SiteManager/SiteManager/app/build/intermediates/incremental/debug/mergeDebugResources/merged.dir/values-am/values-am.xml to /home/runner/work/SiteManager/SiteManager/app/build/intermediates/merged_res/debug/mergeDebugResources/values-am_values-am.arsc.flat
Compiling XML table /home/runner/work/SiteManager/SiteManager/app/build/intermediates/incremental/debug/mergeDebugResources/merged.dir/values-et/values-et.xml to /home/runner/work/SiteManager/SiteManager/app/build/intermediates/merged_res/debug/mergeDebugResources/values-et_values-et.arsc.flat
Compiling XML table /home/runner/work/SiteManager/SiteManager/app/build/intermediates/incremental/debug/mergeDebugResources/merged.dir/values-eu/values-eu.xml to /home/runner/work/SiteManager/SiteManager/app/build/intermediates/merged_res/debug/mergeDebugResources/values-eu_values-eu.arsc.flat
Compiling XML table /home/runner/work/SiteManager/SiteManager/app/build/intermediates/incremental/debug/mergeDebugResources/merged.dir/values-v21/values-v21.xml to /home/runner/work/SiteManager/SiteManager/app/build/intermediates/merged_res/debug/mergeDebugResources/values-v21_values-v21.arsc.flat
Compiling XML table /home/runner/work/SiteManager/SiteManager/app/build/intermediates/incremental/debug/mergeDebugResources/merged.dir/values-az/values-az.xml to /home/runner/work/SiteManager/SiteManager/app/build/intermediates/merged_res/debug/mergeDebugResources/values-az_values-az.arsc.flat
Compiling XML table /home/runner/work/SiteManager/SiteManager/app/build/intermediates/incremental/debug/mergeDebugResources/merged.dir/values-vi/values-vi.xml to /home/runner/work/SiteManager/SiteManager/app/build/intermediates/merged_res/debug/mergeDebugResources/values-vi_values-vi.arsc.flat
Compiling XML table /home/runner/work/SiteManager/SiteManager/app/build/intermediates/incremental/debug/mergeDebugResources/merged.dir/values-nb/values-nb.xml to /home/runner/work/SiteManager/SiteManager/app/build/intermediates/merged_res/debug/mergeDebugResources/values-nb_values-nb.arsc.flat
Compiling XML table /home/runner/work/SiteManager/SiteManager/app/build/intermediates/incremental/debug/mergeDebugResources/merged.dir/values-ro/values-ro.xml to /home/runner/work/SiteManager/SiteManager/app/build/intermediates/merged_res/debug/mergeDebugResources/values-ro_values-ro.arsc.flat
Compiling XML table /home/runner/work/SiteManager/SiteManager/app/build/intermediates/incremental/debug/mergeDebugResources/merged.dir/values-ja/values-ja.xml to /home/runner/work/SiteManager/SiteManager/app/build/intermediates/merged_res/debug/mergeDebugResources/values-ja_values-ja.arsc.flat
Compiling XML table /home/runner/work/SiteManager/SiteManager/app/build/intermediates/incremental/debug/mergeDebugResources/merged.dir/values-ne/values-ne.xml to /home/runner/work/SiteManager/SiteManager/app/build/intermediates/merged_res/debug/mergeDebugResources/values-ne_values-ne.arsc.flat
Compiling XML table /home/runner/work/SiteManager/SiteManager/app/build/intermediates/incremental/debug/mergeDebugResources/merged.dir/values-ru/values-ru.xml to /home/runner/work/SiteManager/SiteManager/app/build/intermediates/merged_res/debug/mergeDebugResources/values-ru_values-ru.arsc.flat
Compiling XML table /home/runner/work/SiteManager/SiteManager/app/build/intermediates/incremental/debug/mergeDebugResources/merged.dir/values-fa/values-fa.xml to /home/runner/work/SiteManager/SiteManager/app/build/intermediates/merged_res/debug/mergeDebugResources/values-fa_values-fa.arsc.flat
Compiling XML table /home/runner/work/SiteManager/SiteManager/app/build/intermediates/incremental/debug/mergeDebugResources/merged.dir/values-zu/values-zu.xml to /home/runner/work/SiteManager/SiteManager/app/build/intermediates/merged_res/debug/mergeDebugResources/values-zu_values-zu.arsc.flat
Compiling XML table /home/runner/work/SiteManager/SiteManager/app/build/intermediates/incremental/debug/mergeDebugResources/merged.dir/values-fr/values-fr.xml to /home/runner/work/SiteManager/SiteManager/app/build/intermediates/merged_res/debug/mergeDebugResources/values-fr_values-fr.arsc.flat
Compiling XML table /home/runner/work/SiteManager/SiteManager/app/build/intermediates/incremental/debug/mergeDebugResources/merged.dir/values-zh-rCN/values-zh-rCN.xml to /home/runner/work/SiteManager/SiteManager/app/build/intermediates/merged_res/debug/mergeDebugResources/values-zh-rCN_values-zh-rCN.arsc.flat
Compiling XML table /home/runner/work/SiteManager/SiteManager/app/build/intermediates/incremental/debug/mergeDebugResources/merged.dir/values-en-rXC/values-en-rXC.xml to /home/runner/work/SiteManager/SiteManager/app/build/intermediates/merged_res/debug/mergeDebugResources/values-en-rXC_values-en-rXC.arsc.flat
Compiling XML table /home/runner/work/SiteManager/SiteManager/app/build/intermediates/incremental/debug/mergeDebugResources/merged.dir/values-be/values-be.xml to /home/runner/work/SiteManager/SiteManager/app/build/intermediates/merged_res/debug/mergeDebugResources/values-be_values-be.arsc.flat
Compiling XML table /home/runner/work/SiteManager/SiteManager/app/build/intermediates/incremental/debug/mergeDebugResources/merged.dir/values-v30/values-v30.xml to /home/runner/work/SiteManager/SiteManager/app/build/intermediates/merged_res/debug/mergeDebugResources/values-v30_values-v30.arsc.flat
Compiling XML table /home/runner/work/SiteManager/SiteManager/app/build/intermediates/incremental/debug/mergeDebugResources/merged.dir/values-sk/values-sk.xml to /home/runner/work/SiteManager/SiteManager/app/build/intermediates/merged_res/debug/mergeDebugResources/values-sk_values-sk.arsc.flat
Compiling XML table /home/runner/work/SiteManager/SiteManager/app/build/intermediates/incremental/debug/mergeDebugResources/merged.dir/values-en-rCA/values-en-rCA.xml to /home/runner/work/SiteManager/SiteManager/app/build/intermediates/merged_res/debug/mergeDebugResources/values-en-rCA_values-en-rCA.arsc.flat
Compiling XML table /home/runner/work/SiteManager/SiteManager/app/build/intermediates/incremental/debug/mergeDebugResources/merged.dir/values-bg/values-bg.xml to /home/runner/work/SiteManager/SiteManager/app/build/intermediates/merged_res/debug/mergeDebugResources/values-bg_values-bg.arsc.flat
Compiling XML table /home/runner/work/SiteManager/SiteManager/app/build/intermediates/incremental/debug/mergeDebugResources/merged.dir/values-sr/values-sr.xml to /home/runner/work/SiteManager/SiteManager/app/build/intermediates/merged_res/debug/mergeDebugResources/values-sr_values-sr.arsc.flat
Compiling XML table /home/runner/work/SiteManager/SiteManager/app/build/intermediates/incremental/debug/mergeDebugResources/merged.dir/values-ka/values-ka.xml to /home/runner/work/SiteManager/SiteManager/app/build/intermediates/merged_res/debug/mergeDebugResources/values-ka_values-ka.arsc.flat
Compiling XML table /home/runner/work/SiteManager/SiteManager/app/build/intermediates/incremental/debug/mergeDebugResources/merged.dir/values-bs/values-bs.xml to /home/runner/work/SiteManager/SiteManager/app/build/intermediates/merged_res/debug/mergeDebugResources/values-bs_values-bs.arsc.flat
Compiling XML table /home/runner/work/SiteManager/SiteManager/app/build/intermediates/incremental/debug/mergeDebugResources/merged.dir/values-kn/values-kn.xml to /home/runner/work/SiteManager/SiteManager/app/build/intermediates/merged_res/debug/mergeDebugResources/values-kn_values-kn.arsc.flat
Compiling XML table /home/runner/work/SiteManager/SiteManager/app/build/intermediates/incremental/debug/mergeDebugResources/merged.dir/values-si/values-si.xml to /home/runner/work/SiteManager/SiteManager/app/build/intermediates/merged_res/debug/mergeDebugResources/values-si_values-si.arsc.flat
Compiling XML table /home/runner/work/SiteManager/SiteManager/app/build/intermediates/incremental/debug/mergeDebugResources/merged.dir/values-sq/values-sq.xml to /home/runner/work/SiteManager/SiteManager/app/build/intermediates/merged_res/debug/mergeDebugResources/values-sq_values-sq.arsc.flat
Compiling XML table /home/runner/work/SiteManager/SiteManager/app/build/intermediates/incremental/debug/mergeDebugResources/merged.dir/values-ca/values-ca.xml to /home/runner/work/SiteManager/SiteManager/app/build/intermediates/merged_res/debug/mergeDebugResources/values-ca_values-ca.arsc.flat
Compiling XML table /home/runner/work/SiteManager/SiteManager/app/build/intermediates/incremental/debug/mergeDebugResources/merged.dir/values-gl/values-gl.xml to /home/runner/work/SiteManager/SiteManager/app/build/intermediates/merged_res/debug/mergeDebugResources/values-gl_values-gl.arsc.flat
Compiling XML table /home/runner/work/SiteManager/SiteManager/app/build/intermediates/incremental/debug/mergeDebugResources/merged.dir/values-sv/values-sv.xml to /home/runner/work/SiteManager/SiteManager/app/build/intermediates/merged_res/debug/mergeDebugResources/values-sv_values-sv.arsc.flat
Compiling XML table /home/runner/work/SiteManager/SiteManager/app/build/intermediates/incremental/debug/mergeDebugResources/merged.dir/values-km/values-km.xml to /home/runner/work/SiteManager/SiteManager/app/build/intermediates/merged_res/debug/mergeDebugResources/values-km_values-km.arsc.flat
Compiling XML table /home/runner/work/SiteManager/SiteManager/app/build/intermediates/incremental/debug/mergeDebugResources/merged.dir/values-pt-rBR/values-pt-rBR.xml to /home/runner/work/SiteManager/SiteManager/app/build/intermediates/merged_res/debug/mergeDebugResources/values-pt-rBR_values-pt-rBR.arsc.flat
Compiling XML table /home/runner/work/SiteManager/SiteManager/app/build/intermediates/incremental/debug/mergeDebugResources/merged.dir/values-sw/values-sw.xml to /home/runner/work/SiteManager/SiteManager/app/build/intermediates/merged_res/debug/mergeDebugResources/values-sw_values-sw.arsc.flat
Compiling XML table /home/runner/work/SiteManager/SiteManager/app/build/intermediates/incremental/debug/mergeDebugResources/merged.dir/values-th/values-th.xml to /home/runner/work/SiteManager/SiteManager/app/build/intermediates/merged_res/debug/mergeDebugResources/values-th_values-th.arsc.flat
Compiling XML table /home/runner/work/SiteManager/SiteManager/app/build/intermediates/incremental/debug/mergeDebugResources/merged.dir/values-ko/values-ko.xml to /home/runner/work/SiteManager/SiteManager/app/build/intermediates/merged_res/debug/mergeDebugResources/values-ko_values-ko.arsc.flat
Compiling XML table /home/runner/work/SiteManager/SiteManager/app/build/intermediates/incremental/debug/mergeDebugResources/merged.dir/values-gu/values-gu.xml to /home/runner/work/SiteManager/SiteManager/app/build/intermediates/merged_res/debug/mergeDebugResources/values-gu_values-gu.arsc.flat
Compiling XML table /home/runner/work/SiteManager/SiteManager/app/build/intermediates/incremental/debug/mergeDebugResources/merged.dir/values-pa/values-pa.xml to /home/runner/work/SiteManager/SiteManager/app/build/intermediates/merged_res/debug/mergeDebugResources/values-pa_values-pa.arsc.flat
Compiling XML table /home/runner/work/SiteManager/SiteManager/app/build/intermediates/incremental/debug/mergeDebugResources/merged.dir/values-ky/values-ky.xml to /home/runner/work/SiteManager/SiteManager/app/build/intermediates/merged_res/debug/mergeDebugResources/values-ky_values-ky.arsc.flat
Compiling XML table /home/runner/work/SiteManager/SiteManager/app/build/intermediates/incremental/debug/mergeDebugResources/merged.dir/values-tr/values-tr.xml to /home/runner/work/SiteManager/SiteManager/app/build/intermediates/merged_res/debug/mergeDebugResources/values-tr_values-tr.arsc.flat
Compiling XML table /home/runner/work/SiteManager/SiteManager/app/build/intermediates/incremental/debug/mergeDebugResources/merged.dir/values-da/values-da.xml to /home/runner/work/SiteManager/SiteManager/app/build/intermediates/merged_res/debug/mergeDebugResources/values-da_values-da.arsc.flat
Compiling xml file /home/runner/work/SiteManager/SiteManager/app/src/main/res/mipmap-hdpi/ic_launcher.xml to /home/runner/work/SiteManager/SiteManager/app/build/intermediates/merged_res/debug/mergeDebugResources/mipmap-hdpi_ic_launcher.xml.flat
Compiling XML table /home/runner/work/SiteManager/SiteManager/app/build/intermediates/incremental/debug/mergeDebugResources/merged.dir/values-te/values-te.xml to /home/runner/work/SiteManager/SiteManager/app/build/intermediates/merged_res/debug/mergeDebugResources/values-te_values-te.arsc.flat
Compiling XML table /home/runner/work/SiteManager/SiteManager/app/build/intermediates/incremental/debug/mergeDebugResources/merged.dir/values-pl/values-pl.xml to /home/runner/work/SiteManager/SiteManager/app/build/intermediates/merged_res/debug/mergeDebugResources/values-pl_values-pl.arsc.flat
Compiling XML table /home/runner/work/SiteManager/SiteManager/app/build/intermediates/incremental/debug/mergeDebugResources/merged.dir/values-lo/values-lo.xml to /home/runner/work/SiteManager/SiteManager/app/build/intermediates/merged_res/debug/mergeDebugResources/values-lo_values-lo.arsc.flat
Compiling xml file /home/runner/work/SiteManager/SiteManager/app/src/main/res/drawable/ic_launcher_foreground.xml to /home/runner/work/SiteManager/SiteManager/app/build/intermediates/merged_res/debug/mergeDebugResources/drawable_ic_launcher_foreground.xml.flat
Compiling XML table /home/runner/work/SiteManager/SiteManager/app/build/intermediates/incremental/debug/mergeDebugResources/merged.dir/values-hr/values-hr.xml to /home/runner/work/SiteManager/SiteManager/app/build/intermediates/merged_res/debug/mergeDebugResources/values-hr_values-hr.arsc.flat
Compiling XML table /home/runner/work/SiteManager/SiteManager/app/build/intermediates/incremental/debug/mergeDebugResources/merged.dir/values-uk/values-uk.xml to /home/runner/work/SiteManager/SiteManager/app/build/intermediates/merged_res/debug/mergeDebugResources/values-uk_values-uk.arsc.flat
Compiling XML table /home/runner/work/SiteManager/SiteManager/app/build/intermediates/incremental/debug/mergeDebugResources/merged.dir/values-mn/values-mn.xml to /home/runner/work/SiteManager/SiteManager/app/build/intermediates/merged_res/debug/mergeDebugResources/values-mn_values-mn.arsc.flat
Compiling XML table /home/runner/work/SiteManager/SiteManager/app/build/intermediates/incremental/debug/mergeDebugResources/merged.dir/values-fr-rCA/values-fr-rCA.xml to /home/runner/work/SiteManager/SiteManager/app/build/intermediates/merged_res/debug/mergeDebugResources/values-fr-rCA_values-fr-rCA.arsc.flat
Compiling XML table /home/runner/work/SiteManager/SiteManager/app/build/intermediates/incremental/debug/mergeDebugResources/merged.dir/values-zh-rTW/values-zh-rTW.xml to /home/runner/work/SiteManager/SiteManager/app/build/intermediates/merged_res/debug/mergeDebugResources/values-zh-rTW_values-zh-rTW.arsc.flat
Compiling XML table /home/runner/work/SiteManager/SiteManager/app/build/intermediates/incremental/debug/mergeDebugResources/merged.dir/values-my/values-my.xml to /home/runner/work/SiteManager/SiteManager/app/build/intermediates/merged_res/debug/mergeDebugResources/values-my_values-my.arsc.flat
Compiling XML table /home/runner/work/SiteManager/SiteManager/app/build/intermediates/incremental/debug/mergeDebugResources/merged.dir/values-es/values-es.xml to /home/runner/work/SiteManager/SiteManager/app/build/intermediates/merged_res/debug/mergeDebugResources/values-es_values-es.arsc.flat
Compiling XML table /home/runner/work/SiteManager/SiteManager/app/build/intermediates/incremental/debug/mergeDebugResources/merged.dir/values-as/values-as.xml to /home/runner/work/SiteManager/SiteManager/app/build/intermediates/merged_res/debug/mergeDebugResources/values-as_values-as.arsc.flat
Compiling XML table /home/runner/work/SiteManager/SiteManager/app/build/intermediates/incremental/debug/mergeDebugResources/merged.dir/values-es-rUS/values-es-rUS.xml to /home/runner/work/SiteManager/SiteManager/app/build/intermediates/merged_res/debug/mergeDebugResources/values-es-rUS_values-es-rUS.arsc.flat
Compiling XML table /home/runner/work/SiteManager/SiteManager/app/build/intermediates/incremental/debug/mergeDebugResources/merged.dir/values-pt-rPT/values-pt-rPT.xml to /home/runner/work/SiteManager/SiteManager/app/build/intermediates/merged_res/debug/mergeDebugResources/values-pt-rPT_values-pt-rPT.arsc.flat
Compiling XML table /home/runner/work/SiteManager/SiteManager/app/build/intermediates/incremental/debug/mergeDebugResources/merged.dir/values-nl/values-nl.xml to /home/runner/work/SiteManager/SiteManager/app/build/intermediates/merged_res/debug/mergeDebugResources/values-nl_values-nl.arsc.flat
Compiling XML table /home/runner/work/SiteManager/SiteManager/app/build/intermediates/incremental/debug/mergeDebugResources/merged.dir/values-fi/values-fi.xml to /home/runner/work/SiteManager/SiteManager/app/build/intermediates/merged_res/debug/mergeDebugResources/values-fi_values-fi.arsc.flat
Compiling XML table /home/runner/work/SiteManager/SiteManager/app/build/intermediates/incremental/debug/mergeDebugResources/merged.dir/values-bn/values-bn.xml to /home/runner/work/SiteManager/SiteManager/app/build/intermediates/merged_res/debug/mergeDebugResources/values-bn_values-bn.arsc.flat
Compiling XML table /home/runner/work/SiteManager/SiteManager/app/build/intermediates/incremental/debug/mergeDebugResources/merged.dir/values-en-rGB/values-en-rGB.xml to /home/runner/work/SiteManager/SiteManager/app/build/intermediates/merged_res/debug/mergeDebugResources/values-en-rGB_values-en-rGB.arsc.flat
Compiling XML table /home/runner/work/SiteManager/SiteManager/app/build/intermediates/incremental/debug/mergeDebugResources/merged.dir/values-sl/values-sl.xml to /home/runner/work/SiteManager/SiteManager/app/build/intermediates/merged_res/debug/mergeDebugResources/values-sl_values-sl.arsc.flat
Compiling XML table /home/runner/work/SiteManager/SiteManager/app/build/intermediates/incremental/debug/mergeDebugResources/merged.dir/values-kk/values-kk.xml to /home/runner/work/SiteManager/SiteManager/app/build/intermediates/merged_res/debug/mergeDebugResources/values-kk_values-kk.arsc.flat
Compiling XML table /home/runner/work/SiteManager/SiteManager/app/build/intermediates/incremental/debug/mergeDebugResources/merged.dir/values-or/values-or.xml to /home/runner/work/SiteManager/SiteManager/app/build/intermediates/merged_res/debug/mergeDebugResources/values-or_values-or.arsc.flat
Compiling XML table /home/runner/work/SiteManager/SiteManager/app/build/intermediates/incremental/debug/mergeDebugResources/merged.dir/values-ta/values-ta.xml to /home/runner/work/SiteManager/SiteManager/app/build/intermediates/merged_res/debug/mergeDebugResources/values-ta_values-ta.arsc.flat
Compiling XML table /home/runner/work/SiteManager/SiteManager/app/build/intermediates/incremental/debug/mergeDebugResources/merged.dir/values-cs/values-cs.xml to /home/runner/work/SiteManager/SiteManager/app/build/intermediates/merged_res/debug/mergeDebugResources/values-cs_values-cs.arsc.flat
Compiling XML table /home/runner/work/SiteManager/SiteManager/app/build/intermediates/incremental/debug/mergeDebugResources/merged.dir/values-tl/values-tl.xml to /home/runner/work/SiteManager/SiteManager/app/build/intermediates/merged_res/debug/mergeDebugResources/values-tl_values-tl.arsc.flat
Compiling XML table /home/runner/work/SiteManager/SiteManager/app/build/intermediates/incremental/debug/mergeDebugResources/merged.dir/values-en-rAU/values-en-rAU.xml to /home/runner/work/SiteManager/SiteManager/app/build/intermediates/merged_res/debug/mergeDebugResources/values-en-rAU_values-en-rAU.arsc.flat
Stored cache entry for task ':app:mergeDebugResources' with cache key 7025ee7a31ecac9c5ecb3d111c0d502a

> Task :app:parseDebugLocalResources
Transforming android.jar with PlatformAttrTransform
Build cache key for PlatformAttrTransform: /usr/local/lib/android/sdk/platforms/android-35/android.jar is 839fdca90e4b616c07bdcfaa1e85007d
Stored cache entry for PlatformAttrTransform: /usr/local/lib/android/sdk/platforms/android-35/android.jar with cache key 839fdca90e4b616c07bdcfaa1e85007d
Transforming android.jar with PlatformAttrTransform
Build cache key for task ':app:parseDebugLocalResources' is 8dca57349e942de4f4a9c69f4c8bee53
Task ':app:parseDebugLocalResources' is not up-to-date because:
  No history is available.
The input changes require a full rebuild for incremental task ':app:parseDebugLocalResources'.
Transforming android.jar with PlatformAttrTransform

Resolve mutations for :app:createDebugCompatibleScreenManifests (Thread[Execution worker,5,main]) started.
:app:createDebugCompatibleScreenManifests (Thread[Execution worker,5,main]) started.

> Task :app:createDebugCompatibleScreenManifests
Caching disabled for task ':app:createDebugCompatibleScreenManifests' because:
  Caching has been disabled for the task
Task ':app:createDebugCompatibleScreenManifests' is not up-to-date because:
  No history is available.
Resolve mutations for :app:extractDeepLinksDebug (Thread[Execution worker Thread 3,5,main]) started.
:app:extractDeepLinksDebug (Thread[Execution worker Thread 2,5,main]) started.

> Task :app:extractDeepLinksDebug
Build cache key for task ':app:extractDeepLinksDebug' is 3fa5b4ffc3dfe24767e1a097912c32e2
Task ':app:extractDeepLinksDebug' is not up-to-date because:
  No history is available.
Stored cache entry for task ':app:extractDeepLinksDebug' with cache key 3fa5b4ffc3dfe24767e1a097912c32e2
Resolve mutations for :app:processDebugMainManifest (Thread[Execution worker Thread 2,5,main]) started.
:app:processDebugMainManifest (Thread[Execution worker Thread 2,5,main]) started.

> Task :app:parseDebugLocalResources
Stored cache entry for task ':app:parseDebugLocalResources' with cache key 8dca57349e942de4f4a9c69f4c8bee53

> Task :app:processDebugMainManifest
Transforming hilt-navigation-compose-1.2.0.aar (androidx.hilt:hilt-navigation-compose:1.2.0) with ExtractAarTransform
Transforming hilt-navigation-compose-1.2.0.aar (androidx.hilt:hilt-navigation-compose:1.2.0) with AarTransform
Transforming hilt-navigation-1.2.0.aar (androidx.hilt:hilt-navigation:1.2.0) with ExtractAarTransform
Transforming hilt-navigation-1.2.0.aar (androidx.hilt:hilt-navigation:1.2.0) with AarTransform
Transforming navigation-common-2.8.3.aar (androidx.navigation:navigation-common:2.8.3) with ExtractAarTransform
Transforming navigation-common-2.8.3.aar (androidx.navigation:navigation-common:2.8.3) with AarTransform
Transforming navigation-runtime-2.8.3.aar (androidx.navigation:navigation-runtime:2.8.3) with ExtractAarTransform
Transforming navigation-runtime-2.8.3.aar (androidx.navigation:navigation-runtime:2.8.3) with AarTransform
Transforming navigation-common-ktx-2.8.3.aar (androidx.navigation:navigation-common-ktx:2.8.3) with ExtractAarTransform
Transforming navigation-common-ktx-2.8.3.aar (androidx.navigation:navigation-common-ktx:2.8.3) with AarTransform
Transforming navigation-runtime-ktx-2.8.3.aar (androidx.navigation:navigation-runtime-ktx:2.8.3) with ExtractAarTransform
Transforming navigation-runtime-ktx-2.8.3.aar (androidx.navigation:navigation-runtime-ktx:2.8.3) with AarTransform
Transforming navigation-compose-2.8.3.aar (androidx.navigation:navigation-compose:2.8.3) with ExtractAarTransform
Transforming navigation-compose-2.8.3.aar (androidx.navigation:navigation-compose:2.8.3) with AarTransform
Transforming hilt-android-2.52.aar (com.google.dagger:hilt-android:2.52) with ExtractAarTransform
Transforming hilt-android-2.52.aar (com.google.dagger:hilt-android:2.52) with AarTransform
Transforming fragment-1.5.1.aar (androidx.fragment:fragment:1.5.1) with ExtractAarTransform
Transforming fragment-1.5.1.aar (androidx.fragment:fragment:1.5.1) with AarTransform
Transforming activity-1.9.3.aar (androidx.activity:activity:1.9.3) with ExtractAarTransform
Transforming activity-1.9.3.aar (androidx.activity:activity:1.9.3) with AarTransform
Transforming activity-ktx-1.9.3.aar (androidx.activity:activity-ktx:1.9.3) with ExtractAarTransform
Transforming activity-ktx-1.9.3.aar (androidx.activity:activity-ktx:1.9.3) with AarTransform
Caching disabled for AarTransform: /home/runner/.gradle/caches/8.9/transforms/12ec77c8f0ef27e9e667039aa0010280/transformed/hilt-navigation-compose-1.2.0 because:
  Caching not enabled.
Transforming material3-release.aar (androidx.compose.material3:material3-android:1.3.1) with ExtractAarTransform
Transforming material3-release.aar (androidx.compose.material3:material3-android:1.3.1) with AarTransform
Transforming material-release.aar (androidx.compose.material:material-android:1.7.5) with ExtractAarTransform
Transforming material-release.aar (androidx.compose.material:material-android:1.7.5) with AarTransform
Transforming animation-core-release.aar (androidx.compose.animation:animation-core-android:1.7.5) with ExtractAarTransform
Transforming animation-core-release.aar (androidx.compose.animation:animation-core-android:1.7.5) with AarTransform
Caching disabled for AarTransform: /home/runner/.gradle/caches/8.9/transforms/ad4d9f30753e121dfdf5f15fa8c11043/transformed/hilt-navigation-1.2.0 because:
  Caching not enabled.
Transforming material-ripple-release.aar (androidx.compose.material:material-ripple-android:1.7.5) with ExtractAarTransform
Transforming material-ripple-release.aar (androidx.compose.material:material-ripple-android:1.7.5) with AarTransform
Transforming animation-release.aar (androidx.compose.animation:animation-android:1.7.5) with ExtractAarTransform
Transforming animation-release.aar (androidx.compose.animation:animation-android:1.7.5) with AarTransform
Transforming foundation-layout-release.aar (androidx.compose.foundation:foundation-layout-android:1.7.5) with ExtractAarTransform
Transforming foundation-layout-release.aar (androidx.compose.foundation:foundation-layout-android:1.7.5) with AarTransform
Transforming foundation-release.aar (androidx.compose.foundation:foundation-android:1.7.5) with ExtractAarTransform
Transforming foundation-release.aar (androidx.compose.foundation:foundation-android:1.7.5) with AarTransform
Transforming ui-tooling-data-release.aar (androidx.compose.ui:ui-tooling-data-android:1.7.5) with ExtractAarTransform
Transforming ui-tooling-data-release.aar (androidx.compose.ui:ui-tooling-data-android:1.7.5) with AarTransform
Caching disabled for AarTransform: /home/runner/.gradle/caches/8.9/transforms/465ee5133dca15b43b94624bb822b2d7/transformed/navigation-runtime-2.8.3 because:
  Caching not enabled.
Transforming ui-unit-release.aar (androidx.compose.ui:ui-unit-android:1.7.5) with ExtractAarTransform
Transforming ui-unit-release.aar (androidx.compose.ui:ui-unit-android:1.7.5) with AarTransform
Transforming ui-geometry-release.aar (androidx.compose.ui:ui-geometry-android:1.7.5) with ExtractAarTransform
Transforming ui-geometry-release.aar (androidx.compose.ui:ui-geometry-android:1.7.5) with AarTransform
Transforming ui-util-release.aar (androidx.compose.ui:ui-util-android:1.7.5) with ExtractAarTransform
Transforming ui-util-release.aar (androidx.compose.ui:ui-util-android:1.7.5) with AarTransform
Transforming ui-text-release.aar (androidx.compose.ui:ui-text-android:1.7.5) with ExtractAarTransform
Transforming ui-text-release.aar (androidx.compose.ui:ui-text-android:1.7.5) with AarTransform
Transforming ui-tooling-preview-release.aar (androidx.compose.ui:ui-tooling-preview-android:1.7.5) with ExtractAarTransform
Transforming ui-tooling-preview-release.aar (androidx.compose.ui:ui-tooling-preview-android:1.7.5) with AarTransform
Transforming ui-graphics-release.aar (androidx.compose.ui:ui-graphics-android:1.7.5) with ExtractAarTransform
Transforming ui-graphics-release.aar (androidx.compose.ui:ui-graphics-android:1.7.5) with AarTransform
Transforming ui-tooling-release.aar (androidx.compose.ui:ui-tooling-android:1.7.5) with ExtractAarTransform
Transforming ui-tooling-release.aar (androidx.compose.ui:ui-tooling-android:1.7.5) with AarTransform
Transforming activity-compose-1.9.3.aar (androidx.activity:activity-compose:1.9.3) with ExtractAarTransform
Caching disabled for AarTransform: /home/runner/.gradle/caches/8.9/transforms/2dbc64239e4ac921dde2a8d4de940749/transformed/navigation-common-ktx-2.8.3 because:
  Caching not enabled.
Transforming activity-compose-1.9.3.aar (androidx.activity:activity-compose:1.9.3) with AarTransform
Transforming savedstate-ktx-1.2.1.aar (androidx.savedstate:savedstate-ktx:1.2.1) with ExtractAarTransform
Transforming savedstate-ktx-1.2.1.aar (androidx.savedstate:savedstate-ktx:1.2.1) with AarTransform
Transforming savedstate-1.2.1.aar (androidx.savedstate:savedstate:1.2.1) with ExtractAarTransform
Transforming savedstate-1.2.1.aar (androidx.savedstate:savedstate:1.2.1) with AarTransform
Transforming loader-1.0.0.aar (androidx.loader:loader:1.0.0) with ExtractAarTransform
Transforming loader-1.0.0.aar (androidx.loader:loader:1.0.0) with AarTransform
Transforming emoji2-1.3.0.aar (androidx.emoji2:emoji2:1.3.0) with ExtractAarTransform
Caching disabled for AarTransform: /home/runner/.gradle/caches/8.9/transforms/b195ca1dc782125628d31fb0d6b49e45/transformed/navigation-runtime-ktx-2.8.3 because:
  Caching not enabled.
Transforming emoji2-1.3.0.aar (androidx.emoji2:emoji2:1.3.0) with AarTransform
Transforming lifecycle-process-2.8.6.aar (androidx.lifecycle:lifecycle-process:2.8.6) with ExtractAarTransform
Transforming lifecycle-process-2.8.6.aar (androidx.lifecycle:lifecycle-process:2.8.6) with AarTransform
Transforming lifecycle-livedata-core-ktx-2.8.6.aar (androidx.lifecycle:lifecycle-livedata-core-ktx:2.8.6) with ExtractAarTransform
Transforming lifecycle-livedata-core-ktx-2.8.6.aar (androidx.lifecycle:lifecycle-livedata-core-ktx:2.8.6) with AarTransform
Transforming lifecycle-livedata-2.8.6.aar (androidx.lifecycle:lifecycle-livedata:2.8.6) with ExtractAarTransform
Transforming lifecycle-livedata-2.8.6.aar (androidx.lifecycle:lifecycle-livedata:2.8.6) with AarTransform
Transforming lifecycle-viewmodel-2.8.6.aar (androidx.lifecycle:lifecycle-viewmodel:2.8.6) with ExtractAarTransform
Transforming lifecycle-viewmodel-2.8.6.aar (androidx.lifecycle:lifecycle-viewmodel:2.8.6) with AarTransform
Transforming lifecycle-viewmodel-release.aar (androidx.lifecycle:lifecycle-viewmodel-android:2.8.6) with ExtractAarTransform
Transforming lifecycle-viewmodel-release.aar (androidx.lifecycle:lifecycle-viewmodel-android:2.8.6) with AarTransform
Transforming lifecycle-runtime-release.aar (androidx.lifecycle:lifecycle-runtime-android:2.8.6) with ExtractAarTransform
Transforming lifecycle-runtime-release.aar (androidx.lifecycle:lifecycle-runtime-android:2.8.6) with AarTransform
Transforming lifecycle-livedata-core-2.8.6.aar (androidx.lifecycle:lifecycle-livedata-core:2.8.6) with ExtractAarTransform
Caching disabled for AarTransform: /home/runner/.gradle/caches/8.9/transforms/ceea842d00899f361805d255c52abba2/transformed/navigation-compose-2.8.3 because:
  Caching not enabled.
Transforming lifecycle-livedata-core-2.8.6.aar (androidx.lifecycle:lifecycle-livedata-core:2.8.6) with AarTransform
Transforming lifecycle-viewmodel-ktx-2.8.6.aar (androidx.lifecycle:lifecycle-viewmodel-ktx:2.8.6) with ExtractAarTransform
Transforming lifecycle-viewmodel-ktx-2.8.6.aar (androidx.lifecycle:lifecycle-viewmodel-ktx:2.8.6) with AarTransform
Caching disabled for AarTransform: /home/runner/.gradle/caches/8.9/transforms/9003ebf40ec55734251a0dd9f6377fea/transformed/hilt-android-2.52 because:
  Caching not enabled.
Transforming lifecycle-viewmodel-savedstate-2.8.6.aar (androidx.lifecycle:lifecycle-viewmodel-savedstate:2.8.6) with ExtractAarTransform
Transforming lifecycle-viewmodel-savedstate-2.8.6.aar (androidx.lifecycle:lifecycle-viewmodel-savedstate:2.8.6) with AarTransform
Transforming lifecycle-runtime-compose-release.aar (androidx.lifecycle:lifecycle-runtime-compose-android:2.8.6) with ExtractAarTransform
Transforming lifecycle-runtime-compose-release.aar (androidx.lifecycle:lifecycle-runtime-compose-android:2.8.6) with AarTransform
Transforming lifecycle-runtime-ktx-release.aar (androidx.lifecycle:lifecycle-runtime-ktx-android:2.8.6) with ExtractAarTransform
Transforming lifecycle-runtime-ktx-release.aar (androidx.lifecycle:lifecycle-runtime-ktx-android:2.8.6) with AarTransform
Transforming lifecycle-viewmodel-compose-release.aar (androidx.lifecycle:lifecycle-viewmodel-compose-android:2.8.6) with ExtractAarTransform
Transforming lifecycle-viewmodel-compose-release.aar (androidx.lifecycle:lifecycle-viewmodel-compose-android:2.8.6) with AarTransform
Transforming material-icons-extended-release.aar (androidx.compose.material:material-icons-extended-android:1.7.5) with ExtractAarTransform
Transforming material-icons-extended-release.aar (androidx.compose.material:material-icons-extended-android:1.7.5) with AarTransform
Transforming material-icons-core-release.aar (androidx.compose.material:material-icons-core-android:1.7.5) with ExtractAarTransform
Transforming material-icons-core-release.aar (androidx.compose.material:material-icons-core-android:1.7.5) with AarTransform
Transforming ui-release.aar (androidx.compose.ui:ui-android:1.7.5) with ExtractAarTransform
Transforming ui-release.aar (androidx.compose.ui:ui-android:1.7.5) with AarTransform
Transforming viewpager-1.0.0.aar (androidx.viewpager:viewpager:1.0.0) with ExtractAarTransform
Transforming viewpager-1.0.0.aar (androidx.viewpager:viewpager:1.0.0) with AarTransform
Transforming autofill-1.0.0.aar (androidx.autofill:autofill:1.0.0) with ExtractAarTransform
Transforming autofill-1.0.0.aar (androidx.autofill:autofill:1.0.0) with AarTransform
Transforming graphics-path-1.0.1.aar (androidx.graphics:graphics-path:1.0.1) with ExtractAarTransform
Transforming graphics-path-1.0.1.aar (androidx.graphics:graphics-path:1.0.1) with AarTransform
Transforming customview-1.0.0.aar (androidx.customview:customview:1.0.0) with ExtractAarTransform
Transforming customview-1.0.0.aar (androidx.customview:customview:1.0.0) with AarTransform
Caching disabled for AarTransform: /home/runner/.gradle/caches/8.9/transforms/78122b888a0a07babc3ab9bf6045b0c1/transformed/fragment-1.5.1 because:
  Caching not enabled.
Transforming core-1.13.1.aar (androidx.core:core:1.13.1) with ExtractAarTransform
Transforming core-1.13.1.aar (androidx.core:core:1.13.1) with AarTransform
Transforming core-1.13.1.aar (androidx.core:core:1.13.1) with ExtractAarTransform
Transforming core-1.13.1.aar (androidx.core:core:1.13.1) with AarTransform
Transforming core-1.13.1.aar (androidx.core:core:1.13.1) with ExtractAarTransform
Transforming core-1.13.1.aar (androidx.core:core:1.13.1) with AarTransform
Transforming core-1.13.1.aar (androidx.core:core:1.13.1) with ExtractAarTransform
Transforming core-1.13.1.aar (androidx.core:core:1.13.1) with AarTransform
Transforming core-1.13.1.aar (androidx.core:core:1.13.1) with ExtractAarTransform
Transforming core-1.13.1.aar (androidx.core:core:1.13.1) with AarTransform
Transforming customview-poolingcontainer-1.0.0.aar (androidx.customview:customview-poolingcontainer:1.0.0) with ExtractAarTransform
Transforming customview-poolingcontainer-1.0.0.aar (androidx.customview:customview-poolingcontainer:1.0.0) with AarTransform
Transforming core-ktx-1.13.1.aar (androidx.core:core-ktx:1.13.1) with ExtractAarTransform
Transforming core-ktx-1.13.1.aar (androidx.core:core-ktx:1.13.1) with AarTransform
Transforming room-runtime-2.6.1.aar (androidx.room:room-runtime:2.6.1) with ExtractAarTransform
Transforming room-runtime-2.6.1.aar (androidx.room:room-runtime:2.6.1) with AarTransform
Transforming room-ktx-2.6.1.aar (androidx.room:room-ktx:2.6.1) with ExtractAarTransform
Transforming room-ktx-2.6.1.aar (androidx.room:room-ktx:2.6.1) with AarTransform
Transforming runtime-saveable-release.aar (androidx.compose.runtime:runtime-saveable-android:1.7.5) with ExtractAarTransform
Transforming runtime-saveable-release.aar (androidx.compose.runtime:runtime-saveable-android:1.7.5) with AarTransform
Transforming runtime-release.aar (androidx.compose.runtime:runtime-android:1.7.5) with ExtractAarTransform
Transforming runtime-release.aar (androidx.compose.runtime:runtime-android:1.7.5) with AarTransform
Transforming sqlite-framework-2.4.0.aar (androidx.sqlite:sqlite-framework:2.4.0) with ExtractAarTransform
Transforming sqlite-framework-2.4.0.aar (androidx.sqlite:sqlite-framework:2.4.0) with AarTransform
Transforming sqlite-2.4.0.aar (androidx.sqlite:sqlite:2.4.0) with ExtractAarTransform
Transforming sqlite-2.4.0.aar (androidx.sqlite:sqlite:2.4.0) with AarTransform
Transforming annotation-experimental-1.4.1.aar (androidx.annotation:annotation-experimental:1.4.1) with ExtractAarTransform
Transforming annotation-experimental-1.4.1.aar (androidx.annotation:annotation-experimental:1.4.1) with AarTransform
Transforming versionedparcelable-1.1.1.aar (androidx.versionedparcelable:versionedparcelable:1.1.1) with ExtractAarTransform
Transforming versionedparcelable-1.1.1.aar (androidx.versionedparcelable:versionedparcelable:1.1.1) with AarTransform
Transforming core-runtime-2.2.0.aar (androidx.arch.core:core-runtime:2.2.0) with ExtractAarTransform
Transforming core-runtime-2.2.0.aar (androidx.arch.core:core-runtime:2.2.0) with AarTransform
Transforming interpolator-1.0.0.aar (androidx.interpolator:interpolator:1.0.0) with ExtractAarTransform
Transforming interpolator-1.0.0.aar (androidx.interpolator:interpolator:1.0.0) with AarTransform
Transforming profileinstaller-1.3.1.aar (androidx.profileinstaller:profileinstaller:1.3.1) with ExtractAarTransform
Transforming profileinstaller-1.3.1.aar (androidx.profileinstaller:profileinstaller:1.3.1) with AarTransform
Transforming startup-runtime-1.1.1.aar (androidx.startup:startup-runtime:1.1.1) with ExtractAarTransform
Transforming startup-runtime-1.1.1.aar (androidx.startup:startup-runtime:1.1.1) with AarTransform
Transforming tracing-1.0.0.aar (androidx.tracing:tracing:1.0.0) with ExtractAarTransform
Transforming tracing-1.0.0.aar (androidx.tracing:tracing:1.0.0) with AarTransform
Transforming dagger-lint-aar-2.52.aar (com.google.dagger:dagger-lint-aar:2.52) with ExtractAarTransform
Transforming dagger-lint-aar-2.52.aar (com.google.dagger:dagger-lint-aar:2.52) with AarTransform
Caching disabled for AarTransform: /home/runner/.gradle/caches/8.9/transforms/1ba716ea9832f4cdd27a3af6b046f466/transformed/activity-ktx-1.9.3 because:
  Caching not enabled.
Caching disabled for AarTransform: /home/runner/.gradle/caches/8.9/transforms/7b17aaf8774922eca7cac21bd968c99a/transformed/activity-1.9.3 because:
  Caching not enabled.
Caching disabled for AarTransform: /home/runner/.gradle/caches/8.9/transforms/20bb4ecb2d1f41d90f8c372638e8eda8/transformed/material-release because:
  Caching not enabled.
Caching disabled for AarTransform: /home/runner/.gradle/caches/8.9/transforms/6beccf4f767597a191fb31811f827858/transformed/material3-release because:
  Caching not enabled.
Caching disabled for AarTransform: /home/runner/.gradle/caches/8.9/transforms/4d064680c13678dbc92ea204272de3ee/transformed/animation-core-release because:
  Caching not enabled.
Caching disabled for AarTransform: /home/runner/.gradle/caches/8.9/transforms/0e158db0061a783b86bf474f52255b87/transformed/material-ripple-release because:
  Caching not enabled.
Caching disabled for AarTransform: /home/runner/.gradle/caches/8.9/transforms/8f70f32cd13cf03b0ec4aa41fd018749/transformed/animation-release because:
  Caching not enabled.
Caching disabled for AarTransform: /home/runner/.gradle/caches/8.9/transforms/ecd05d80285a118575803319a89dc0c4/transformed/foundation-layout-release because:
  Caching not enabled.
Caching disabled for AarTransform: /home/runner/.gradle/caches/8.9/transforms/eedd67be0846ef762844f8ff3075834a/transformed/ui-tooling-data-release because:
  Caching not enabled.
Caching disabled for AarTransform: /home/runner/.gradle/caches/8.9/transforms/50b1902f5ec20fc13023b76fb9a599e6/transformed/foundation-release because:
  Caching not enabled.
Caching disabled for AarTransform: /home/runner/.gradle/caches/8.9/transforms/3fd716325c88c28b9a5f8e9eb9c70beb/transformed/ui-unit-release because:
  Caching not enabled.
Caching disabled for AarTransform: /home/runner/.gradle/caches/8.9/transforms/9034bd43e79c9a519026d1cdfa19a03d/transformed/ui-geometry-release because:
  Caching not enabled.
Caching disabled for AarTransform: /home/runner/.gradle/caches/8.9/transforms/4ba26746e6a3026741c16394a3db0817/transformed/ui-util-release because:
  Caching not enabled.
Caching disabled for AarTransform: /home/runner/.gradle/caches/8.9/transforms/eb8ee0b21d6aa966a80bc93f20959e1d/transformed/ui-graphics-release because:
  Caching not enabled.
Caching disabled for AarTransform: /home/runner/.gradle/caches/8.9/transforms/1a6c894bd7d73e041f848716192bee60/transformed/ui-tooling-preview-release because:
  Caching not enabled.
Caching disabled for AarTransform: /home/runner/.gradle/caches/8.9/transforms/ed652a239617376d903bece965b72e0c/transformed/ui-text-release because:
  Caching not enabled.
Caching disabled for AarTransform: /home/runner/.gradle/caches/8.9/transforms/377064f6a8a637067f11c20dccf96de9/transformed/ui-tooling-release because:
  Caching not enabled.
Caching disabled for AarTransform: /home/runner/.gradle/caches/8.9/transforms/0b22198a7488454fa14b7735f0f509eb/transformed/activity-compose-1.9.3 because:
  Caching not enabled.
Caching disabled for AarTransform: /home/runner/.gradle/caches/8.9/transforms/90932bdf55a6bc176d49667881ec7843/transformed/savedstate-ktx-1.2.1 because:
  Caching not enabled.
Caching disabled for AarTransform: /home/runner/.gradle/caches/8.9/transforms/aa31e808e1b8b69495c21ddfdfea88cc/transformed/savedstate-1.2.1 because:
  Caching not enabled.
Caching disabled for AarTransform: /home/runner/.gradle/caches/8.9/transforms/a06a20b09cfe9d50558996bed72b9bac/transformed/loader-1.0.0 because:
  Caching not enabled.
Caching disabled for AarTransform: /home/runner/.gradle/caches/8.9/transforms/e7dacae607132f83ac84f78c820c58db/transformed/emoji2-1.3.0 because:
  Caching not enabled.
Caching disabled for AarTransform: /home/runner/.gradle/caches/8.9/transforms/962d0c0f47f07b6b05e11de92b7c147f/transformed/lifecycle-process-2.8.6 because:
  Caching not enabled.
Caching disabled for AarTransform: /home/runner/.gradle/caches/8.9/transforms/0522020dde5581db3657b7a4e1d103b5/transformed/lifecycle-livedata-core-ktx-2.8.6 because:
  Caching not enabled.
Caching disabled for AarTransform: /home/runner/.gradle/caches/8.9/transforms/0b564fb7dcdb48d095b445cc31899d2f/transformed/lifecycle-livedata-2.8.6 because:
  Caching not enabled.
Caching disabled for AarTransform: /home/runner/.gradle/caches/8.9/transforms/90b89a176e7ec2395e669ca023f26edf/transformed/lifecycle-viewmodel-2.8.6 because:
  Caching not enabled.
Caching disabled for AarTransform: /home/runner/.gradle/caches/8.9/transforms/17fc0bc7bc5aa3696d5d672a2565c57a/transformed/lifecycle-viewmodel-release because:
  Caching not enabled.
Caching disabled for AarTransform: /home/runner/.gradle/caches/8.9/transforms/a01d1204b2223af9f8c26a2648120f4d/transformed/lifecycle-runtime-release because:
  Caching not enabled.
Caching disabled for AarTransform: /home/runner/.gradle/caches/8.9/transforms/0a3cd9da5b5b76b08145565a0b64e378/transformed/lifecycle-livedata-core-2.8.6 because:
  Caching not enabled.
Caching disabled for AarTransform: /home/runner/.gradle/caches/8.9/transforms/8b3d9602325ce4c2847a5ecc8178e8c0/transformed/lifecycle-viewmodel-ktx-2.8.6 because:
  Caching not enabled.
Caching disabled for AarTransform: /home/runner/.gradle/caches/8.9/transforms/bd48baa61b5e8859e94b8182a0905745/transformed/lifecycle-viewmodel-savedstate-2.8.6 because:
  Caching not enabled.
Caching disabled for AarTransform: /home/runner/.gradle/caches/8.9/transforms/d4d33e906d3b0080609dfa0c474308fb/transformed/navigation-common-2.8.3 because:
  Caching not enabled.
Caching disabled for AarTransform: /home/runner/.gradle/caches/8.9/transforms/36c7df64eee3e12d89ac1ab86f5a80db/transformed/lifecycle-runtime-ktx-release because:
  Caching not enabled.
Caching disabled for AarTransform: /home/runner/.gradle/caches/8.9/transforms/32e6e848fb1ddd1db586378d1f473645/transformed/lifecycle-runtime-compose-release because:
  Caching not enabled.
Caching disabled for AarTransform: /home/runner/.gradle/caches/8.9/transforms/c92df85f6d2f30283dc663aea998868a/transformed/lifecycle-viewmodel-compose-release because:
  Caching not enabled.
Caching disabled for AarTransform: /home/runner/.gradle/caches/8.9/transforms/bc12b5e8392d2688d2deea964b07e9a6/transformed/material-icons-extended-release because:
  Caching not enabled.
Caching disabled for AarTransform: /home/runner/.gradle/caches/8.9/transforms/f2dd91c7336c7cd395adedc68ed77786/transformed/material-icons-core-release because:
  Caching not enabled.
Caching disabled for AarTransform: /home/runner/.gradle/caches/8.9/transforms/fb395d79e2d72c7e008ece765567391a/transformed/ui-release because:
  Caching not enabled.
Caching disabled for AarTransform: /home/runner/.gradle/caches/8.9/transforms/e7da36e077eb0da19a460aac69da9908/transformed/viewpager-1.0.0 because:
  Caching not enabled.
Caching disabled for AarTransform: /home/runner/.gradle/caches/8.9/transforms/1b582b7df9024784fcac930316c18bce/transformed/autofill-1.0.0 because:
  Caching not enabled.
Caching disabled for AarTransform: /home/runner/.gradle/caches/8.9/transforms/4c14aaf8029480c22ef47249c536049a/transformed/customview-1.0.0 because:
  Caching not enabled.
Caching disabled for AarTransform: /home/runner/.gradle/caches/8.9/transforms/338142dbc7d5dd547654c03215036f9e/transformed/graphics-path-1.0.1 because:
  Caching not enabled.
Caching disabled for AarTransform: /home/runner/.gradle/caches/8.9/transforms/6bb7b87146d1e8f53e3dcff3d9228836/transformed/core-1.13.1 because:
  Caching not enabled.
Caching disabled for AarTransform: /home/runner/.gradle/caches/8.9/transforms/51e90ff84cd5fef82aca80c6b8df3077/transformed/core-ktx-1.13.1 because:
  Caching not enabled.
Caching disabled for AarTransform: /home/runner/.gradle/caches/8.9/transforms/4771675c2ad91221a74ebcde08c3d2e7/transformed/room-runtime-2.6.1 because:
  Caching not enabled.
Caching disabled for AarTransform: /home/runner/.gradle/caches/8.9/transforms/1f2a64687fc539c15dce7cfbca954f60/transformed/room-ktx-2.6.1 because:
  Caching not enabled.
Caching disabled for AarTransform: /home/runner/.gradle/caches/8.9/transforms/6f7a4f248d0d4b58cb58dea0baf15ed9/transformed/customview-poolingcontainer-1.0.0 because:
  Caching not enabled.
Caching disabled for AarTransform: /home/runner/.gradle/caches/8.9/transforms/df4013943e66f1429b5a2e86bf045b3a/transformed/runtime-release because:
  Caching not enabled.
Caching disabled for AarTransform: /home/runner/.gradle/caches/8.9/transforms/3f2696bb538fb0b131221edd46a4f7b5/transformed/sqlite-framework-2.4.0 because:
  Caching not enabled.
Caching disabled for AarTransform: /home/runner/.gradle/caches/8.9/transforms/00245606247db813ebab22482ea4f8d7/transformed/runtime-saveable-release because:
  Caching not enabled.
Caching disabled for AarTransform: /home/runner/.gradle/caches/8.9/transforms/9cc5beac71432b0c6f2e25728a1cf157/transformed/annotation-experimental-1.4.1 because:
  Caching not enabled.
Caching disabled for AarTransform: /home/runner/.gradle/caches/8.9/transforms/26521b8577051a04bc5676e0dc51bde1/transformed/versionedparcelable-1.1.1 because:
  Caching not enabled.
Caching disabled for AarTransform: /home/runner/.gradle/caches/8.9/transforms/e0fce34334d8005a80bf909fb8965fe0/transformed/sqlite-2.4.0 because:
  Caching not enabled.
Caching disabled for AarTransform: /home/runner/.gradle/caches/8.9/transforms/74c50b0611733beee6223550345399db/transformed/core-runtime-2.2.0 because:
  Caching not enabled.
Caching disabled for AarTransform: /home/runner/.gradle/caches/8.9/transforms/a4f557f063ee99600f1e6f12798dbe7c/transformed/interpolator-1.0.0 because:
  Caching not enabled.
Caching disabled for AarTransform: /home/runner/.gradle/caches/8.9/transforms/53dfbc140237e96b44247be42456c9e3/transformed/profileinstaller-1.3.1 because:
  Caching not enabled.
Caching disabled for AarTransform: /home/runner/.gradle/caches/8.9/transforms/497791f0725a98193454277ae9dee35b/transformed/startup-runtime-1.1.1 because:
  Caching not enabled.
Caching disabled for AarTransform: /home/runner/.gradle/caches/8.9/transforms/b405d1de32934466a5d6fb0ed11cecfd/transformed/dagger-lint-aar-2.52 because:
  Caching not enabled.
Caching disabled for AarTransform: /home/runner/.gradle/caches/8.9/transforms/cd9ad7fcd4eb9a21b34852de4022b6d0/transformed/tracing-1.0.0 because:
  Caching not enabled.
Transforming hilt-navigation-compose-1.2.0.aar (androidx.hilt:hilt-navigation-compose:1.2.0) with ExtractAarTransform
Transforming hilt-navigation-compose-1.2.0.aar (androidx.hilt:hilt-navigation-compose:1.2.0) with AarTransform
Transforming hilt-navigation-1.2.0.aar (androidx.hilt:hilt-navigation:1.2.0) with ExtractAarTransform
Transforming hilt-navigation-1.2.0.aar (androidx.hilt:hilt-navigation:1.2.0) with AarTransform
Transforming navigation-common-2.8.3.aar (androidx.navigation:navigation-common:2.8.3) with ExtractAarTransform
Transforming navigation-common-2.8.3.aar (androidx.navigation:navigation-common:2.8.3) with AarTransform
Transforming navigation-runtime-2.8.3.aar (androidx.navigation:navigation-runtime:2.8.3) with ExtractAarTransform
Transforming navigation-runtime-2.8.3.aar (androidx.navigation:navigation-runtime:2.8.3) with AarTransform
Transforming navigation-common-ktx-2.8.3.aar (androidx.navigation:navigation-common-ktx:2.8.3) with ExtractAarTransform
Transforming navigation-common-ktx-2.8.3.aar (androidx.navigation:navigation-common-ktx:2.8.3) with AarTransform
Transforming navigation-runtime-ktx-2.8.3.aar (androidx.navigation:navigation-runtime-ktx:2.8.3) with ExtractAarTransform
Transforming navigation-runtime-ktx-2.8.3.aar (androidx.navigation:navigation-runtime-ktx:2.8.3) with AarTransform
Transforming navigation-compose-2.8.3.aar (androidx.navigation:navigation-compose:2.8.3) with ExtractAarTransform
Transforming navigation-compose-2.8.3.aar (androidx.navigation:navigation-compose:2.8.3) with AarTransform
Caching disabled for AarTransform: /home/runner/.gradle/caches/8.9/transforms/12ec77c8f0ef27e9e667039aa0010280/transformed/hilt-navigation-compose-1.2.0 because:
  Caching not enabled.
Transforming hilt-android-2.52.aar (com.google.dagger:hilt-android:2.52) with ExtractAarTransform
Transforming hilt-android-2.52.aar (com.google.dagger:hilt-android:2.52) with AarTransform
Caching disabled for AarTransform: /home/runner/.gradle/caches/8.9/transforms/ad4d9f30753e121dfdf5f15fa8c11043/transformed/hilt-navigation-1.2.0 because:
  Caching not enabled.
Caching disabled for AarTransform: /home/runner/.gradle/caches/8.9/transforms/d4d33e906d3b0080609dfa0c474308fb/transformed/navigation-common-2.8.3 because:
  Caching not enabled.
Transforming fragment-1.5.1.aar (androidx.fragment:fragment:1.5.1) with ExtractAarTransform
Transforming fragment-1.5.1.aar (androidx.fragment:fragment:1.5.1) with AarTransform
Transforming activity-1.9.3.aar (androidx.activity:activity:1.9.3) with ExtractAarTransform
Transforming activity-1.9.3.aar (androidx.activity:activity:1.9.3) with AarTransform
Transforming activity-ktx-1.9.3.aar (androidx.activity:activity-ktx:1.9.3) with ExtractAarTransform
Transforming activity-ktx-1.9.3.aar (androidx.activity:activity-ktx:1.9.3) with AarTransform
Transforming material3-release.aar (androidx.compose.material3:material3-android:1.3.1) with ExtractAarTransform
Transforming material3-release.aar (androidx.compose.material3:material3-android:1.3.1) with AarTransform
Transforming material-release.aar (androidx.compose.material:material-android:1.7.5) with ExtractAarTransform
Transforming material-release.aar (androidx.compose.material:material-android:1.7.5) with AarTransform
Transforming animation-core-release.aar (androidx.compose.animation:animation-core-android:1.7.5) with ExtractAarTransform
Transforming animation-core-release.aar (androidx.compose.animation:animation-core-android:1.7.5) with AarTransform
Transforming material-ripple-release.aar (androidx.compose.material:material-ripple-android:1.7.5) with ExtractAarTransform
Transforming material-ripple-release.aar (androidx.compose.material:material-ripple-android:1.7.5) with AarTransform
Transforming animation-release.aar (androidx.compose.animation:animation-android:1.7.5) with ExtractAarTransform
Transforming animation-release.aar (androidx.compose.animation:animation-android:1.7.5) with AarTransform
Transforming foundation-layout-release.aar (androidx.compose.foundation:foundation-layout-android:1.7.5) with ExtractAarTransform
Transforming foundation-layout-release.aar (androidx.compose.foundation:foundation-layout-android:1.7.5) with AarTransform
Transforming foundation-release.aar (androidx.compose.foundation:foundation-android:1.7.5) with ExtractAarTransform
Transforming foundation-release.aar (androidx.compose.foundation:foundation-android:1.7.5) with AarTransform
Transforming ui-tooling-data-release.aar (androidx.compose.ui:ui-tooling-data-android:1.7.5) with ExtractAarTransform
Transforming ui-tooling-data-release.aar (androidx.compose.ui:ui-tooling-data-android:1.7.5) with AarTransform
Transforming ui-unit-release.aar (androidx.compose.ui:ui-unit-android:1.7.5) with ExtractAarTransform
Transforming ui-unit-release.aar (androidx.compose.ui:ui-unit-android:1.7.5) with AarTransform
Transforming ui-geometry-release.aar (androidx.compose.ui:ui-geometry-android:1.7.5) with ExtractAarTransform
Transforming ui-geometry-release.aar (androidx.compose.ui:ui-geometry-android:1.7.5) with AarTransform
Transforming ui-util-release.aar (androidx.compose.ui:ui-util-android:1.7.5) with ExtractAarTransform
Transforming ui-util-release.aar (androidx.compose.ui:ui-util-android:1.7.5) with AarTransform
Transforming ui-text-release.aar (androidx.compose.ui:ui-text-android:1.7.5) with ExtractAarTransform
Transforming ui-text-release.aar (androidx.compose.ui:ui-text-android:1.7.5) with AarTransform
Transforming ui-tooling-preview-release.aar (androidx.compose.ui:ui-tooling-preview-android:1.7.5) with ExtractAarTransform
Transforming ui-tooling-preview-release.aar (androidx.compose.ui:ui-tooling-preview-android:1.7.5) with AarTransform
Transforming ui-graphics-release.aar (androidx.compose.ui:ui-graphics-android:1.7.5) with ExtractAarTransform
Transforming ui-graphics-release.aar (androidx.compose.ui:ui-graphics-android:1.7.5) with AarTransform
Transforming ui-tooling-release.aar (androidx.compose.ui:ui-tooling-android:1.7.5) with ExtractAarTransform
Transforming ui-tooling-release.aar (androidx.compose.ui:ui-tooling-android:1.7.5) with AarTransform
Transforming activity-compose-1.9.3.aar (androidx.activity:activity-compose:1.9.3) with ExtractAarTransform
Transforming activity-compose-1.9.3.aar (androidx.activity:activity-compose:1.9.3) with AarTransform
Transforming savedstate-ktx-1.2.1.aar (androidx.savedstate:savedstate-ktx:1.2.1) with ExtractAarTransform
Transforming savedstate-ktx-1.2.1.aar (androidx.savedstate:savedstate-ktx:1.2.1) with AarTransform
Transforming savedstate-1.2.1.aar (androidx.savedstate:savedstate:1.2.1) with ExtractAarTransform
Caching disabled for AarTransform: /home/runner/.gradle/caches/8.9/transforms/2dbc64239e4ac921dde2a8d4de940749/transformed/navigation-common-ktx-2.8.3 because:
  Caching not enabled.
Caching disabled for AarTransform: /home/runner/.gradle/caches/8.9/transforms/465ee5133dca15b43b94624bb822b2d7/transformed/navigation-runtime-2.8.3 because:
  Caching not enabled.
Transforming savedstate-1.2.1.aar (androidx.savedstate:savedstate:1.2.1) with AarTransform
Transforming loader-1.0.0.aar (androidx.loader:loader:1.0.0) with ExtractAarTransform
Transforming loader-1.0.0.aar (androidx.loader:loader:1.0.0) with AarTransform
Transforming emoji2-1.3.0.aar (androidx.emoji2:emoji2:1.3.0) with ExtractAarTransform
Transforming emoji2-1.3.0.aar (androidx.emoji2:emoji2:1.3.0) with AarTransform
Transforming lifecycle-process-2.8.6.aar (androidx.lifecycle:lifecycle-process:2.8.6) with ExtractAarTransform
Caching disabled for AarTransform: /home/runner/.gradle/caches/8.9/transforms/b195ca1dc782125628d31fb0d6b49e45/transformed/navigation-runtime-ktx-2.8.3 because:
  Caching not enabled.
Transforming lifecycle-process-2.8.6.aar (androidx.lifecycle:lifecycle-process:2.8.6) with AarTransform
Transforming lifecycle-livedata-core-ktx-2.8.6.aar (androidx.lifecycle:lifecycle-livedata-core-ktx:2.8.6) with ExtractAarTransform
Transforming lifecycle-livedata-core-ktx-2.8.6.aar (androidx.lifecycle:lifecycle-livedata-core-ktx:2.8.6) with AarTransform
Transforming lifecycle-livedata-2.8.6.aar (androidx.lifecycle:lifecycle-livedata:2.8.6) with ExtractAarTransform
Transforming lifecycle-livedata-2.8.6.aar (androidx.lifecycle:lifecycle-livedata:2.8.6) with AarTransform
Transforming lifecycle-viewmodel-2.8.6.aar (androidx.lifecycle:lifecycle-viewmodel:2.8.6) with ExtractAarTransform
Transforming lifecycle-viewmodel-2.8.6.aar (androidx.lifecycle:lifecycle-viewmodel:2.8.6) with AarTransform
Transforming lifecycle-viewmodel-release.aar (androidx.lifecycle:lifecycle-viewmodel-android:2.8.6) with ExtractAarTransform
Transforming lifecycle-viewmodel-release.aar (androidx.lifecycle:lifecycle-viewmodel-android:2.8.6) with AarTransform
Transforming lifecycle-runtime-release.aar (androidx.lifecycle:lifecycle-runtime-android:2.8.6) with ExtractAarTransform
Transforming lifecycle-runtime-release.aar (androidx.lifecycle:lifecycle-runtime-android:2.8.6) with AarTransform
Transforming lifecycle-livedata-core-2.8.6.aar (androidx.lifecycle:lifecycle-livedata-core:2.8.6) with ExtractAarTransform
Transforming lifecycle-livedata-core-2.8.6.aar (androidx.lifecycle:lifecycle-livedata-core:2.8.6) with AarTransform
Transforming lifecycle-viewmodel-ktx-2.8.6.aar (androidx.lifecycle:lifecycle-viewmodel-ktx:2.8.6) with ExtractAarTransform
Transforming lifecycle-viewmodel-ktx-2.8.6.aar (androidx.lifecycle:lifecycle-viewmodel-ktx:2.8.6) with AarTransform
Transforming lifecycle-viewmodel-savedstate-2.8.6.aar (androidx.lifecycle:lifecycle-viewmodel-savedstate:2.8.6) with ExtractAarTransform
Transforming lifecycle-viewmodel-savedstate-2.8.6.aar (androidx.lifecycle:lifecycle-viewmodel-savedstate:2.8.6) with AarTransform
Transforming lifecycle-runtime-compose-release.aar (androidx.lifecycle:lifecycle-runtime-compose-android:2.8.6) with ExtractAarTransform
Transforming lifecycle-runtime-compose-release.aar (androidx.lifecycle:lifecycle-runtime-compose-android:2.8.6) with AarTransform
Transforming lifecycle-runtime-ktx-release.aar (androidx.lifecycle:lifecycle-runtime-ktx-android:2.8.6) with ExtractAarTransform
Transforming lifecycle-runtime-ktx-release.aar (androidx.lifecycle:lifecycle-runtime-ktx-android:2.8.6) with AarTransform
Transforming lifecycle-viewmodel-compose-release.aar (androidx.lifecycle:lifecycle-viewmodel-compose-android:2.8.6) with ExtractAarTransform
Transforming lifecycle-viewmodel-compose-release.aar (androidx.lifecycle:lifecycle-viewmodel-compose-android:2.8.6) with AarTransform
Transforming material-icons-extended-release.aar (androidx.compose.material:material-icons-extended-android:1.7.5) with ExtractAarTransform
Transforming material-icons-extended-release.aar (androidx.compose.material:material-icons-extended-android:1.7.5) with AarTransform
Transforming material-icons-core-release.aar (androidx.compose.material:material-icons-core-android:1.7.5) with ExtractAarTransform
Transforming material-icons-core-release.aar (androidx.compose.material:material-icons-core-android:1.7.5) with AarTransform
Transforming ui-release.aar (androidx.compose.ui:ui-android:1.7.5) with ExtractAarTransform
Transforming ui-release.aar (androidx.compose.ui:ui-android:1.7.5) with AarTransform
Transforming viewpager-1.0.0.aar (androidx.viewpager:viewpager:1.0.0) with ExtractAarTransform
Transforming viewpager-1.0.0.aar (androidx.viewpager:viewpager:1.0.0) with AarTransform
Transforming autofill-1.0.0.aar (androidx.autofill:autofill:1.0.0) with ExtractAarTransform
Transforming autofill-1.0.0.aar (androidx.autofill:autofill:1.0.0) with AarTransform
Transforming graphics-path-1.0.1.aar (androidx.graphics:graphics-path:1.0.1) with ExtractAarTransform
Transforming graphics-path-1.0.1.aar (androidx.graphics:graphics-path:1.0.1) with AarTransform
Transforming customview-1.0.0.aar (androidx.customview:customview:1.0.0) with ExtractAarTransform
Transforming customview-1.0.0.aar (androidx.customview:customview:1.0.0) with AarTransform
Transforming core-1.13.1.aar (androidx.core:core:1.13.1) with ExtractAarTransform
Transforming core-1.13.1.aar (androidx.core:core:1.13.1) with AarTransform
Caching disabled for AarTransform: /home/runner/.gradle/caches/8.9/transforms/ceea842d00899f361805d255c52abba2/transformed/navigation-compose-2.8.3 because:
  Caching not enabled.
Transforming core-1.13.1.aar (androidx.core:core:1.13.1) with ExtractAarTransform
Transforming core-1.13.1.aar (androidx.core:core:1.13.1) with AarTransform
Transforming core-1.13.1.aar (androidx.core:core:1.13.1) with ExtractAarTransform
Transforming core-1.13.1.aar (androidx.core:core:1.13.1) with AarTransform
Transforming core-1.13.1.aar (androidx.core:core:1.13.1) with ExtractAarTransform
Transforming core-1.13.1.aar (androidx.core:core:1.13.1) with AarTransform
Transforming core-1.13.1.aar (androidx.core:core:1.13.1) with ExtractAarTransform
Transforming core-1.13.1.aar (androidx.core:core:1.13.1) with AarTransform
Transforming customview-poolingcontainer-1.0.0.aar (androidx.customview:customview-poolingcontainer:1.0.0) with ExtractAarTransform
Transforming customview-poolingcontainer-1.0.0.aar (androidx.customview:customview-poolingcontainer:1.0.0) with AarTransform
Transforming core-ktx-1.13.1.aar (androidx.core:core-ktx:1.13.1) with ExtractAarTransform
Transforming core-ktx-1.13.1.aar (androidx.core:core-ktx:1.13.1) with AarTransform
Transforming room-runtime-2.6.1.aar (androidx.room:room-runtime:2.6.1) with ExtractAarTransform
Transforming room-runtime-2.6.1.aar (androidx.room:room-runtime:2.6.1) with AarTransform
Transforming room-ktx-2.6.1.aar (androidx.room:room-ktx:2.6.1) with ExtractAarTransform
Transforming room-ktx-2.6.1.aar (androidx.room:room-ktx:2.6.1) with AarTransform
Transforming runtime-saveable-release.aar (androidx.compose.runtime:runtime-saveable-android:1.7.5) with ExtractAarTransform
Transforming runtime-saveable-release.aar (androidx.compose.runtime:runtime-saveable-android:1.7.5) with AarTransform
Transforming runtime-release.aar (androidx.compose.runtime:runtime-android:1.7.5) with ExtractAarTransform
Transforming runtime-release.aar (androidx.compose.runtime:runtime-android:1.7.5) with AarTransform
Transforming sqlite-framework-2.4.0.aar (androidx.sqlite:sqlite-framework:2.4.0) with ExtractAarTransform
Caching disabled for AarTransform: /home/runner/.gradle/caches/8.9/transforms/78122b888a0a07babc3ab9bf6045b0c1/transformed/fragment-1.5.1 because:
  Caching not enabled.
Caching disabled for AarTransform: /home/runner/.gradle/caches/8.9/transforms/7b17aaf8774922eca7cac21bd968c99a/transformed/activity-1.9.3 because:
  Caching not enabled.
Caching disabled for AarTransform: /home/runner/.gradle/caches/8.9/transforms/9003ebf40ec55734251a0dd9f6377fea/transformed/hilt-android-2.52 because:
  Caching not enabled.
Transforming sqlite-framework-2.4.0.aar (androidx.sqlite:sqlite-framework:2.4.0) with AarTransform
Transforming sqlite-2.4.0.aar (androidx.sqlite:sqlite:2.4.0) with ExtractAarTransform
Transforming sqlite-2.4.0.aar (androidx.sqlite:sqlite:2.4.0) with AarTransform
Transforming annotation-experimental-1.4.1.aar (androidx.annotation:annotation-experimental:1.4.1) with ExtractAarTransform
Transforming annotation-experimental-1.4.1.aar (androidx.annotation:annotation-experimental:1.4.1) with AarTransform
Transforming versionedparcelable-1.1.1.aar (androidx.versionedparcelable:versionedparcelable:1.1.1) with ExtractAarTransform
Transforming versionedparcelable-1.1.1.aar (androidx.versionedparcelable:versionedparcelable:1.1.1) with AarTransform
Transforming core-runtime-2.2.0.aar (androidx.arch.core:core-runtime:2.2.0) with ExtractAarTransform
Transforming core-runtime-2.2.0.aar (androidx.arch.core:core-runtime:2.2.0) with AarTransform
Transforming interpolator-1.0.0.aar (androidx.interpolator:interpolator:1.0.0) with ExtractAarTransform
Transforming interpolator-1.0.0.aar (androidx.interpolator:interpolator:1.0.0) with AarTransform
Transforming profileinstaller-1.3.1.aar (androidx.profileinstaller:profileinstaller:1.3.1) with ExtractAarTransform
Transforming profileinstaller-1.3.1.aar (androidx.profileinstaller:profileinstaller:1.3.1) with AarTransform
Transforming startup-runtime-1.1.1.aar (androidx.startup:startup-runtime:1.1.1) with ExtractAarTransform
Transforming startup-runtime-1.1.1.aar (androidx.startup:startup-runtime:1.1.1) with AarTransform
Transforming tracing-1.0.0.aar (androidx.tracing:tracing:1.0.0) with ExtractAarTransform
Transforming tracing-1.0.0.aar (androidx.tracing:tracing:1.0.0) with AarTransform
Transforming dagger-lint-aar-2.52.aar (com.google.dagger:dagger-lint-aar:2.52) with ExtractAarTransform
Transforming dagger-lint-aar-2.52.aar (com.google.dagger:dagger-lint-aar:2.52) with AarTransform
Caching disabled for AarTransform: /home/runner/.gradle/caches/8.9/transforms/1ba716ea9832f4cdd27a3af6b046f466/transformed/activity-ktx-1.9.3 because:
  Caching not enabled.
Caching disabled for AarTransform: /home/runner/.gradle/caches/8.9/transforms/6beccf4f767597a191fb31811f827858/transformed/material3-release because:
  Caching not enabled.
Caching disabled for AarTransform: /home/runner/.gradle/caches/8.9/transforms/20bb4ecb2d1f41d90f8c372638e8eda8/transformed/material-release because:
  Caching not enabled.
Caching disabled for AarTransform: /home/runner/.gradle/caches/8.9/transforms/4d064680c13678dbc92ea204272de3ee/transformed/animation-core-release because:
  Caching not enabled.
Caching disabled for AarTransform: /home/runner/.gradle/caches/8.9/transforms/0e158db0061a783b86bf474f52255b87/transformed/material-ripple-release because:
  Caching not enabled.
Caching disabled for AarTransform: /home/runner/.gradle/caches/8.9/transforms/8f70f32cd13cf03b0ec4aa41fd018749/transformed/animation-release because:
  Caching not enabled.
Caching disabled for AarTransform: /home/runner/.gradle/caches/8.9/transforms/ecd05d80285a118575803319a89dc0c4/transformed/foundation-layout-release because:
  Caching not enabled.
Caching disabled for AarTransform: /home/runner/.gradle/caches/8.9/transforms/eedd67be0846ef762844f8ff3075834a/transformed/ui-tooling-data-release because:
  Caching not enabled.
Caching disabled for AarTransform: /home/runner/.gradle/caches/8.9/transforms/50b1902f5ec20fc13023b76fb9a599e6/transformed/foundation-release because:
  Caching not enabled.
Caching disabled for AarTransform: /home/runner/.gradle/caches/8.9/transforms/3fd716325c88c28b9a5f8e9eb9c70beb/transformed/ui-unit-release because:
  Caching not enabled.
Caching disabled for AarTransform: /home/runner/.gradle/caches/8.9/transforms/4ba26746e6a3026741c16394a3db0817/transformed/ui-util-release because:
  Caching not enabled.
Caching disabled for AarTransform: /home/runner/.gradle/caches/8.9/transforms/9034bd43e79c9a519026d1cdfa19a03d/transformed/ui-geometry-release because:
  Caching not enabled.
Caching disabled for AarTransform: /home/runner/.gradle/caches/8.9/transforms/ed652a239617376d903bece965b72e0c/transformed/ui-text-release because:
  Caching not enabled.
Caching disabled for AarTransform: /home/runner/.gradle/caches/8.9/transforms/1a6c894bd7d73e041f848716192bee60/transformed/ui-tooling-preview-release because:
  Caching not enabled.
Caching disabled for AarTransform: /home/runner/.gradle/caches/8.9/transforms/eb8ee0b21d6aa966a80bc93f20959e1d/transformed/ui-graphics-release because:
  Caching not enabled.
Caching disabled for AarTransform: /home/runner/.gradle/caches/8.9/transforms/0b22198a7488454fa14b7735f0f509eb/transformed/activity-compose-1.9.3 because:
  Caching not enabled.
Caching disabled for AarTransform: /home/runner/.gradle/caches/8.9/transforms/377064f6a8a637067f11c20dccf96de9/transformed/ui-tooling-release because:
  Caching not enabled.
Caching disabled for AarTransform: /home/runner/.gradle/caches/8.9/transforms/90932bdf55a6bc176d49667881ec7843/transformed/savedstate-ktx-1.2.1 because:
  Caching not enabled.
Caching disabled for AarTransform: /home/runner/.gradle/caches/8.9/transforms/aa31e808e1b8b69495c21ddfdfea88cc/transformed/savedstate-1.2.1 because:
  Caching not enabled.
Caching disabled for AarTransform: /home/runner/.gradle/caches/8.9/transforms/e7dacae607132f83ac84f78c820c58db/transformed/emoji2-1.3.0 because:
  Caching not enabled.
Caching disabled for AarTransform: /home/runner/.gradle/caches/8.9/transforms/a06a20b09cfe9d50558996bed72b9bac/transformed/loader-1.0.0 because:
  Caching not enabled.
Caching disabled for AarTransform: /home/runner/.gradle/caches/8.9/transforms/962d0c0f47f07b6b05e11de92b7c147f/transformed/lifecycle-process-2.8.6 because:
  Caching not enabled.
Caching disabled for AarTransform: /home/runner/.gradle/caches/8.9/transforms/0522020dde5581db3657b7a4e1d103b5/transformed/lifecycle-livedata-core-ktx-2.8.6 because:
  Caching not enabled.
Caching disabled for AarTransform: /home/runner/.gradle/caches/8.9/transforms/0b564fb7dcdb48d095b445cc31899d2f/transformed/lifecycle-livedata-2.8.6 because:
  Caching not enabled.
Caching disabled for AarTransform: /home/runner/.gradle/caches/8.9/transforms/90b89a176e7ec2395e669ca023f26edf/transformed/lifecycle-viewmodel-2.8.6 because:
  Caching not enabled.
Caching disabled for AarTransform: /home/runner/.gradle/caches/8.9/transforms/a01d1204b2223af9f8c26a2648120f4d/transformed/lifecycle-runtime-release because:
  Caching not enabled.
Caching disabled for AarTransform: /home/runner/.gradle/caches/8.9/transforms/17fc0bc7bc5aa3696d5d672a2565c57a/transformed/lifecycle-viewmodel-release because:
  Caching not enabled.
Caching disabled for AarTransform: /home/runner/.gradle/caches/8.9/transforms/0a3cd9da5b5b76b08145565a0b64e378/transformed/lifecycle-livedata-core-2.8.6 because:
  Caching not enabled.
Caching disabled for AarTransform: /home/runner/.gradle/caches/8.9/transforms/8b3d9602325ce4c2847a5ecc8178e8c0/transformed/lifecycle-viewmodel-ktx-2.8.6 because:
  Caching not enabled.
Caching disabled for AarTransform: /home/runner/.gradle/caches/8.9/transforms/bd48baa61b5e8859e94b8182a0905745/transformed/lifecycle-viewmodel-savedstate-2.8.6 because:
  Caching not enabled.
Caching disabled for AarTransform: /home/runner/.gradle/caches/8.9/transforms/32e6e848fb1ddd1db586378d1f473645/transformed/lifecycle-runtime-compose-release because:
  Caching not enabled.
Caching disabled for AarTransform: /home/runner/.gradle/caches/8.9/transforms/36c7df64eee3e12d89ac1ab86f5a80db/transformed/lifecycle-runtime-ktx-release because:
  Caching not enabled.
Caching disabled for AarTransform: /home/runner/.gradle/caches/8.9/transforms/c92df85f6d2f30283dc663aea998868a/transformed/lifecycle-viewmodel-compose-release because:
  Caching not enabled.
Caching disabled for AarTransform: /home/runner/.gradle/caches/8.9/transforms/f2dd91c7336c7cd395adedc68ed77786/transformed/material-icons-core-release because:
  Caching not enabled.
Caching disabled for AarTransform: /home/runner/.gradle/caches/8.9/transforms/bc12b5e8392d2688d2deea964b07e9a6/transformed/material-icons-extended-release because:
  Caching not enabled.
Caching disabled for AarTransform: /home/runner/.gradle/caches/8.9/transforms/fb395d79e2d72c7e008ece765567391a/transformed/ui-release because:
  Caching not enabled.
Caching disabled for AarTransform: /home/runner/.gradle/caches/8.9/transforms/e7da36e077eb0da19a460aac69da9908/transformed/viewpager-1.0.0 because:
  Caching not enabled.
Caching disabled for AarTransform: /home/runner/.gradle/caches/8.9/transforms/1b582b7df9024784fcac930316c18bce/transformed/autofill-1.0.0 because:
  Caching not enabled.
Caching disabled for AarTransform: /home/runner/.gradle/caches/8.9/transforms/4c14aaf8029480c22ef47249c536049a/transformed/customview-1.0.0 because:
  Caching not enabled.
Caching disabled for AarTransform: /home/runner/.gradle/caches/8.9/transforms/338142dbc7d5dd547654c03215036f9e/transformed/graphics-path-1.0.1 because:
  Caching not enabled.
Caching disabled for AarTransform: /home/runner/.gradle/caches/8.9/transforms/6bb7b87146d1e8f53e3dcff3d9228836/transformed/core-1.13.1 because:
  Caching not enabled.
Caching disabled for AarTransform: /home/runner/.gradle/caches/8.9/transforms/51e90ff84cd5fef82aca80c6b8df3077/transformed/core-ktx-1.13.1 because:
  Caching not enabled.
Caching disabled for AarTransform: /home/runner/.gradle/caches/8.9/transforms/6f7a4f248d0d4b58cb58dea0baf15ed9/transformed/customview-poolingcontainer-1.0.0 because:
  Caching not enabled.
Caching disabled for AarTransform: /home/runner/.gradle/caches/8.9/transforms/4771675c2ad91221a74ebcde08c3d2e7/transformed/room-runtime-2.6.1 because:
  Caching not enabled.
Caching disabled for AarTransform: /home/runner/.gradle/caches/8.9/transforms/1f2a64687fc539c15dce7cfbca954f60/transformed/room-ktx-2.6.1 because:
  Caching not enabled.
Caching disabled for AarTransform: /home/runner/.gradle/caches/8.9/transforms/00245606247db813ebab22482ea4f8d7/transformed/runtime-saveable-release because:
  Caching not enabled.
Caching disabled for AarTransform: /home/runner/.gradle/caches/8.9/transforms/e0fce34334d8005a80bf909fb8965fe0/transformed/sqlite-2.4.0 because:
  Caching not enabled.
Caching disabled for AarTransform: /home/runner/.gradle/caches/8.9/transforms/df4013943e66f1429b5a2e86bf045b3a/transformed/runtime-release because:
  Caching not enabled.
Caching disabled for AarTransform: /home/runner/.gradle/caches/8.9/transforms/3f2696bb538fb0b131221edd46a4f7b5/transformed/sqlite-framework-2.4.0 because:
  Caching not enabled.
Caching disabled for AarTransform: /home/runner/.gradle/caches/8.9/transforms/9cc5beac71432b0c6f2e25728a1cf157/transformed/annotation-experimental-1.4.1 because:
  Caching not enabled.
Caching disabled for AarTransform: /home/runner/.gradle/caches/8.9/transforms/26521b8577051a04bc5676e0dc51bde1/transformed/versionedparcelable-1.1.1 because:
  Caching not enabled.
Caching disabled for AarTransform: /home/runner/.gradle/caches/8.9/transforms/a4f557f063ee99600f1e6f12798dbe7c/transformed/interpolator-1.0.0 because:
  Caching not enabled.
Caching disabled for AarTransform: /home/runner/.gradle/caches/8.9/transforms/74c50b0611733beee6223550345399db/transformed/core-runtime-2.2.0 because:
  Caching not enabled.
Caching disabled for AarTransform: /home/runner/.gradle/caches/8.9/transforms/53dfbc140237e96b44247be42456c9e3/transformed/profileinstaller-1.3.1 because:
  Caching not enabled.
Caching disabled for AarTransform: /home/runner/.gradle/caches/8.9/transforms/497791f0725a98193454277ae9dee35b/transformed/startup-runtime-1.1.1 because:
  Caching not enabled.
Caching disabled for AarTransform: /home/runner/.gradle/caches/8.9/transforms/cd9ad7fcd4eb9a21b34852de4022b6d0/transformed/tracing-1.0.0 because:
  Caching not enabled.
Caching disabled for AarTransform: /home/runner/.gradle/caches/8.9/transforms/b405d1de32934466a5d6fb0ed11cecfd/transformed/dagger-lint-aar-2.52 because:
  Caching not enabled.
Build cache key for task ':app:processDebugMainManifest' is 86d736eca56247a4be19a1cbae33084c
Task ':app:processDebugMainManifest' is not up-to-date because:
  No history is available.
Loading library manifest /home/runner/.gradle/caches/8.9/transforms/12ec77c8f0ef27e9e667039aa0010280/transformed/hilt-navigation-compose-1.2.0/AndroidManifest.xml
Loading library manifest /home/runner/.gradle/caches/8.9/transforms/ad4d9f30753e121dfdf5f15fa8c11043/transformed/hilt-navigation-1.2.0/AndroidManifest.xml
Loading library manifest /home/runner/.gradle/caches/8.9/transforms/d4d33e906d3b0080609dfa0c474308fb/transformed/navigation-common-2.8.3/AndroidManifest.xml
Loading library manifest /home/runner/.gradle/caches/8.9/transforms/465ee5133dca15b43b94624bb822b2d7/transformed/navigation-runtime-2.8.3/AndroidManifest.xml
Loading library manifest /home/runner/.gradle/caches/8.9/transforms/2dbc64239e4ac921dde2a8d4de940749/transformed/navigation-common-ktx-2.8.3/AndroidManifest.xml
Loading library manifest /home/runner/.gradle/caches/8.9/transforms/b195ca1dc782125628d31fb0d6b49e45/transformed/navigation-runtime-ktx-2.8.3/AndroidManifest.xml
Loading library manifest /home/runner/.gradle/caches/8.9/transforms/ceea842d00899f361805d255c52abba2/transformed/navigation-compose-2.8.3/AndroidManifest.xml
Loading library manifest /home/runner/.gradle/caches/8.9/transforms/9003ebf40ec55734251a0dd9f6377fea/transformed/hilt-android-2.52/AndroidManifest.xml
Loading library manifest /home/runner/.gradle/caches/8.9/transforms/78122b888a0a07babc3ab9bf6045b0c1/transformed/fragment-1.5.1/AndroidManifest.xml
Loading library manifest /home/runner/.gradle/caches/8.9/transforms/7b17aaf8774922eca7cac21bd968c99a/transformed/activity-1.9.3/AndroidManifest.xml
Loading library manifest /home/runner/.gradle/caches/8.9/transforms/1ba716ea9832f4cdd27a3af6b046f466/transformed/activity-ktx-1.9.3/AndroidManifest.xml
Loading library manifest /home/runner/.gradle/caches/8.9/transforms/6beccf4f767597a191fb31811f827858/transformed/material3-release/AndroidManifest.xml
Loading library manifest /home/runner/.gradle/caches/8.9/transforms/20bb4ecb2d1f41d90f8c372638e8eda8/transformed/material-release/AndroidManifest.xml
Loading library manifest /home/runner/.gradle/caches/8.9/transforms/4d064680c13678dbc92ea204272de3ee/transformed/animation-core-release/AndroidManifest.xml
Loading library manifest /home/runner/.gradle/caches/8.9/transforms/0e158db0061a783b86bf474f52255b87/transformed/material-ripple-release/AndroidManifest.xml
Loading library manifest /home/runner/.gradle/caches/8.9/transforms/8f70f32cd13cf03b0ec4aa41fd018749/transformed/animation-release/AndroidManifest.xml
Loading library manifest /home/runner/.gradle/caches/8.9/transforms/ecd05d80285a118575803319a89dc0c4/transformed/foundation-layout-release/AndroidManifest.xml
Loading library manifest /home/runner/.gradle/caches/8.9/transforms/50b1902f5ec20fc13023b76fb9a599e6/transformed/foundation-release/AndroidManifest.xml
Loading library manifest /home/runner/.gradle/caches/8.9/transforms/eedd67be0846ef762844f8ff3075834a/transformed/ui-tooling-data-release/AndroidManifest.xml
Loading library manifest /home/runner/.gradle/caches/8.9/transforms/3fd716325c88c28b9a5f8e9eb9c70beb/transformed/ui-unit-release/AndroidManifest.xml
Loading library manifest /home/runner/.gradle/caches/8.9/transforms/9034bd43e79c9a519026d1cdfa19a03d/transformed/ui-geometry-release/AndroidManifest.xml
Loading library manifest /home/runner/.gradle/caches/8.9/transforms/4ba26746e6a3026741c16394a3db0817/transformed/ui-util-release/AndroidManifest.xml
Loading library manifest /home/runner/.gradle/caches/8.9/transforms/ed652a239617376d903bece965b72e0c/transformed/ui-text-release/AndroidManifest.xml
Loading library manifest /home/runner/.gradle/caches/8.9/transforms/1a6c894bd7d73e041f848716192bee60/transformed/ui-tooling-preview-release/AndroidManifest.xml
Loading library manifest /home/runner/.gradle/caches/8.9/transforms/eb8ee0b21d6aa966a80bc93f20959e1d/transformed/ui-graphics-release/AndroidManifest.xml
Loading library manifest /home/runner/.gradle/caches/8.9/transforms/377064f6a8a637067f11c20dccf96de9/transformed/ui-tooling-release/AndroidManifest.xml
Loading library manifest /home/runner/.gradle/caches/8.9/transforms/0b22198a7488454fa14b7735f0f509eb/transformed/activity-compose-1.9.3/AndroidManifest.xml
Loading library manifest /home/runner/.gradle/caches/8.9/transforms/90932bdf55a6bc176d49667881ec7843/transformed/savedstate-ktx-1.2.1/AndroidManifest.xml
Loading library manifest /home/runner/.gradle/caches/8.9/transforms/aa31e808e1b8b69495c21ddfdfea88cc/transformed/savedstate-1.2.1/AndroidManifest.xml
Loading library manifest /home/runner/.gradle/caches/8.9/transforms/a06a20b09cfe9d50558996bed72b9bac/transformed/loader-1.0.0/AndroidManifest.xml
Loading library manifest /home/runner/.gradle/caches/8.9/transforms/e7dacae607132f83ac84f78c820c58db/transformed/emoji2-1.3.0/AndroidManifest.xml
Loading library manifest /home/runner/.gradle/caches/8.9/transforms/962d0c0f47f07b6b05e11de92b7c147f/transformed/lifecycle-process-2.8.6/AndroidManifest.xml
Loading library manifest /home/runner/.gradle/caches/8.9/transforms/0522020dde5581db3657b7a4e1d103b5/transformed/lifecycle-livedata-core-ktx-2.8.6/AndroidManifest.xml
Loading library manifest /home/runner/.gradle/caches/8.9/transforms/0b564fb7dcdb48d095b445cc31899d2f/transformed/lifecycle-livedata-2.8.6/AndroidManifest.xml
Loading library manifest /home/runner/.gradle/caches/8.9/transforms/90b89a176e7ec2395e669ca023f26edf/transformed/lifecycle-viewmodel-2.8.6/AndroidManifest.xml
Loading library manifest /home/runner/.gradle/caches/8.9/transforms/17fc0bc7bc5aa3696d5d672a2565c57a/transformed/lifecycle-viewmodel-release/AndroidManifest.xml
Loading library manifest /home/runner/.gradle/caches/8.9/transforms/a01d1204b2223af9f8c26a2648120f4d/transformed/lifecycle-runtime-release/AndroidManifest.xml
Loading library manifest /home/runner/.gradle/caches/8.9/transforms/0a3cd9da5b5b76b08145565a0b64e378/transformed/lifecycle-livedata-core-2.8.6/AndroidManifest.xml
Loading library manifest /home/runner/.gradle/caches/8.9/transforms/8b3d9602325ce4c2847a5ecc8178e8c0/transformed/lifecycle-viewmodel-ktx-2.8.6/AndroidManifest.xml
Loading library manifest /home/runner/.gradle/caches/8.9/transforms/bd48baa61b5e8859e94b8182a0905745/transformed/lifecycle-viewmodel-savedstate-2.8.6/AndroidManifest.xml
Loading library manifest /home/runner/.gradle/caches/8.9/transforms/32e6e848fb1ddd1db586378d1f473645/transformed/lifecycle-runtime-compose-release/AndroidManifest.xml
Loading library manifest /home/runner/.gradle/caches/8.9/transforms/36c7df64eee3e12d89ac1ab86f5a80db/transformed/lifecycle-runtime-ktx-release/AndroidManifest.xml
Loading library manifest /home/runner/.gradle/caches/8.9/transforms/c92df85f6d2f30283dc663aea998868a/transformed/lifecycle-viewmodel-compose-release/AndroidManifest.xml
Loading library manifest /home/runner/.gradle/caches/8.9/transforms/bc12b5e8392d2688d2deea964b07e9a6/transformed/material-icons-extended-release/AndroidManifest.xml
Loading library manifest /home/runner/.gradle/caches/8.9/transforms/f2dd91c7336c7cd395adedc68ed77786/transformed/material-icons-core-release/AndroidManifest.xml
Loading library manifest /home/runner/.gradle/caches/8.9/transforms/fb395d79e2d72c7e008ece765567391a/transformed/ui-release/AndroidManifest.xml
Loading library manifest /home/runner/.gradle/caches/8.9/transforms/e7da36e077eb0da19a460aac69da9908/transformed/viewpager-1.0.0/AndroidManifest.xml
Loading library manifest /home/runner/.gradle/caches/8.9/transforms/1b582b7df9024784fcac930316c18bce/transformed/autofill-1.0.0/AndroidManifest.xml
Loading library manifest /home/runner/.gradle/caches/8.9/transforms/338142dbc7d5dd547654c03215036f9e/transformed/graphics-path-1.0.1/AndroidManifest.xml
Loading library manifest /home/runner/.gradle/caches/8.9/transforms/4c14aaf8029480c22ef47249c536049a/transformed/customview-1.0.0/AndroidManifest.xml
Loading library manifest /home/runner/.gradle/caches/8.9/transforms/6bb7b87146d1e8f53e3dcff3d9228836/transformed/core-1.13.1/AndroidManifest.xml
Loading library manifest /home/runner/.gradle/caches/8.9/transforms/6f7a4f248d0d4b58cb58dea0baf15ed9/transformed/customview-poolingcontainer-1.0.0/AndroidManifest.xml
Loading library manifest /home/runner/.gradle/caches/8.9/transforms/51e90ff84cd5fef82aca80c6b8df3077/transformed/core-ktx-1.13.1/AndroidManifest.xml
Loading library manifest /home/runner/.gradle/caches/8.9/transforms/4771675c2ad91221a74ebcde08c3d2e7/transformed/room-runtime-2.6.1/AndroidManifest.xml
Loading library manifest /home/runner/.gradle/caches/8.9/transforms/1f2a64687fc539c15dce7cfbca954f60/transformed/room-ktx-2.6.1/AndroidManifest.xml
Loading library manifest /home/runner/.gradle/caches/8.9/transforms/00245606247db813ebab22482ea4f8d7/transformed/runtime-saveable-release/AndroidManifest.xml
Loading library manifest /home/runner/.gradle/caches/8.9/transforms/df4013943e66f1429b5a2e86bf045b3a/transformed/runtime-release/AndroidManifest.xml
Loading library manifest /home/runner/.gradle/caches/8.9/transforms/3f2696bb538fb0b131221edd46a4f7b5/transformed/sqlite-framework-2.4.0/AndroidManifest.xml
Loading library manifest /home/runner/.gradle/caches/8.9/transforms/e0fce34334d8005a80bf909fb8965fe0/transformed/sqlite-2.4.0/AndroidManifest.xml
Loading library manifest /home/runner/.gradle/caches/8.9/transforms/9cc5beac71432b0c6f2e25728a1cf157/transformed/annotation-experimental-1.4.1/AndroidManifest.xml
Loading library manifest /home/runner/.gradle/caches/8.9/transforms/26521b8577051a04bc5676e0dc51bde1/transformed/versionedparcelable-1.1.1/AndroidManifest.xml
Loading library manifest /home/runner/.gradle/caches/8.9/transforms/74c50b0611733beee6223550345399db/transformed/core-runtime-2.2.0/AndroidManifest.xml
Loading library manifest /home/runner/.gradle/caches/8.9/transforms/a4f557f063ee99600f1e6f12798dbe7c/transformed/interpolator-1.0.0/AndroidManifest.xml
Loading library manifest /home/runner/.gradle/caches/8.9/transforms/53dfbc140237e96b44247be42456c9e3/transformed/profileinstaller-1.3.1/AndroidManifest.xml
Loading library manifest /home/runner/.gradle/caches/8.9/transforms/497791f0725a98193454277ae9dee35b/transformed/startup-runtime-1.1.1/AndroidManifest.xml
Loading library manifest /home/runner/.gradle/caches/8.9/transforms/cd9ad7fcd4eb9a21b34852de4022b6d0/transformed/tracing-1.0.0/AndroidManifest.xml
Loading library manifest /home/runner/.gradle/caches/8.9/transforms/b405d1de32934466a5d6fb0ed11cecfd/transformed/dagger-lint-aar-2.52/AndroidManifest.xml
Merging main manifest /home/runner/work/SiteManager/SiteManager/app/src/main/AndroidManifest.xml

Merging library manifest /home/runner/.gradle/caches/8.9/transforms/12ec77c8f0ef27e9e667039aa0010280/transformed/hilt-navigation-compose-1.2.0/AndroidManifest.xml
Merging manifest with lower [androidx.hilt:hilt-navigation-compose:1.2.0] AndroidManifest.xml:2:1-7:12
uses-sdk defined in both files...
Merging uses-sdk with lower [androidx.hilt:hilt-navigation-compose:1.2.0] AndroidManifest.xml:5:5-44
Merging library manifest /home/runner/.gradle/caches/8.9/transforms/ad4d9f30753e121dfdf5f15fa8c11043/transformed/hilt-navigation-1.2.0/AndroidManifest.xml
Merging manifest with lower [androidx.hilt:hilt-navigation:1.2.0] AndroidManifest.xml:2:1-7:12
uses-sdk defined in both files...
Merging uses-sdk with lower [androidx.hilt:hilt-navigation:1.2.0] AndroidManifest.xml:5:5-44
Merging library manifest /home/runner/.gradle/caches/8.9/transforms/d4d33e906d3b0080609dfa0c474308fb/transformed/navigation-common-2.8.3/AndroidManifest.xml
Merging manifest with lower [androidx.navigation:navigation-common:2.8.3] AndroidManifest.xml:17:1-22:12
uses-sdk defined in both files...
Merging uses-sdk with lower [androidx.navigation:navigation-common:2.8.3] AndroidManifest.xml:20:5-44
Merging library manifest /home/runner/.gradle/caches/8.9/transforms/465ee5133dca15b43b94624bb822b2d7/transformed/navigation-runtime-2.8.3/AndroidManifest.xml
Merging manifest with lower [androidx.navigation:navigation-runtime:2.8.3] AndroidManifest.xml:17:1-22:12
uses-sdk defined in both files...
Merging uses-sdk with lower [androidx.navigation:navigation-runtime:2.8.3] AndroidManifest.xml:20:5-44
Merging library manifest /home/runner/.gradle/caches/8.9/transforms/2dbc64239e4ac921dde2a8d4de940749/transformed/navigation-common-ktx-2.8.3/AndroidManifest.xml
Merging manifest with lower [androidx.navigation:navigation-common-ktx:2.8.3] AndroidManifest.xml:2:1-7:12
uses-sdk defined in both files...
Merging uses-sdk with lower [androidx.navigation:navigation-common-ktx:2.8.3] AndroidManifest.xml:5:5-44
Merging library manifest /home/runner/.gradle/caches/8.9/transforms/b195ca1dc782125628d31fb0d6b49e45/transformed/navigation-runtime-ktx-2.8.3/AndroidManifest.xml
Merging manifest with lower [androidx.navigation:navigation-runtime-ktx:2.8.3] AndroidManifest.xml:2:1-7:12
uses-sdk defined in both files...
Merging uses-sdk with lower [androidx.navigation:navigation-runtime-ktx:2.8.3] AndroidManifest.xml:5:5-44
Merging library manifest /home/runner/.gradle/caches/8.9/transforms/ceea842d00899f361805d255c52abba2/transformed/navigation-compose-2.8.3/AndroidManifest.xml
Merging manifest with lower [androidx.navigation:navigation-compose:2.8.3] AndroidManifest.xml:2:1-7:12
uses-sdk defined in both files...
Merging uses-sdk with lower [androidx.navigation:navigation-compose:2.8.3] AndroidManifest.xml:5:5-44
Merging library manifest /home/runner/.gradle/caches/8.9/transforms/9003ebf40ec55734251a0dd9f6377fea/transformed/hilt-android-2.52/AndroidManifest.xml
Merging manifest with lower [com.google.dagger:hilt-android:2.52] AndroidManifest.xml:16:1-19:12
uses-sdk defined in both files...
Merging uses-sdk with lower [com.google.dagger:hilt-android:2.52] AndroidManifest.xml:18:3-42
Merging library manifest /home/runner/.gradle/caches/8.9/transforms/78122b888a0a07babc3ab9bf6045b0c1/transformed/fragment-1.5.1/AndroidManifest.xml
Merging manifest with lower [androidx.fragment:fragment:1.5.1] AndroidManifest.xml:17:1-24:12
uses-sdk defined in both files...
Merging uses-sdk with lower [androidx.fragment:fragment:1.5.1] AndroidManifest.xml:20:5-22:41
Merging library manifest /home/runner/.gradle/caches/8.9/transforms/7b17aaf8774922eca7cac21bd968c99a/transformed/activity-1.9.3/AndroidManifest.xml
Merging manifest with lower [androidx.activity:activity:1.9.3] AndroidManifest.xml:17:1-22:12
uses-sdk defined in both files...
Merging uses-sdk with lower [androidx.activity:activity:1.9.3] AndroidManifest.xml:20:5-44
Merging library manifest /home/runner/.gradle/caches/8.9/transforms/1ba716ea9832f4cdd27a3af6b046f466/transformed/activity-ktx-1.9.3/AndroidManifest.xml
Merging manifest with lower [androidx.activity:activity-ktx:1.9.3] AndroidManifest.xml:2:1-7:12
uses-sdk defined in both files...
Merging uses-sdk with lower [androidx.activity:activity-ktx:1.9.3] AndroidManifest.xml:5:5-44
Merging library manifest /home/runner/.gradle/caches/8.9/transforms/6beccf4f767597a191fb31811f827858/transformed/material3-release/AndroidManifest.xml
Merging manifest with lower [androidx.compose.material3:material3-android:1.3.1] AndroidManifest.xml:17:1-22:12
uses-sdk defined in both files...
Merging uses-sdk with lower [androidx.compose.material3:material3-android:1.3.1] AndroidManifest.xml:20:5-44
Merging library manifest /home/runner/.gradle/caches/8.9/transforms/20bb4ecb2d1f41d90f8c372638e8eda8/transformed/material-release/AndroidManifest.xml
Merging manifest with lower [androidx.compose.material:material-android:1.7.5] AndroidManifest.xml:2:1-7:12
uses-sdk defined in both files...
Merging uses-sdk with lower [androidx.compose.material:material-android:1.7.5] AndroidManifest.xml:5:5-44
Merging library manifest /home/runner/.gradle/caches/8.9/transforms/4d064680c13678dbc92ea204272de3ee/transformed/animation-core-release/AndroidManifest.xml
Merging manifest with lower [androidx.compose.animation:animation-core-android:1.7.5] AndroidManifest.xml:2:1-7:12
uses-sdk defined in both files...
Merging uses-sdk with lower [androidx.compose.animation:animation-core-android:1.7.5] AndroidManifest.xml:5:5-44
Merging library manifest /home/runner/.gradle/caches/8.9/transforms/0e158db0061a783b86bf474f52255b87/transformed/material-ripple-release/AndroidManifest.xml
Merging manifest with lower [androidx.compose.material:material-ripple-android:1.7.5] AndroidManifest.xml:2:1-7:12
uses-sdk defined in both files...
Merging uses-sdk with lower [androidx.compose.material:material-ripple-android:1.7.5] AndroidManifest.xml:5:5-44
Merging library manifest /home/runner/.gradle/caches/8.9/transforms/8f70f32cd13cf03b0ec4aa41fd018749/transformed/animation-release/AndroidManifest.xml
Merging manifest with lower [androidx.compose.animation:animation-android:1.7.5] AndroidManifest.xml:2:1-7:12
uses-sdk defined in both files...
Merging uses-sdk with lower [androidx.compose.animation:animation-android:1.7.5] AndroidManifest.xml:5:5-44
Merging library manifest /home/runner/.gradle/caches/8.9/transforms/ecd05d80285a118575803319a89dc0c4/transformed/foundation-layout-release/AndroidManifest.xml
Merging manifest with lower [androidx.compose.foundation:foundation-layout-android:1.7.5] AndroidManifest.xml:2:1-7:12
uses-sdk defined in both files...
Merging uses-sdk with lower [androidx.compose.foundation:foundation-layout-android:1.7.5] AndroidManifest.xml:5:5-44
Merging library manifest /home/runner/.gradle/caches/8.9/transforms/50b1902f5ec20fc13023b76fb9a599e6/transformed/foundation-release/AndroidManifest.xml
Merging manifest with lower [androidx.compose.foundation:foundation-android:1.7.5] AndroidManifest.xml:2:1-7:12
uses-sdk defined in both files...
Merging uses-sdk with lower [androidx.compose.foundation:foundation-android:1.7.5] AndroidManifest.xml:5:5-44
Merging library manifest /home/runner/.gradle/caches/8.9/transforms/eedd67be0846ef762844f8ff3075834a/transformed/ui-tooling-data-release/AndroidManifest.xml
Merging manifest with lower [androidx.compose.ui:ui-tooling-data-android:1.7.5] AndroidManifest.xml:2:1-7:12
uses-sdk defined in both files...
Merging uses-sdk with lower [androidx.compose.ui:ui-tooling-data-android:1.7.5] AndroidManifest.xml:5:5-44
Merging library manifest /home/runner/.gradle/caches/8.9/transforms/3fd716325c88c28b9a5f8e9eb9c70beb/transformed/ui-unit-release/AndroidManifest.xml
Merging manifest with lower [androidx.compose.ui:ui-unit-android:1.7.5] AndroidManifest.xml:2:1-7:12
uses-sdk defined in both files...
Merging uses-sdk with lower [androidx.compose.ui:ui-unit-android:1.7.5] AndroidManifest.xml:5:5-44
Merging library manifest /home/runner/.gradle/caches/8.9/transforms/9034bd43e79c9a519026d1cdfa19a03d/transformed/ui-geometry-release/AndroidManifest.xml
Merging manifest with lower [androidx.compose.ui:ui-geometry-android:1.7.5] AndroidManifest.xml:2:1-7:12
uses-sdk defined in both files...
Merging uses-sdk with lower [androidx.compose.ui:ui-geometry-android:1.7.5] AndroidManifest.xml:5:5-44
Merging library manifest /home/runner/.gradle/caches/8.9/transforms/4ba26746e6a3026741c16394a3db0817/transformed/ui-util-release/AndroidManifest.xml
Merging manifest with lower [androidx.compose.ui:ui-util-android:1.7.5] AndroidManifest.xml:2:1-7:12
uses-sdk defined in both files...
Merging uses-sdk with lower [androidx.compose.ui:ui-util-android:1.7.5] AndroidManifest.xml:5:5-44
Merging library manifest /home/runner/.gradle/caches/8.9/transforms/ed652a239617376d903bece965b72e0c/transformed/ui-text-release/AndroidManifest.xml
Merging manifest with lower [androidx.compose.ui:ui-text-android:1.7.5] AndroidManifest.xml:2:1-7:12
uses-sdk defined in both files...
Merging uses-sdk with lower [androidx.compose.ui:ui-text-android:1.7.5] AndroidManifest.xml:5:5-44
Merging library manifest /home/runner/.gradle/caches/8.9/transforms/1a6c894bd7d73e041f848716192bee60/transformed/ui-tooling-preview-release/AndroidManifest.xml
Merging manifest with lower [androidx.compose.ui:ui-tooling-preview-android:1.7.5] AndroidManifest.xml:17:1-22:12
uses-sdk defined in both files...
Merging uses-sdk with lower [androidx.compose.ui:ui-tooling-preview-android:1.7.5] AndroidManifest.xml:20:5-44
Merging library manifest /home/runner/.gradle/caches/8.9/transforms/eb8ee0b21d6aa966a80bc93f20959e1d/transformed/ui-graphics-release/AndroidManifest.xml
Merging manifest with lower [androidx.compose.ui:ui-graphics-android:1.7.5] AndroidManifest.xml:2:1-7:12
uses-sdk defined in both files...
Merging uses-sdk with lower [androidx.compose.ui:ui-graphics-android:1.7.5] AndroidManifest.xml:5:5-44
Merging library manifest /home/runner/.gradle/caches/8.9/transforms/377064f6a8a637067f11c20dccf96de9/transformed/ui-tooling-release/AndroidManifest.xml
Merging manifest with lower [androidx.compose.ui:ui-tooling-android:1.7.5] AndroidManifest.xml:17:1-28:12
uses-sdk defined in both files...
Merging uses-sdk with lower [androidx.compose.ui:ui-tooling-android:1.7.5] AndroidManifest.xml:20:5-44
application defined in both files...
Merging application with lower [androidx.compose.ui:ui-tooling-android:1.7.5] AndroidManifest.xml:22:5-26:19
Adopted [activity: null]
Merging library manifest /home/runner/.gradle/caches/8.9/transforms/0b22198a7488454fa14b7735f0f509eb/transformed/activity-compose-1.9.3/AndroidManifest.xml
Merging manifest with lower [androidx.activity:activity-compose:1.9.3] AndroidManifest.xml:2:1-7:12
uses-sdk defined in both files...
Merging uses-sdk with lower [androidx.activity:activity-compose:1.9.3] AndroidManifest.xml:5:5-44
Merging library manifest /home/runner/.gradle/caches/8.9/transforms/90932bdf55a6bc176d49667881ec7843/transformed/savedstate-ktx-1.2.1/AndroidManifest.xml
Merging manifest with lower [androidx.savedstate:savedstate-ktx:1.2.1] AndroidManifest.xml:17:1-22:12
uses-sdk defined in both files...
Merging uses-sdk with lower [androidx.savedstate:savedstate-ktx:1.2.1] AndroidManifest.xml:20:5-44
Merging library manifest /home/runner/.gradle/caches/8.9/transforms/aa31e808e1b8b69495c21ddfdfea88cc/transformed/savedstate-1.2.1/AndroidManifest.xml
Merging manifest with lower [androidx.savedstate:savedstate:1.2.1] AndroidManifest.xml:17:1-22:12
uses-sdk defined in both files...
Merging uses-sdk with lower [androidx.savedstate:savedstate:1.2.1] AndroidManifest.xml:20:5-44
Merging library manifest /home/runner/.gradle/caches/8.9/transforms/a06a20b09cfe9d50558996bed72b9bac/transformed/loader-1.0.0/AndroidManifest.xml
Merging manifest with lower [androidx.loader:loader:1.0.0] AndroidManifest.xml:17:1-22:12
uses-sdk defined in both files...
Merging uses-sdk with lower [androidx.loader:loader:1.0.0] AndroidManifest.xml:20:5-44
Merging library manifest /home/runner/.gradle/caches/8.9/transforms/e7dacae607132f83ac84f78c820c58db/transformed/emoji2-1.3.0/AndroidManifest.xml
Merging manifest with lower [androidx.emoji2:emoji2:1.3.0] AndroidManifest.xml:17:1-35:12
uses-sdk defined in both files...
Merging uses-sdk with lower [androidx.emoji2:emoji2:1.3.0] AndroidManifest.xml:21:5-44
application defined in both files...
Merging application with lower [androidx.emoji2:emoji2:1.3.0] AndroidManifest.xml:23:5-33:19
Adopted [provider: null]
Merging library manifest /home/runner/.gradle/caches/8.9/transforms/962d0c0f47f07b6b05e11de92b7c147f/transformed/lifecycle-process-2.8.6/AndroidManifest.xml
Merging manifest with lower [androidx.lifecycle:lifecycle-process:2.8.6] AndroidManifest.xml:17:1-35:12
uses-sdk defined in both files...
Merging uses-sdk with lower [androidx.lifecycle:lifecycle-process:2.8.6] AndroidManifest.xml:21:5-44
application defined in both files...
Merging application with lower [androidx.lifecycle:lifecycle-process:2.8.6] AndroidManifest.xml:23:5-33:19
provider#androidx.startup.InitializationProvider defined in both files...
Merging provider#androidx.startup.InitializationProvider with lower [androidx.lifecycle:lifecycle-process:2.8.6] AndroidManifest.xml:24:9-32:20
Adopted [meta-data: null]
Merging library manifest /home/runner/.gradle/caches/8.9/transforms/0522020dde5581db3657b7a4e1d103b5/transformed/lifecycle-livedata-core-ktx-2.8.6/AndroidManifest.xml
Merging manifest with lower [androidx.lifecycle:lifecycle-livedata-core-ktx:2.8.6] AndroidManifest.xml:2:1-7:12
uses-sdk defined in both files...
Merging uses-sdk with lower [androidx.lifecycle:lifecycle-livedata-core-ktx:2.8.6] AndroidManifest.xml:5:5-44
Merging library manifest /home/runner/.gradle/caches/8.9/transforms/0b564fb7dcdb48d095b445cc31899d2f/transformed/lifecycle-livedata-2.8.6/AndroidManifest.xml
Merging manifest with lower [androidx.lifecycle:lifecycle-livedata:2.8.6] AndroidManifest.xml:17:1-22:12
uses-sdk defined in both files...
Merging uses-sdk with lower [androidx.lifecycle:lifecycle-livedata:2.8.6] AndroidManifest.xml:20:5-44
Merging library manifest /home/runner/.gradle/caches/8.9/transforms/90b89a176e7ec2395e669ca023f26edf/transformed/lifecycle-viewmodel-2.8.6/AndroidManifest.xml
Merging manifest with lower [androidx.lifecycle:lifecycle-viewmodel:2.8.6] AndroidManifest.xml:2:1-5:12
uses-sdk defined in both files...
Merging uses-sdk with lower [androidx.lifecycle:lifecycle-viewmodel:2.8.6] AndroidManifest.xml:4:5-43
Merging library manifest /home/runner/.gradle/caches/8.9/transforms/17fc0bc7bc5aa3696d5d672a2565c57a/transformed/lifecycle-viewmodel-release/AndroidManifest.xml
Merging manifest with lower [androidx.lifecycle:lifecycle-viewmodel-android:2.8.6] AndroidManifest.xml:17:1-22:12
uses-sdk defined in both files...
Merging uses-sdk with lower [androidx.lifecycle:lifecycle-viewmodel-android:2.8.6] AndroidManifest.xml:20:5-44
Merging library manifest /home/runner/.gradle/caches/8.9/transforms/a01d1204b2223af9f8c26a2648120f4d/transformed/lifecycle-runtime-release/AndroidManifest.xml
Merging manifest with lower [androidx.lifecycle:lifecycle-runtime-android:2.8.6] AndroidManifest.xml:17:1-22:12
uses-sdk defined in both files...
Merging uses-sdk with lower [androidx.lifecycle:lifecycle-runtime-android:2.8.6] AndroidManifest.xml:20:5-44
Merging library manifest /home/runner/.gradle/caches/8.9/transforms/0a3cd9da5b5b76b08145565a0b64e378/transformed/lifecycle-livedata-core-2.8.6/AndroidManifest.xml
Merging manifest with lower [androidx.lifecycle:lifecycle-livedata-core:2.8.6] AndroidManifest.xml:17:1-22:12
uses-sdk defined in both files...
Merging uses-sdk with lower [androidx.lifecycle:lifecycle-livedata-core:2.8.6] AndroidManifest.xml:20:5-44
Merging library manifest /home/runner/.gradle/caches/8.9/transforms/8b3d9602325ce4c2847a5ecc8178e8c0/transformed/lifecycle-viewmodel-ktx-2.8.6/AndroidManifest.xml
Merging manifest with lower [androidx.lifecycle:lifecycle-viewmodel-ktx:2.8.6] AndroidManifest.xml:2:1-7:12
uses-sdk defined in both files...
Merging uses-sdk with lower [androidx.lifecycle:lifecycle-viewmodel-ktx:2.8.6] AndroidManifest.xml:5:5-44
Merging library manifest /home/runner/.gradle/caches/8.9/transforms/bd48baa61b5e8859e94b8182a0905745/transformed/lifecycle-viewmodel-savedstate-2.8.6/AndroidManifest.xml
Merging manifest with lower [androidx.lifecycle:lifecycle-viewmodel-savedstate:2.8.6] AndroidManifest.xml:17:1-22:12
uses-sdk defined in both files...
Merging uses-sdk with lower [androidx.lifecycle:lifecycle-viewmodel-savedstate:2.8.6] AndroidManifest.xml:20:5-44
Merging library manifest /home/runner/.gradle/caches/8.9/transforms/32e6e848fb1ddd1db586378d1f473645/transformed/lifecycle-runtime-compose-release/AndroidManifest.xml
Merging manifest with lower [androidx.lifecycle:lifecycle-runtime-compose-android:2.8.6] AndroidManifest.xml:2:1-7:12
uses-sdk defined in both files...
Merging uses-sdk with lower [androidx.lifecycle:lifecycle-runtime-compose-android:2.8.6] AndroidManifest.xml:5:5-44
Merging library manifest /home/runner/.gradle/caches/8.9/transforms/36c7df64eee3e12d89ac1ab86f5a80db/transformed/lifecycle-runtime-ktx-release/AndroidManifest.xml
Merging manifest with lower [androidx.lifecycle:lifecycle-runtime-ktx-android:2.8.6] AndroidManifest.xml:2:1-7:12
uses-sdk defined in both files...
Merging uses-sdk with lower [androidx.lifecycle:lifecycle-runtime-ktx-android:2.8.6] AndroidManifest.xml:5:5-44
Merging library manifest /home/runner/.gradle/caches/8.9/transforms/c92df85f6d2f30283dc663aea998868a/transformed/lifecycle-viewmodel-compose-release/AndroidManifest.xml
Merging manifest with lower [androidx.lifecycle:lifecycle-viewmodel-compose-android:2.8.6] AndroidManifest.xml:2:1-7:12
uses-sdk defined in both files...
Merging uses-sdk with lower [androidx.lifecycle:lifecycle-viewmodel-compose-android:2.8.6] AndroidManifest.xml:5:5-44
Merging library manifest /home/runner/.gradle/caches/8.9/transforms/bc12b5e8392d2688d2deea964b07e9a6/transformed/material-icons-extended-release/AndroidManifest.xml
Merging manifest with lower [androidx.compose.material:material-icons-extended-android:1.7.5] AndroidManifest.xml:2:1-7:12
uses-sdk defined in both files...
Merging uses-sdk with lower [androidx.compose.material:material-icons-extended-android:1.7.5] AndroidManifest.xml:5:5-44
Merging library manifest /home/runner/.gradle/caches/8.9/transforms/f2dd91c7336c7cd395adedc68ed77786/transformed/material-icons-core-release/AndroidManifest.xml
Merging manifest with lower [androidx.compose.material:material-icons-core-android:1.7.5] AndroidManifest.xml:2:1-7:12
uses-sdk defined in both files...
Merging uses-sdk with lower [androidx.compose.material:material-icons-core-android:1.7.5] AndroidManifest.xml:5:5-44
Merging library manifest /home/runner/.gradle/caches/8.9/transforms/fb395d79e2d72c7e008ece765567391a/transformed/ui-release/AndroidManifest.xml
Merging manifest with lower [androidx.compose.ui:ui-android:1.7.5] AndroidManifest.xml:2:1-7:12
uses-sdk defined in both files...
Merging uses-sdk with lower [androidx.compose.ui:ui-android:1.7.5] AndroidManifest.xml:5:5-44
Merging library manifest /home/runner/.gradle/caches/8.9/transforms/e7da36e077eb0da19a460aac69da9908/transformed/viewpager-1.0.0/AndroidManifest.xml
Merging manifest with lower [androidx.viewpager:viewpager:1.0.0] AndroidManifest.xml:17:1-22:12
uses-sdk defined in both files...
Merging uses-sdk with lower [androidx.viewpager:viewpager:1.0.0] AndroidManifest.xml:20:5-44
Merging library manifest /home/runner/.gradle/caches/8.9/transforms/1b582b7df9024784fcac930316c18bce/transformed/autofill-1.0.0/AndroidManifest.xml
Merging manifest with lower [androidx.autofill:autofill:1.0.0] AndroidManifest.xml:17:1-24:12
uses-sdk defined in both files...
Merging uses-sdk with lower [androidx.autofill:autofill:1.0.0] AndroidManifest.xml:20:5-22:41
Merging library manifest /home/runner/.gradle/caches/8.9/transforms/338142dbc7d5dd547654c03215036f9e/transformed/graphics-path-1.0.1/AndroidManifest.xml
Merging manifest with lower [androidx.graphics:graphics-path:1.0.1] AndroidManifest.xml:2:1-7:12
uses-sdk defined in both files...
Merging uses-sdk with lower [androidx.graphics:graphics-path:1.0.1] AndroidManifest.xml:5:5-44
Merging library manifest /home/runner/.gradle/caches/8.9/transforms/4c14aaf8029480c22ef47249c536049a/transformed/customview-1.0.0/AndroidManifest.xml
Merging manifest with lower [androidx.customview:customview:1.0.0] AndroidManifest.xml:17:1-22:12
uses-sdk defined in both files...
Merging uses-sdk with lower [androidx.customview:customview:1.0.0] AndroidManifest.xml:20:5-44
Merging library manifest /home/runner/.gradle/caches/8.9/transforms/6bb7b87146d1e8f53e3dcff3d9228836/transformed/core-1.13.1/AndroidManifest.xml
Merging manifest with lower [androidx.core:core:1.13.1] AndroidManifest.xml:17:1-30:12
uses-sdk defined in both files...
Merging uses-sdk with lower [androidx.core:core:1.13.1] AndroidManifest.xml:20:5-44
Adopted [permission: null]
Adopted [uses-permission: null]
application defined in both files...
Merging application with lower [androidx.core:core:1.13.1] AndroidManifest.xml:28:5-89
Merging library manifest /home/runner/.gradle/caches/8.9/transforms/6f7a4f248d0d4b58cb58dea0baf15ed9/transformed/customview-poolingcontainer-1.0.0/AndroidManifest.xml
Merging manifest with lower [androidx.customview:customview-poolingcontainer:1.0.0] AndroidManifest.xml:17:1-23:12
uses-sdk defined in both files...
Merging uses-sdk with lower [androidx.customview:customview-poolingcontainer:1.0.0] AndroidManifest.xml:20:5-21:38
Merging library manifest /home/runner/.gradle/caches/8.9/transforms/51e90ff84cd5fef82aca80c6b8df3077/transformed/core-ktx-1.13.1/AndroidManifest.xml
Merging manifest with lower [androidx.core:core-ktx:1.13.1] AndroidManifest.xml:2:1-7:12
uses-sdk defined in both files...
Merging uses-sdk with lower [androidx.core:core-ktx:1.13.1] AndroidManifest.xml:5:5-44
Merging library manifest /home/runner/.gradle/caches/8.9/transforms/4771675c2ad91221a74ebcde08c3d2e7/transformed/room-runtime-2.6.1/AndroidManifest.xml
Merging manifest with lower [androidx.room:room-runtime:2.6.1] AndroidManifest.xml:17:1-31:12
uses-sdk defined in both files...
Merging uses-sdk with lower [androidx.room:room-runtime:2.6.1] AndroidManifest.xml:21:5-44
application defined in both files...
Merging application with lower [androidx.room:room-runtime:2.6.1] AndroidManifest.xml:23:5-29:19
Adopted [service: null]
Merging library manifest /home/runner/.gradle/caches/8.9/transforms/1f2a64687fc539c15dce7cfbca954f60/transformed/room-ktx-2.6.1/AndroidManifest.xml
Merging manifest with lower [androidx.room:room-ktx:2.6.1] AndroidManifest.xml:17:1-22:12
uses-sdk defined in both files...
Merging uses-sdk with lower [androidx.room:room-ktx:2.6.1] AndroidManifest.xml:20:5-44
Merging library manifest /home/runner/.gradle/caches/8.9/transforms/00245606247db813ebab22482ea4f8d7/transformed/runtime-saveable-release/AndroidManifest.xml
Merging manifest with lower [androidx.compose.runtime:runtime-saveable-android:1.7.5] AndroidManifest.xml:2:1-7:12
uses-sdk defined in both files...
Merging uses-sdk with lower [androidx.compose.runtime:runtime-saveable-android:1.7.5] AndroidManifest.xml:5:5-44
Merging library manifest /home/runner/.gradle/caches/8.9/transforms/df4013943e66f1429b5a2e86bf045b3a/transformed/runtime-release/AndroidManifest.xml
Merging manifest with lower [androidx.compose.runtime:runtime-android:1.7.5] AndroidManifest.xml:2:1-7:12
uses-sdk defined in both files...
Merging uses-sdk with lower [androidx.compose.runtime:runtime-android:1.7.5] AndroidManifest.xml:5:5-44
Merging library manifest /home/runner/.gradle/caches/8.9/transforms/3f2696bb538fb0b131221edd46a4f7b5/transformed/sqlite-framework-2.4.0/AndroidManifest.xml
Merging manifest with lower [androidx.sqlite:sqlite-framework:2.4.0] AndroidManifest.xml:17:1-22:12
uses-sdk defined in both files...
Merging uses-sdk with lower [androidx.sqlite:sqlite-framework:2.4.0] AndroidManifest.xml:20:5-44
Merging library manifest /home/runner/.gradle/caches/8.9/transforms/e0fce34334d8005a80bf909fb8965fe0/transformed/sqlite-2.4.0/AndroidManifest.xml
Merging manifest with lower [androidx.sqlite:sqlite:2.4.0] AndroidManifest.xml:17:1-22:12
uses-sdk defined in both files...
Merging uses-sdk with lower [androidx.sqlite:sqlite:2.4.0] AndroidManifest.xml:20:5-44
Merging library manifest /home/runner/.gradle/caches/8.9/transforms/9cc5beac71432b0c6f2e25728a1cf157/transformed/annotation-experimental-1.4.1/AndroidManifest.xml
Merging manifest with lower [androidx.annotation:annotation-experimental:1.4.1] AndroidManifest.xml:2:1-7:12
uses-sdk defined in both files...
Merging uses-sdk with lower [androidx.annotation:annotation-experimental:1.4.1] AndroidManifest.xml:5:5-44
Merging library manifest /home/runner/.gradle/caches/8.9/transforms/26521b8577051a04bc5676e0dc51bde1/transformed/versionedparcelable-1.1.1/AndroidManifest.xml
Merging manifest with lower [androidx.versionedparcelable:versionedparcelable:1.1.1] AndroidManifest.xml:17:1-27:12
uses-sdk defined in both files...
Merging uses-sdk with lower [androidx.versionedparcelable:versionedparcelable:1.1.1] AndroidManifest.xml:20:5-22:41
application defined in both files...
Merging application with lower [androidx.versionedparcelable:versionedparcelable:1.1.1] AndroidManifest.xml:24:5-25:19
Merging library manifest /home/runner/.gradle/caches/8.9/transforms/74c50b0611733beee6223550345399db/transformed/core-runtime-2.2.0/AndroidManifest.xml
Merging manifest with lower [androidx.arch.core:core-runtime:2.2.0] AndroidManifest.xml:17:1-22:12
uses-sdk defined in both files...
Merging uses-sdk with lower [androidx.arch.core:core-runtime:2.2.0] AndroidManifest.xml:20:5-44
Merging library manifest /home/runner/.gradle/caches/8.9/transforms/a4f557f063ee99600f1e6f12798dbe7c/transformed/interpolator-1.0.0/AndroidManifest.xml
Merging manifest with lower [androidx.interpolator:interpolator:1.0.0] AndroidManifest.xml:17:1-22:12
uses-sdk defined in both files...
Merging uses-sdk with lower [androidx.interpolator:interpolator:1.0.0] AndroidManifest.xml:20:5-44
Merging library manifest /home/runner/.gradle/caches/8.9/transforms/53dfbc140237e96b44247be42456c9e3/transformed/profileinstaller-1.3.1/AndroidManifest.xml
Merging manifest with lower [androidx.profileinstaller:profileinstaller:1.3.1] AndroidManifest.xml:17:1-55:12
uses-sdk defined in both files...
Merging uses-sdk with lower [androidx.profileinstaller:profileinstaller:1.3.1] AndroidManifest.xml:21:5-44
application defined in both files...
Merging application with lower [androidx.profileinstaller:profileinstaller:1.3.1] AndroidManifest.xml:23:5-53:19
provider#androidx.startup.InitializationProvider defined in both files...
Merging provider#androidx.startup.InitializationProvider with lower [androidx.profileinstaller:profileinstaller:1.3.1] AndroidManifest.xml:24:9-32:20
Adopted [meta-data: null]
Adopted [receiver: null]
Merging library manifest /home/runner/.gradle/caches/8.9/transforms/497791f0725a98193454277ae9dee35b/transformed/startup-runtime-1.1.1/AndroidManifest.xml
Merging manifest with lower [androidx.startup:startup-runtime:1.1.1] AndroidManifest.xml:17:1-33:12
uses-sdk defined in both files...
Merging uses-sdk with lower [androidx.startup:startup-runtime:1.1.1] AndroidManifest.xml:21:5-23:41
application defined in both files...
Merging application with lower [androidx.startup:startup-runtime:1.1.1] AndroidManifest.xml:25:5-31:19
provider#androidx.startup.InitializationProvider defined in both files...
Merging provider#androidx.startup.InitializationProvider with lower [androidx.startup:startup-runtime:1.1.1] AndroidManifest.xml:26:9-30:34
Merging library manifest /home/runner/.gradle/caches/8.9/transforms/cd9ad7fcd4eb9a21b34852de4022b6d0/transformed/tracing-1.0.0/AndroidManifest.xml
Merging manifest with lower [androidx.tracing:tracing:1.0.0] AndroidManifest.xml:17:1-24:12
uses-sdk defined in both files...
Merging uses-sdk with lower [androidx.tracing:tracing:1.0.0] AndroidManifest.xml:20:5-22:41
Merging library manifest /home/runner/.gradle/caches/8.9/transforms/b405d1de32934466a5d6fb0ed11cecfd/transformed/dagger-lint-aar-2.52/AndroidManifest.xml
Merging manifest with lower [com.google.dagger:dagger-lint-aar:2.52] AndroidManifest.xml:16:1-19:12
uses-sdk defined in both files...
Merging uses-sdk with lower [com.google.dagger:dagger-lint-aar:2.52] AndroidManifest.xml:18:3-42
Merging result: SUCCESS
1<?xml version="1.0" encoding="utf-8"?>
2<manifest xmlns:android="http://schemas.android.com/apk/res/android"
3    package="com.nadr59.sitemanager"
4    android:versionCode="2"
5    android:versionName="2.0" >
6
7    <uses-sdk
8        android:minSdkVersion="26"
9        android:targetSdkVersion="35" />
10
11    <uses-permission android:name="android.permission.INTERNET" />
11-->/home/runner/work/SiteManager/SiteManager/app/src/main/AndroidManifest.xml:4:5-67
11-->/home/runner/work/SiteManager/SiteManager/app/src/main/AndroidManifest.xml:4:22-64
12    <uses-permission android:name="android.permission.ACCESS_NETWORK_STATE" />
12-->/home/runner/work/SiteManager/SiteManager/app/src/main/AndroidManifest.xml:5:5-79
12-->/home/runner/work/SiteManager/SiteManager/app/src/main/AndroidManifest.xml:5:22-76
13
14    <permission
14-->[androidx.core:core:1.13.1] /home/runner/.gradle/caches/8.9/transforms/6bb7b87146d1e8f53e3dcff3d9228836/transformed/core-1.13.1/AndroidManifest.xml:22:5-24:47
15        android:name="com.nadr59.sitemanager.DYNAMIC_RECEIVER_NOT_EXPORTED_PERMISSION"
15-->[androidx.core:core:1.13.1] /home/runner/.gradle/caches/8.9/transforms/6bb7b87146d1e8f53e3dcff3d9228836/transformed/core-1.13.1/AndroidManifest.xml:23:9-81
16        android:protectionLevel="signature" />
16-->[androidx.core:core:1.13.1] /home/runner/.gradle/caches/8.9/transforms/6bb7b87146d1e8f53e3dcff3d9228836/transformed/core-1.13.1/AndroidManifest.xml:24:9-44
17
18    <uses-permission android:name="com.nadr59.sitemanager.DYNAMIC_RECEIVER_NOT_EXPORTED_PERMISSION" />
18-->[androidx.core:core:1.13.1] /home/runner/.gradle/caches/8.9/transforms/6bb7b87146d1e8f53e3dcff3d9228836/transformed/core-1.13.1/AndroidManifest.xml:26:5-97
18-->[androidx.core:core:1.13.1] /home/runner/.gradle/caches/8.9/transforms/6bb7b87146d1e8f53e3dcff3d9228836/transformed/core-1.13.1/AndroidManifest.xml:26:22-94
19
20    <application
20-->/home/runner/work/SiteManager/SiteManager/app/src/main/AndroidManifest.xml:7:5-43:19
21        android:name="com.nadr59.sitemanager.SiteManagerApp"
21-->/home/runner/work/SiteManager/SiteManager/app/src/main/AndroidManifest.xml:8:9-39
22        android:allowBackup="true"
22-->/home/runner/work/SiteManager/SiteManager/app/src/main/AndroidManifest.xml:9:9-35
23        android:appComponentFactory="androidx.core.app.CoreComponentFactory"
23-->[androidx.core:core:1.13.1] /home/runner/.gradle/caches/8.9/transforms/6bb7b87146d1e8f53e3dcff3d9228836/transformed/core-1.13.1/AndroidManifest.xml:28:18-86
24        android:debuggable="true"
25        android:extractNativeLibs="false"
26        android:icon="@mipmap/ic_launcher"
26-->/home/runner/work/SiteManager/SiteManager/app/src/main/AndroidManifest.xml:10:9-43
27        android:label="مدير المواقع"
27-->/home/runner/work/SiteManager/SiteManager/app/src/main/AndroidManifest.xml:11:9-37
28        android:supportsRtl="true"
28-->/home/runner/work/SiteManager/SiteManager/app/src/main/AndroidManifest.xml:12:9-35
29        android:theme="@style/Theme.Material3.DayNight.NoActionBar"
29-->/home/runner/work/SiteManager/SiteManager/app/src/main/AndroidManifest.xml:13:9-68
30        android:usesCleartextTraffic="true" >
30-->/home/runner/work/SiteManager/SiteManager/app/src/main/AndroidManifest.xml:14:9-44
31
32        <!-- ═══ شاشة رئيسية ═══ -->
33        <activity
33-->/home/runner/work/SiteManager/SiteManager/app/src/main/AndroidManifest.xml:17:9-42:20
34            android:name="com.nadr59.sitemanager.MainActivity"
34-->/home/runner/work/SiteManager/SiteManager/app/src/main/AndroidManifest.xml:18:13-41
35            android:exported="true"
35-->/home/runner/work/SiteManager/SiteManager/app/src/main/AndroidManifest.xml:19:13-36
36            android:launchMode="singleTop"
36-->/home/runner/work/SiteManager/SiteManager/app/src/main/AndroidManifest.xml:20:13-43
37            android:windowSoftInputMode="adjustResize" >
37-->/home/runner/work/SiteManager/SiteManager/app/src/main/AndroidManifest.xml:21:13-55
38            <intent-filter>
38-->/home/runner/work/SiteManager/SiteManager/app/src/main/AndroidManifest.xml:22:13-25:29
39                <action android:name="android.intent.action.MAIN" />
39-->/home/runner/work/SiteManager/SiteManager/app/src/main/AndroidManifest.xml:23:17-69
39-->/home/runner/work/SiteManager/SiteManager/app/src/main/AndroidManifest.xml:23:25-66
40
41                <category android:name="android.intent.category.LAUNCHER" />
41-->/home/runner/work/SiteManager/SiteManager/app/src/main/AndroidManifest.xml:24:17-77
41-->/home/runner/work/SiteManager/SiteManager/app/src/main/AndroidManifest.xml:24:27-74
42            </intent-filter>
43
44            <!-- ═══ استقبال مشاركة نص/رابط من أي تطبيق ═══ -->
45            <intent-filter>
45-->/home/runner/work/SiteManager/SiteManager/app/src/main/AndroidManifest.xml:28:13-32:29
46                <action android:name="android.intent.action.SEND" />
46-->/home/runner/work/SiteManager/SiteManager/app/src/main/AndroidManifest.xml:29:17-69
46-->/home/runner/work/SiteManager/SiteManager/app/src/main/AndroidManifest.xml:29:25-66
47
48                <category android:name="android.intent.category.DEFAULT" />
48-->/home/runner/work/SiteManager/SiteManager/app/src/main/AndroidManifest.xml:30:17-76
48-->/home/runner/work/SiteManager/SiteManager/app/src/main/AndroidManifest.xml:30:27-73
49
50                <data android:mimeType="text/plain" />
50-->/home/runner/work/SiteManager/SiteManager/app/src/main/AndroidManifest.xml:31:17-55
50-->/home/runner/work/SiteManager/SiteManager/app/src/main/AndroidManifest.xml:31:23-52
51            </intent-filter>
52
53            <!-- ═══ استقبال رابط مباشر ═══ -->
54            <intent-filter>
54-->/home/runner/work/SiteManager/SiteManager/app/src/main/AndroidManifest.xml:35:13-41:29
55                <action android:name="android.intent.action.VIEW" />
55-->/home/runner/work/SiteManager/SiteManager/app/src/main/AndroidManifest.xml:36:17-69
55-->/home/runner/work/SiteManager/SiteManager/app/src/main/AndroidManifest.xml:36:25-66
56
57                <category android:name="android.intent.category.DEFAULT" />
57-->/home/runner/work/SiteManager/SiteManager/app/src/main/AndroidManifest.xml:30:17-76
57-->/home/runner/work/SiteManager/SiteManager/app/src/main/AndroidManifest.xml:30:27-73
58                <category android:name="android.intent.category.BROWSABLE" />
58-->/home/runner/work/SiteManager/SiteManager/app/src/main/AndroidManifest.xml:38:17-78
58-->/home/runner/work/SiteManager/SiteManager/app/src/main/AndroidManifest.xml:38:27-75
59
60                <data android:scheme="https" />
60-->/home/runner/work/SiteManager/SiteManager/app/src/main/AndroidManifest.xml:31:17-55
60-->/home/runner/work/SiteManager/SiteManager/app/src/main/AndroidManifest.xml:39:23-45
61                <data android:scheme="http" />
61-->/home/runner/work/SiteManager/SiteManager/app/src/main/AndroidManifest.xml:31:17-55
61-->/home/runner/work/SiteManager/SiteManager/app/src/main/AndroidManifest.xml:39:23-45
62            </intent-filter>
63        </activity>
64        <activity
64-->[androidx.compose.ui:ui-tooling-android:1.7.5] /home/runner/.gradle/caches/8.9/transforms/377064f6a8a637067f11c20dccf96de9/transformed/ui-tooling-release/AndroidManifest.xml:23:9-25:39
65            android:name="androidx.compose.ui.tooling.PreviewActivity"
65-->[androidx.compose.ui:ui-tooling-android:1.7.5] /home/runner/.gradle/caches/8.9/transforms/377064f6a8a637067f11c20dccf96de9/transformed/ui-tooling-release/AndroidManifest.xml:24:13-71
66            android:exported="true" />
66-->[androidx.compose.ui:ui-tooling-android:1.7.5] /home/runner/.gradle/caches/8.9/transforms/377064f6a8a637067f11c20dccf96de9/transformed/ui-tooling-release/AndroidManifest.xml:25:13-36
67
68        <provider
68-->[androidx.emoji2:emoji2:1.3.0] /home/runner/.gradle/caches/8.9/transforms/e7dacae607132f83ac84f78c820c58db/transformed/emoji2-1.3.0/AndroidManifest.xml:24:9-32:20
69            android:name="androidx.startup.InitializationProvider"
69-->[androidx.emoji2:emoji2:1.3.0] /home/runner/.gradle/caches/8.9/transforms/e7dacae607132f83ac84f78c820c58db/transformed/emoji2-1.3.0/AndroidManifest.xml:25:13-67
70            android:authorities="com.nadr59.sitemanager.androidx-startup"
70-->[androidx.emoji2:emoji2:1.3.0] /home/runner/.gradle/caches/8.9/transforms/e7dacae607132f83ac84f78c820c58db/transformed/emoji2-1.3.0/AndroidManifest.xml:26:13-68
71            android:exported="false" >
71-->[androidx.emoji2:emoji2:1.3.0] /home/runner/.gradle/caches/8.9/transforms/e7dacae607132f83ac84f78c820c58db/transformed/emoji2-1.3.0/AndroidManifest.xml:27:13-37
72            <meta-data
72-->[androidx.emoji2:emoji2:1.3.0] /home/runner/.gradle/caches/8.9/transforms/e7dacae607132f83ac84f78c820c58db/transformed/emoji2-1.3.0/AndroidManifest.xml:29:13-31:52
73                android:name="androidx.emoji2.text.EmojiCompatInitializer"
73-->[androidx.emoji2:emoji2:1.3.0] /home/runner/.gradle/caches/8.9/transforms/e7dacae607132f83ac84f78c820c58db/transformed/emoji2-1.3.0/AndroidManifest.xml:30:17-75
74                android:value="androidx.startup" />
74-->[androidx.emoji2:emoji2:1.3.0] /home/runner/.gradle/caches/8.9/transforms/e7dacae607132f83ac84f78c820c58db/transformed/emoji2-1.3.0/AndroidManifest.xml:31:17-49
75            <meta-data
75-->[androidx.lifecycle:lifecycle-process:2.8.6] /home/runner/.gradle/caches/8.9/transforms/962d0c0f47f07b6b05e11de92b7c147f/transformed/lifecycle-process-2.8.6/AndroidManifest.xml:29:13-31:52
76                android:name="androidx.lifecycle.ProcessLifecycleInitializer"
76-->[androidx.lifecycle:lifecycle-process:2.8.6] /home/runner/.gradle/caches/8.9/transforms/962d0c0f47f07b6b05e11de92b7c147f/transformed/lifecycle-process-2.8.6/AndroidManifest.xml:30:17-78
77                android:value="androidx.startup" />
77-->[androidx.lifecycle:lifecycle-process:2.8.6] /home/runner/.gradle/caches/8.9/transforms/962d0c0f47f07b6b05e11de92b7c147f/transformed/lifecycle-process-2.8.6/AndroidManifest.xml:31:17-49
78            <meta-data
78-->[androidx.profileinstaller:profileinstaller:1.3.1] /home/runner/.gradle/caches/8.9/transforms/53dfbc140237e96b44247be42456c9e3/transformed/profileinstaller-1.3.1/AndroidManifest.xml:29:13-31:52
79                android:name="androidx.profileinstaller.ProfileInstallerInitializer"
79-->[androidx.profileinstaller:profileinstaller:1.3.1] /home/runner/.gradle/caches/8.9/transforms/53dfbc140237e96b44247be42456c9e3/transformed/profileinstaller-1.3.1/AndroidManifest.xml:30:17-85
80                android:value="androidx.startup" />
80-->[androidx.profileinstaller:profileinstaller:1.3.1] /home/runner/.gradle/caches/8.9/transforms/53dfbc140237e96b44247be42456c9e3/transformed/profileinstaller-1.3.1/AndroidManifest.xml:31:17-49
81        </provider>
82
83        <service
83-->[androidx.room:room-runtime:2.6.1] /home/runner/.gradle/caches/8.9/transforms/4771675c2ad91221a74ebcde08c3d2e7/transformed/room-runtime-2.6.1/AndroidManifest.xml:24:9-28:63
84            android:name="androidx.room.MultiInstanceInvalidationService"
84-->[androidx.room:room-runtime:2.6.1] /home/runner/.gradle/caches/8.9/transforms/4771675c2ad91221a74ebcde08c3d2e7/transformed/room-runtime-2.6.1/AndroidManifest.xml:25:13-74
85            android:directBootAware="true"
85-->[androidx.room:room-runtime:2.6.1] /home/runner/.gradle/caches/8.9/transforms/4771675c2ad91221a74ebcde08c3d2e7/transformed/room-runtime-2.6.1/AndroidManifest.xml:26:13-43
86            android:exported="false" />
86-->[androidx.room:room-runtime:2.6.1] /home/runner/.gradle/caches/8.9/transforms/4771675c2ad91221a74ebcde08c3d2e7/transformed/room-runtime-2.6.1/AndroidManifest.xml:27:13-37
87
88        <receiver
88-->[androidx.profileinstaller:profileinstaller:1.3.1] /home/runner/.gradle/caches/8.9/transforms/53dfbc140237e96b44247be42456c9e3/transformed/profileinstaller-1.3.1/AndroidManifest.xml:34:9-52:20
89            android:name="androidx.profileinstaller.ProfileInstallReceiver"
89-->[androidx.profileinstaller:profileinstaller:1.3.1] /home/runner/.gradle/caches/8.9/transforms/53dfbc140237e96b44247be42456c9e3/transformed/profileinstaller-1.3.1/AndroidManifest.xml:35:13-76
90            android:directBootAware="false"
90-->[androidx.profileinstaller:profileinstaller:1.3.1] /home/runner/.gradle/caches/8.9/transforms/53dfbc140237e96b44247be42456c9e3/transformed/profileinstaller-1.3.1/AndroidManifest.xml:36:13-44
91            android:enabled="true"
91-->[androidx.profileinstaller:profileinstaller:1.3.1] /home/runner/.gradle/caches/8.9/transforms/53dfbc140237e96b44247be42456c9e3/transformed/profileinstaller-1.3.1/AndroidManifest.xml:37:13-35
92            android:exported="true"
92-->[androidx.profileinstaller:profileinstaller:1.3.1] /home/runner/.gradle/caches/8.9/transforms/53dfbc140237e96b44247be42456c9e3/transformed/profileinstaller-1.3.1/AndroidManifest.xml:38:13-36
93            android:permission="android.permission.DUMP" >
93-->[androidx.profileinstaller:profileinstaller:1.3.1] /home/runner/.gradle/caches/8.9/transforms/53dfbc140237e96b44247be42456c9e3/transformed/profileinstaller-1.3.1/AndroidManifest.xml:39:13-57
94            <intent-filter>
94-->[androidx.profileinstaller:profileinstaller:1.3.1] /home/runner/.gradle/caches/8.9/transforms/53dfbc140237e96b44247be42456c9e3/transformed/profileinstaller-1.3.1/AndroidManifest.xml:40:13-42:29
95                <action android:name="androidx.profileinstaller.action.INSTALL_PROFILE" />
95-->[androidx.profileinstaller:profileinstaller:1.3.1] /home/runner/.gradle/caches/8.9/transforms/53dfbc140237e96b44247be42456c9e3/transformed/profileinstaller-1.3.1/AndroidManifest.xml:41:17-91
95-->[androidx.profileinstaller:profileinstaller:1.3.1] /home/runner/.gradle/caches/8.9/transforms/53dfbc140237e96b44247be42456c9e3/transformed/profileinstaller-1.3.1/AndroidManifest.xml:41:25-88
96            </intent-filter>
97            <intent-filter>
97-->[androidx.profileinstaller:profileinstaller:1.3.1] /home/runner/.gradle/caches/8.9/transforms/53dfbc140237e96b44247be42456c9e3/transformed/profileinstaller-1.3.1/AndroidManifest.xml:43:13-45:29
98                <action android:name="androidx.profileinstaller.action.SKIP_FILE" />
98-->[androidx.profileinstaller:profileinstaller:1.3.1] /home/runner/.gradle/caches/8.9/transforms/53dfbc140237e96b44247be42456c9e3/transformed/profileinstaller-1.3.1/AndroidManifest.xml:44:17-85
98-->[androidx.profileinstaller:profileinstaller:1.3.1] /home/runner/.gradle/caches/8.9/transforms/53dfbc140237e96b44247be42456c9e3/transformed/profileinstaller-1.3.1/AndroidManifest.xml:44:25-82
99            </intent-filter>
100            <intent-filter>
100-->[androidx.profileinstaller:profileinstaller:1.3.1] /home/runner/.gradle/caches/8.9/transforms/53dfbc140237e96b44247be42456c9e3/transformed/profileinstaller-1.3.1/AndroidManifest.xml:46:13-48:29
101                <action android:name="androidx.profileinstaller.action.SAVE_PROFILE" />
101-->[androidx.profileinstaller:profileinstaller:1.3.1] /home/runner/.gradle/caches/8.9/transforms/53dfbc140237e96b44247be42456c9e3/transformed/profileinstaller-1.3.1/AndroidManifest.xml:47:17-88
101-->[androidx.profileinstaller:profileinstaller:1.3.1] /home/runner/.gradle/caches/8.9/transforms/53dfbc140237e96b44247be42456c9e3/transformed/profileinstaller-1.3.1/AndroidManifest.xml:47:25-85
102            </intent-filter>
103            <intent-filter>
103-->[androidx.profileinstaller:profileinstaller:1.3.1] /home/runner/.gradle/caches/8.9/transforms/53dfbc140237e96b44247be42456c9e3/transformed/profileinstaller-1.3.1/AndroidManifest.xml:49:13-51:29
104                <action android:name="androidx.profileinstaller.action.BENCHMARK_OPERATION" />
104-->[androidx.profileinstaller:profileinstaller:1.3.1] /home/runner/.gradle/caches/8.9/transforms/53dfbc140237e96b44247be42456c9e3/transformed/profileinstaller-1.3.1/AndroidManifest.xml:50:17-95
104-->[androidx.profileinstaller:profileinstaller:1.3.1] /home/runner/.gradle/caches/8.9/transforms/53dfbc140237e96b44247be42456c9e3/transformed/profileinstaller-1.3.1/AndroidManifest.xml:50:25-92
105            </intent-filter>
106        </receiver>
107    </application>
108
109</manifest>

Merged manifest saved to /home/runner/work/SiteManager/SiteManager/app/build/intermediates/merged_manifest/debug/processDebugMainManifest/AndroidManifest.xml
Stored cache entry for task ':app:processDebugMainManifest' with cache key 86d736eca56247a4be19a1cbae33084c
Resolve mutations for :app:processDebugManifest (Thread[included builds,5,main]) started.
:app:processDebugManifest (Thread[included builds,5,main]) started.

> Task :app:processDebugManifest
Build cache key for task ':app:processDebugManifest' is 6637f225024a083f4806bb9a34237bda
Task ':app:processDebugManifest' is not up-to-date because:
  No history is available.
Stored cache entry for task ':app:processDebugManifest' with cache key 6637f225024a083f4806bb9a34237bda
Resolve mutations for :app:processDebugManifestForPackage (Thread[included builds,5,main]) started.
:app:processDebugManifestForPackage (Thread[included builds,5,main]) started.
Resolve mutations for :app:javaPreCompileDebug (Thread[Execution worker Thread 2,5,main]) started.
:app:javaPreCompileDebug (Thread[Execution worker Thread 2,5,main]) started.
Resolve mutations for :app:mergeDebugShaders (Thread[Execution worker Thread 3,5,main]) started.
:app:mergeDebugShaders (Thread[Execution worker Thread 3,5,main]) started.

> Task :app:javaPreCompileDebug
Resource missing. [HTTP GET: https://repo.maven.apache.org/maven2/androidx/room/room-compiler/2.6.1/room-compiler-2.6.1.pom]
Downloading https://repo.maven.apache.org/maven2/com/google/dagger/hilt-compiler/2.52/hilt-compiler-2.52.pom to /home/runner/.gradle/.tmp/gradle_download4385755878880685736bin
Downloading https://maven.google.com/androidx/room/room-compiler/2.6.1/room-compiler-2.6.1.pom to /home/runner/.gradle/.tmp/gradle_download11278425887850688008bin
Downloading https://maven.google.com/androidx/room/room-compiler/2.6.1/room-compiler-2.6.1.module to /home/runner/.gradle/.tmp/gradle_download9619653146129842673bin
Downloading https://repo.maven.apache.org/maven2/com/google/dagger/dagger-compiler/2.52/dagger-compiler-2.52.pom to /home/runner/.gradle/.tmp/gradle_download10070750427005376592bin
Downloading https://repo.maven.apache.org/maven2/com/google/dagger/dagger-spi/2.52/dagger-spi-2.52.pom to /home/runner/.gradle/.tmp/gradle_download9041015715298630688bin
Downloading https://repo.maven.apache.org/maven2/com/google/devtools/ksp/symbol-processing-api/1.9.24-1.0.20/symbol-processing-api-1.9.24-1.0.20.pom to /home/runner/.gradle/.tmp/gradle_download18443160320555777131bin
Downloading https://repo.maven.apache.org/maven2/com/google/guava/failureaccess/1.0.2/failureaccess-1.0.2.pom to /home/runner/.gradle/.tmp/gradle_download11119566558210261468bin
Downloading https://repo.maven.apache.org/maven2/com/google/guava/guava/33.0.0-jre/guava-33.0.0-jre.pom to /home/runner/.gradle/.tmp/gradle_download1443736321974350876bin
Downloading https://repo.maven.apache.org/maven2/com/google/devtools/ksp/symbol-processing-api/1.9.24-1.0.20/symbol-processing-api-1.9.24-1.0.20.module to /home/runner/.gradle/.tmp/gradle_download11984481633488329528bin
Found locally available resource with matching checksum: [https://repo.maven.apache.org/maven2/com/squareup/javapoet/1.13.0/javapoet-1.13.0.pom, /home/runner/.gradle/caches/modules-2/files-2.1/com.squareup/javapoet/1.13.0/17b682b96d0d2abfdd92f6a99fbab40dd4f4d360/javapoet-1.13.0.pom]
Downloading https://repo.maven.apache.org/maven2/com/google/guava/guava-parent/33.0.0-jre/guava-parent-33.0.0-jre.pom to /home/runner/.gradle/.tmp/gradle_download330648625600764542bin
Downloading https://repo.maven.apache.org/maven2/net/ltgt/gradle/incap/incap/0.2/incap-0.2.pom to /home/runner/.gradle/.tmp/gradle_download4677772399264446822bin
Downloading https://repo.maven.apache.org/maven2/org/jetbrains/kotlin/kotlin-stdlib/1.9.24/kotlin-stdlib-1.9.24.pom to /home/runner/.gradle/.tmp/gradle_download17996006923881593607bin
Downloading https://repo.maven.apache.org/maven2/org/jetbrains/kotlin/kotlin-stdlib/1.9.24/kotlin-stdlib-1.9.24.module to /home/runner/.gradle/.tmp/gradle_download9478873676217024828bin
Downloading https://repo.maven.apache.org/maven2/com/google/guava/guava/33.0.0-jre/guava-33.0.0-jre.module to /home/runner/.gradle/.tmp/gradle_download4739627561688935775bin
Downloading https://repo.maven.apache.org/maven2/com/google/auto/auto-common/0.11/auto-common-0.11.pom to /home/runner/.gradle/.tmp/gradle_download9290469293366791700bin
Resource missing. [HTTP GET: https://repo.maven.apache.org/maven2/androidx/room/room-migration/2.6.1/room-migration-2.6.1.pom]
Resource missing. [HTTP GET: https://repo.maven.apache.org/maven2/androidx/room/room-compiler-processing/2.6.1/room-compiler-processing-2.6.1.pom]
Downloading https://repo.maven.apache.org/maven2/com/google/auto/value/auto-value-annotations/1.6.3/auto-value-annotations-1.6.3.pom to /home/runner/.gradle/.tmp/gradle_download5289277079451836054bin
Downloading https://repo.maven.apache.org/maven2/com/intellij/annotations/12.0/annotations-12.0.pom to /home/runner/.gradle/.tmp/gradle_download7309877248230502570bin
Downloading https://maven.google.com/androidx/room/room-migration/2.6.1/room-migration-2.6.1.pom to /home/runner/.gradle/.tmp/gradle_download5467259366364514499bin
Downloading https://repo.maven.apache.org/maven2/com/google/auto/value/auto-value-parent/1.6.3/auto-value-parent-1.6.3.pom to /home/runner/.gradle/.tmp/gradle_download11404487433491138603bin
Downloading https://repo.maven.apache.org/maven2/com/squareup/kotlinpoet/1.14.2/kotlinpoet-1.14.2.pom to /home/runner/.gradle/.tmp/gradle_download9414169626622645914bin
Downloading https://repo.maven.apache.org/maven2/com/google/auto/auto-parent/7/auto-parent-7.pom to /home/runner/.gradle/.tmp/gradle_download701497324927002177bin
Downloading https://maven.google.com/androidx/room/room-compiler-processing/2.6.1/room-compiler-processing-2.6.1.pom to /home/runner/.gradle/.tmp/gradle_download5295060742680096770bin
Downloading https://repo.maven.apache.org/maven2/com/squareup/kotlinpoet/1.14.2/kotlinpoet-1.14.2.module to /home/runner/.gradle/.tmp/gradle_download9051917651707298777bin
Downloading https://repo.maven.apache.org/maven2/commons-codec/commons-codec/1.15/commons-codec-1.15.pom to /home/runner/.gradle/.tmp/gradle_download3943072099060843406bin
Downloading https://maven.google.com/androidx/room/room-migration/2.6.1/room-migration-2.6.1.module to /home/runner/.gradle/.tmp/gradle_download12431687288222038609bin
Downloading https://repo.maven.apache.org/maven2/com/squareup/kotlinpoet-javapoet/1.14.2/kotlinpoet-javapoet-1.14.2.pom to /home/runner/.gradle/.tmp/gradle_download18260291363416427582bin
Found locally available resource with matching checksum: [https://repo.maven.apache.org/maven2/org/apache/commons/commons-parent/52/commons-parent-52.pom, /home/runner/.gradle/caches/modules-2/files-2.1/org.apache.commons/commons-parent/52/4ee86dedc66d0010ccdc29e5a4ce014c057854/commons-parent-52.pom]
Downloading https://repo.maven.apache.org/maven2/org/xerial/sqlite-jdbc/3.41.2.2/sqlite-jdbc-3.41.2.2.pom to /home/runner/.gradle/.tmp/gradle_download10280679515577722502bin
Downloading https://repo.maven.apache.org/maven2/com/squareup/kotlinpoet-javapoet/1.14.2/kotlinpoet-javapoet-1.14.2.module to /home/runner/.gradle/.tmp/gradle_download1133836835743028929bin
Found locally available resource with matching checksum: [https://repo.maven.apache.org/maven2/org/apache/apache/23/apache-23.pom, /home/runner/.gradle/caches/modules-2/files-2.1/org.apache/apache/23/404949e96725e63a10a6d8f9d9b521948d170d5/apache-23.pom]
Downloading https://maven.google.com/androidx/room/room-compiler-processing/2.6.1/room-compiler-processing-2.6.1.module to /home/runner/.gradle/.tmp/gradle_download15879504030213250621bin
Downloading https://repo.maven.apache.org/maven2/com/google/googlejavaformat/google-java-format/1.5/google-java-format-1.5.pom to /home/runner/.gradle/.tmp/gradle_download17614919186461410720bin
Downloading https://repo.maven.apache.org/maven2/org/checkerframework/checker-compat-qual/2.5.5/checker-compat-qual-2.5.5.pom to /home/runner/.gradle/.tmp/gradle_download10258111242324565454bin
Downloading https://repo.maven.apache.org/maven2/com/google/googlejavaformat/google-java-format-parent/1.5/google-java-format-parent-1.5.pom to /home/runner/.gradle/.tmp/gradle_download13607290971770578429bin
Downloading https://repo.maven.apache.org/maven2/org/jetbrains/kotlin/kotlin-stdlib-jdk8/1.9.0/kotlin-stdlib-jdk8-1.9.0.pom to /home/runner/.gradle/.tmp/gradle_download9811526615224029718bin
Downloading https://repo.maven.apache.org/maven2/org/checkerframework/checker-qual/3.41.0/checker-qual-3.41.0.pom to /home/runner/.gradle/.tmp/gradle_download14041789847816783197bin
Downloading https://repo.maven.apache.org/maven2/com/google/errorprone/error_prone_annotations/2.23.0/error_prone_annotations-2.23.0.pom to /home/runner/.gradle/.tmp/gradle_download2949463643295626646bin
Found locally available resource with matching checksum: [https://repo.maven.apache.org/maven2/com/google/guava/listenablefuture/9999.0-empty-to-avoid-conflict-with-guava/listenablefuture-9999.0-empty-to-avoid-conflict-with-guava.pom, /home/runner/.gradle/caches/modules-2/files-2.1/com.google.guava/listenablefuture/9999.0-empty-to-avoid-conflict-with-guava/1b77ba79f9b2b7dfd4e15ea7bb0d568d5eb9cb8d/listenablefuture-9999.0-empty-to-avoid-conflict-with-guava.pom]
Downloading https://repo.maven.apache.org/maven2/org/checkerframework/checker-qual/3.41.0/checker-qual-3.41.0.module to /home/runner/.gradle/.tmp/gradle_download2965358676553268279bin
Downloading https://repo.maven.apache.org/maven2/com/google/errorprone/error_prone_parent/2.23.0/error_prone_parent-2.23.0.pom to /home/runner/.gradle/.tmp/gradle_download12630821168485472575bin
Downloading https://repo.maven.apache.org/maven2/com/google/code/gson/gson/2.9.0/gson-2.9.0.pom to /home/runner/.gradle/.tmp/gradle_download10187675271628166373bin
Downloading https://repo.maven.apache.org/maven2/com/google/code/gson/gson-parent/2.9.0/gson-parent-2.9.0.pom to /home/runner/.gradle/.tmp/gradle_download15434621788441094840bin
Downloading https://repo.maven.apache.org/maven2/org/jetbrains/kotlin/kotlin-reflect/1.8.21/kotlin-reflect-1.8.21.pom to /home/runner/.gradle/.tmp/gradle_download9966541610181886023bin
Downloading https://repo.maven.apache.org/maven2/com/google/errorprone/javac-shaded/9-dev-r4023-3/javac-shaded-9-dev-r4023-3.pom to /home/runner/.gradle/.tmp/gradle_download8956572630900650393bin
Downloading https://repo.maven.apache.org/maven2/org/jetbrains/kotlin/kotlin-stdlib-jdk7/1.9.0/kotlin-stdlib-jdk7-1.9.0.pom to /home/runner/.gradle/.tmp/gradle_download1738910174939122216bin
Found locally available resource with matching checksum: [https://repo.maven.apache.org/maven2/com/google/dagger/hilt-compiler/2.52/hilt-compiler-2.52.jar, /home/runner/.gradle/caches/modules-2/files-2.1/com.google.dagger/hilt-compiler/2.52/e0a96ef5b1911cc039a2ae25c99a3925a7a9e50e/hilt-compiler-2.52.jar]
Found locally available resource with matching checksum: [https://maven.google.com/androidx/room/room-common/2.6.1/room-common-2.6.1.jar, /home/runner/.gradle/caches/modules-2/files-2.1/androidx.room/room-common/2.6.1/ff1b9580850a9b7eef56554e356628d225785265/room-common-2.6.1.jar]
Found locally available resource with matching checksum: [https://maven.google.com/androidx/room/room-migration/2.6.1/room-migration-2.6.1.jar, /home/runner/.gradle/caches/modules-2/files-2.1/androidx.room/room-migration/2.6.1/8d8218e4ccfe9b34485619a8ca68f8760840301d/room-migration-2.6.1.jar]
Found locally available resource with matching checksum: [https://repo.maven.apache.org/maven2/com/google/dagger/dagger-compiler/2.52/dagger-compiler-2.52.jar, /home/runner/.gradle/caches/modules-2/files-2.1/com.google.dagger/dagger-compiler/2.52/ff418f410326eba248f5540a64c4a1e9c45cf570/dagger-compiler-2.52.jar]
Found locally available resource with matching checksum: [https://repo.maven.apache.org/maven2/com/google/dagger/dagger-spi/2.52/dagger-spi-2.52.jar, /home/runner/.gradle/caches/modules-2/files-2.1/com.google.dagger/dagger-spi/2.52/50674112d6ffdf0c77ba383dd789216f8c35a995/dagger-spi-2.52.jar]
Found locally available resource with matching checksum: [https://repo.maven.apache.org/maven2/com/google/dagger/dagger/2.52/dagger-2.52.jar, /home/runner/.gradle/caches/modules-2/files-2.1/com.google.dagger/dagger/2.52/c385ea51a9873b238d183faa22d54c00d65195ac/dagger-2.52.jar]
Found locally available resource with matching checksum: [https://repo.maven.apache.org/maven2/com/google/auto/auto-common/0.11/auto-common-0.11.jar, /home/runner/.gradle/caches/modules-2/files-2.1/com.google.auto/auto-common/0.11/345a7dc983e11c123c8000a53383cc2b83848caf/auto-common-0.11.jar]
Found locally available resource with matching checksum: [https://repo.maven.apache.org/maven2/com/google/googlejavaformat/google-java-format/1.5/google-java-format-1.5.jar, /home/runner/.gradle/caches/modules-2/files-2.1/com.google.googlejavaformat/google-java-format/1.5/fba7f130d29061d2d2ea384b4880c10cae92ef73/google-java-format-1.5.jar]
Found locally available resource with matching checksum: [https://repo.maven.apache.org/maven2/com/google/guava/guava/33.0.0-jre/guava-33.0.0-jre.jar, /home/runner/.gradle/caches/modules-2/files-2.1/com.google.guava/guava/33.0.0-jre/161ba27964a62f241533807a46b8711b13c1d94b/guava-33.0.0-jre.jar]
Found locally available resource with matching checksum: [https://repo.maven.apache.org/maven2/com/google/code/findbugs/jsr305/3.0.2/jsr305-3.0.2.jar, /home/runner/.gradle/caches/modules-2/files-2.1/com.google.code.findbugs/jsr305/3.0.2/25ea2e8b0c338a877313bd4672d3fe056ea78f0d/jsr305-3.0.2.jar]
Found locally available resource with matching checksum: [https://maven.google.com/androidx/room/room-compiler/2.6.1/room-compiler-2.6.1.jar, /home/runner/.gradle/caches/modules-2/files-2.1/androidx.room/room-compiler/2.6.1/d789379e27b40fa5cc6e17f4c56988d6500a4036/room-compiler-2.6.1.jar]
Found locally available resource with matching checksum: [https://repo.maven.apache.org/maven2/com/google/devtools/ksp/symbol-processing-api/1.9.24-1.0.20/symbol-processing-api-1.9.24-1.0.20.jar, /home/runner/.gradle/caches/modules-2/files-2.1/com.google.devtools.ksp/symbol-processing-api/1.9.24-1.0.20/3d899943719423930b113797921654efdd96d4af/symbol-processing-api-1.9.24-1.0.20.jar]
Found locally available resource with matching checksum: [https://maven.google.com/androidx/room/room-compiler-processing/2.6.1/room-compiler-processing-2.6.1.jar, /home/runner/.gradle/caches/modules-2/files-2.1/androidx.room/room-compiler-processing/2.6.1/64891dd45a3adbb4137f338563b6d716dca7c456/room-compiler-processing-2.6.1.jar]
Found locally available resource with matching checksum: [https://repo.maven.apache.org/maven2/com/google/guava/failureaccess/1.0.2/failureaccess-1.0.2.jar, /home/runner/.gradle/caches/modules-2/files-2.1/com.google.guava/failureaccess/1.0.2/c4a06a64e650562f30b7bf9aaec1bfed43aca12b/failureaccess-1.0.2.jar]
Found locally available resource with matching checksum: [https://repo.maven.apache.org/maven2/com/squareup/kotlinpoet-javapoet/1.14.2/kotlinpoet-javapoet-1.14.2.jar, /home/runner/.gradle/caches/modules-2/files-2.1/com.squareup/kotlinpoet-javapoet/1.14.2/e4481d491afe47e3dcce952c87628141dc16454b/kotlinpoet-javapoet-1.14.2.jar]
Found locally available resource with matching checksum: [https://repo.maven.apache.org/maven2/com/squareup/javapoet/1.13.0/javapoet-1.13.0.jar, /home/runner/.gradle/caches/modules-2/files-2.1/com.squareup/javapoet/1.13.0/d6562d385049f35eb50403fa86bb11cce76b866a/javapoet-1.13.0.jar]
Found locally available resource with matching checksum: [https://repo.maven.apache.org/maven2/javax/inject/javax.inject/1/javax.inject-1.jar, /home/runner/.gradle/caches/modules-2/files-2.1/javax.inject/javax.inject/1/6975da39a7040257bd51d21a231b76c915872d38/javax.inject-1.jar]
Found locally available resource with matching checksum: [https://repo.maven.apache.org/maven2/net/ltgt/gradle/incap/incap/0.2/incap-0.2.jar, /home/runner/.gradle/caches/modules-2/files-2.1/net.ltgt.gradle.incap/incap/0.2/c73e3db9bee414d6ee27995d951fcdbee09acad/incap-0.2.jar]
Found locally available resource with matching checksum: [https://repo.maven.apache.org/maven2/com/squareup/kotlinpoet/1.14.2/kotlinpoet-1.14.2.jar, /home/runner/.gradle/caches/modules-2/files-2.1/com.squareup/kotlinpoet/1.14.2/b6741951260d555a05932e39de177fc64ef450bd/kotlinpoet-1.14.2.jar]
Found locally available resource with matching checksum: [https://repo.maven.apache.org/maven2/org/jetbrains/kotlin/kotlin-stdlib-jdk8/1.9.0/kotlin-stdlib-jdk8-1.9.0.jar, /home/runner/.gradle/caches/modules-2/files-2.1/org.jetbrains.kotlin/kotlin-stdlib-jdk8/1.9.0/e000bd084353d84c9e888f6fb341dc1f5b79d948/kotlin-stdlib-jdk8-1.9.0.jar]
Found locally available resource with matching checksum: [https://repo.maven.apache.org/maven2/org/jetbrains/kotlin/kotlin-reflect/1.8.21/kotlin-reflect-1.8.21.jar, /home/runner/.gradle/caches/modules-2/files-2.1/org.jetbrains.kotlin/kotlin-reflect/1.8.21/662838019bc1141f8a311180d93b9e13765c7f55/kotlin-reflect-1.8.21.jar]
Found locally available resource with matching checksum: [https://repo.maven.apache.org/maven2/org/jetbrains/kotlin/kotlin-stdlib-jdk7/1.9.0/kotlin-stdlib-jdk7-1.9.0.jar, /home/runner/.gradle/caches/modules-2/files-2.1/org.jetbrains.kotlin/kotlin-stdlib-jdk7/1.9.0/f320478990d05e0cfaadd74f9619fd6027adbf37/kotlin-stdlib-jdk7-1.9.0.jar]
Found locally available resource with matching checksum: [https://repo.maven.apache.org/maven2/org/jetbrains/kotlin/kotlin-stdlib/1.9.24/kotlin-stdlib-1.9.24.jar, /home/runner/.gradle/caches/modules-2/files-2.1/org.jetbrains.kotlin/kotlin-stdlib/1.9.24/9928532f12c66ad816a625b3f9984f8368ca6d2b/kotlin-stdlib-1.9.24.jar]
Found locally available resource with matching checksum: [https://repo.maven.apache.org/maven2/com/intellij/annotations/12.0/annotations-12.0.jar, /home/runner/.gradle/caches/modules-2/files-2.1/com.intellij/annotations/12.0/bbcf6448f6d40abe506e2c83b70a3e8bfd2b4539/annotations-12.0.jar]
Found locally available resource with matching checksum: [https://repo.maven.apache.org/maven2/com/google/auto/value/auto-value-annotations/1.6.3/auto-value-annotations-1.6.3.jar, /home/runner/.gradle/caches/modules-2/files-2.1/com.google.auto.value/auto-value-annotations/1.6.3/b88c1bb7f149f6d2cc03898359283e57b08f39cc/auto-value-annotations-1.6.3.jar]
Found locally available resource with matching checksum: [https://repo.maven.apache.org/maven2/commons-codec/commons-codec/1.15/commons-codec-1.15.jar, /home/runner/.gradle/caches/modules-2/files-2.1/commons-codec/commons-codec/1.15/49d94806b6e3dc933dacbd8acb0fdbab8ebd1e5d/commons-codec-1.15.jar]
Found locally available resource with matching checksum: [https://repo.maven.apache.org/maven2/org/xerial/sqlite-jdbc/3.41.2.2/sqlite-jdbc-3.41.2.2.jar, /home/runner/.gradle/caches/modules-2/files-2.1/org.xerial/sqlite-jdbc/3.41.2.2/ddeb8d3a3004f412ed19b4c98b3aec11d9452ab5/sqlite-jdbc-3.41.2.2.jar]
Found locally available resource with matching checksum: [https://repo.maven.apache.org/maven2/org/checkerframework/checker-compat-qual/2.5.5/checker-compat-qual-2.5.5.jar, /home/runner/.gradle/caches/modules-2/files-2.1/org.checkerframework/checker-compat-qual/2.5.5/435dc33e3019c9f019e15f01aa111de9d6b2b79c/checker-compat-qual-2.5.5.jar]
Found locally available resource with matching checksum: [https://repo.maven.apache.org/maven2/com/google/guava/listenablefuture/9999.0-empty-to-avoid-conflict-with-guava/listenablefuture-9999.0-empty-to-avoid-conflict-with-guava.jar, /home/runner/.gradle/caches/modules-2/files-2.1/com.google.guava/listenablefuture/9999.0-empty-to-avoid-conflict-with-guava/b421526c5f297295adef1c886e5246c39d4ac629/listenablefuture-9999.0-empty-to-avoid-conflict-with-guava.jar]
Found locally available resource with matching checksum: [https://repo.maven.apache.org/maven2/jakarta/inject/jakarta.inject-api/2.0.1/jakarta.inject-api-2.0.1.jar, /home/runner/.gradle/caches/modules-2/files-2.1/jakarta.inject/jakarta.inject-api/2.0.1/4c28afe1991a941d7702fe1362c365f0a8641d1e/jakarta.inject-api-2.0.1.jar]
Found locally available resource with matching checksum: [https://repo.maven.apache.org/maven2/org/checkerframework/checker-qual/3.41.0/checker-qual-3.41.0.jar, /home/runner/.gradle/caches/modules-2/files-2.1/org.checkerframework/checker-qual/3.41.0/8be6df7f1e9bccb19f8f351b3651f0bac2f5e0c/checker-qual-3.41.0.jar]
Found locally available resource with matching checksum: [https://repo.maven.apache.org/maven2/org/jetbrains/annotations/13.0/annotations-13.0.jar, /home/runner/.gradle/caches/modules-2/files-2.1/org.jetbrains/annotations/13.0/919f0dfe192fb4e063e7dacadee7f8bb9a2672a9/annotations-13.0.jar]
Found locally available resource with matching checksum: [https://repo.maven.apache.org/maven2/com/google/errorprone/error_prone_annotations/2.23.0/error_prone_annotations-2.23.0.jar, /home/runner/.gradle/caches/modules-2/files-2.1/com.google.errorprone/error_prone_annotations/2.23.0/43a27853b6c7d54893e0b1997c2c778c347179eb/error_prone_annotations-2.23.0.jar]
Found locally available resource with matching checksum: [https://repo.maven.apache.org/maven2/com/google/code/gson/gson/2.9.0/gson-2.9.0.jar, /home/runner/.gradle/caches/modules-2/files-2.1/com.google.code.gson/gson/2.9.0/8a1167e089096758b49f9b34066ef98b2f4b37aa/gson-2.9.0.jar]
Found locally available resource with matching checksum: [https://repo.maven.apache.org/maven2/com/google/errorprone/javac-shaded/9-dev-r4023-3/javac-shaded-9-dev-r4023-3.jar, /home/runner/.gradle/caches/modules-2/files-2.1/com.google.errorprone/javac-shaded/9-dev-r4023-3/72b688efd290280a0afde5f9892b0fde6f362d1d/javac-shaded-9-dev-r4023-3.jar]
Found locally available resource with matching checksum: [https://maven.google.com/androidx/annotation/annotation/1.3.0/annotation-1.3.0.jar, /home/runner/.gradle/caches/modules-2/files-2.1/androidx.annotation/annotation/1.3.0/21f49f5f9b85fc49de712539f79123119740595/annotation-1.3.0.jar]
Build cache key for task ':app:javaPreCompileDebug' is 4cbca4a96e813a0dbe795f902c9b0485
Task ':app:javaPreCompileDebug' is not up-to-date because:
  No history is available.
Stored cache entry for task ':app:javaPreCompileDebug' with cache key 4cbca4a96e813a0dbe795f902c9b0485

> Task :app:mergeDebugShaders
Caching disabled for task ':app:mergeDebugShaders' because:
  Simple merging task
Task ':app:mergeDebugShaders' is not up-to-date because:
  No history is available.
The input changes require a full rebuild for incremental task ':app:mergeDebugShaders'.
Resolve mutations for :app:compileDebugShaders (Thread[Execution worker Thread 3,5,main]) started.
:app:compileDebugShaders (Thread[Execution worker Thread 3,5,main]) started.

> Task :app:compileDebugShaders NO-SOURCE
Skipping task ':app:compileDebugShaders' as it has no source files and no previous output files.
Resolve mutations for :app:generateDebugAssets (Thread[Execution worker Thread 3,5,main]) started.
:app:generateDebugAssets (Thread[Execution worker Thread 3,5,main]) started.

> Task :app:generateDebugAssets UP-TO-DATE
Skipping task ':app:generateDebugAssets' as it has no actions.
Resolve mutations for :app:mergeDebugAssets (Thread[Execution worker Thread 3,5,main]) started.
:app:mergeDebugAssets (Thread[Execution worker Thread 3,5,main]) started.

> Task :app:mergeDebugAssets
Transforming hilt-navigation-compose-1.2.0.aar (androidx.hilt:hilt-navigation-compose:1.2.0) with ExtractAarTransform
Transforming hilt-navigation-compose-1.2.0.aar (androidx.hilt:hilt-navigation-compose:1.2.0) with AarTransform
Transforming hilt-navigation-1.2.0.aar (androidx.hilt:hilt-navigation:1.2.0) with ExtractAarTransform
Transforming hilt-navigation-1.2.0.aar (androidx.hilt:hilt-navigation:1.2.0) with AarTransform
Transforming navigation-common-2.8.3.aar (androidx.navigation:navigation-common:2.8.3) with ExtractAarTransform
Transforming navigation-common-2.8.3.aar (androidx.navigation:navigation-common:2.8.3) with AarTransform
Transforming navigation-runtime-2.8.3.aar (androidx.navigation:navigation-runtime:2.8.3) with ExtractAarTransform
Transforming navigation-runtime-2.8.3.aar (androidx.navigation:navigation-runtime:2.8.3) with AarTransform
Transforming navigation-common-ktx-2.8.3.aar (androidx.navigation:navigation-common-ktx:2.8.3) with ExtractAarTransform
Transforming navigation-common-ktx-2.8.3.aar (androidx.navigation:navigation-common-ktx:2.8.3) with AarTransform
Transforming navigation-runtime-ktx-2.8.3.aar (androidx.navigation:navigation-runtime-ktx:2.8.3) with ExtractAarTransform
Transforming navigation-runtime-ktx-2.8.3.aar (androidx.navigation:navigation-runtime-ktx:2.8.3) with AarTransform
Transforming navigation-compose-2.8.3.aar (androidx.navigation:navigation-compose:2.8.3) with ExtractAarTransform
Caching disabled for AarTransform: /home/runner/.gradle/caches/8.9/transforms/ad4d9f30753e121dfdf5f15fa8c11043/transformed/hilt-navigation-1.2.0 because:
  Caching not enabled.
Transforming navigation-compose-2.8.3.aar (androidx.navigation:navigation-compose:2.8.3) with AarTransform
Transforming hilt-android-2.52.aar (com.google.dagger:hilt-android:2.52) with ExtractAarTransform
Transforming hilt-android-2.52.aar (com.google.dagger:hilt-android:2.52) with AarTransform
Transforming fragment-1.5.1.aar (androidx.fragment:fragment:1.5.1) with ExtractAarTransform
Transforming fragment-1.5.1.aar (androidx.fragment:fragment:1.5.1) with AarTransform
Transforming activity-1.9.3.aar (androidx.activity:activity:1.9.3) with ExtractAarTransform
Transforming activity-1.9.3.aar (androidx.activity:activity:1.9.3) with AarTransform
Transforming activity-ktx-1.9.3.aar (androidx.activity:activity-ktx:1.9.3) with ExtractAarTransform
Transforming activity-ktx-1.9.3.aar (androidx.activity:activity-ktx:1.9.3) with AarTransform
Transforming material3-release.aar (androidx.compose.material3:material3-android:1.3.1) with ExtractAarTransform
Transforming material3-release.aar (androidx.compose.material3:material3-android:1.3.1) with AarTransform
Transforming material-release.aar (androidx.compose.material:material-android:1.7.5) with ExtractAarTransform
Transforming material-release.aar (androidx.compose.material:material-android:1.7.5) with AarTransform
Transforming animation-core-release.aar (androidx.compose.animation:animation-core-android:1.7.5) with ExtractAarTransform
Transforming animation-core-release.aar (androidx.compose.animation:animation-core-android:1.7.5) with AarTransform
Transforming material-ripple-release.aar (androidx.compose.material:material-ripple-android:1.7.5) with ExtractAarTransform
Transforming material-ripple-release.aar (androidx.compose.material:material-ripple-android:1.7.5) with AarTransform
Transforming animation-release.aar (androidx.compose.animation:animation-android:1.7.5) with ExtractAarTransform
Caching disabled for AarTransform: /home/runner/.gradle/caches/8.9/transforms/12ec77c8f0ef27e9e667039aa0010280/transformed/hilt-navigation-compose-1.2.0 because:
  Caching not enabled.
Caching disabled for AarTransform: /home/runner/.gradle/caches/8.9/transforms/d4d33e906d3b0080609dfa0c474308fb/transformed/navigation-common-2.8.3 because:
  Caching not enabled.
Transforming animation-release.aar (androidx.compose.animation:animation-android:1.7.5) with AarTransform
Transforming foundation-layout-release.aar (androidx.compose.foundation:foundation-layout-android:1.7.5) with ExtractAarTransform
Transforming foundation-layout-release.aar (androidx.compose.foundation:foundation-layout-android:1.7.5) with AarTransform
Transforming foundation-release.aar (androidx.compose.foundation:foundation-android:1.7.5) with ExtractAarTransform
Transforming foundation-release.aar (androidx.compose.foundation:foundation-android:1.7.5) with AarTransform
Transforming ui-tooling-data-release.aar (androidx.compose.ui:ui-tooling-data-android:1.7.5) with ExtractAarTransform
Transforming ui-tooling-data-release.aar (androidx.compose.ui:ui-tooling-data-android:1.7.5) with AarTransform
Transforming ui-unit-release.aar (androidx.compose.ui:ui-unit-android:1.7.5) with ExtractAarTransform
Transforming ui-unit-release.aar (androidx.compose.ui:ui-unit-android:1.7.5) with AarTransform
Transforming ui-geometry-release.aar (androidx.compose.ui:ui-geometry-android:1.7.5) with ExtractAarTransform
Transforming ui-geometry-release.aar (androidx.compose.ui:ui-geometry-android:1.7.5) with AarTransform
Transforming ui-util-release.aar (androidx.compose.ui:ui-util-android:1.7.5) with ExtractAarTransform
Transforming ui-util-release.aar (androidx.compose.ui:ui-util-android:1.7.5) with AarTransform
Transforming ui-text-release.aar (androidx.compose.ui:ui-text-android:1.7.5) with ExtractAarTransform
Transforming ui-text-release.aar (androidx.compose.ui:ui-text-android:1.7.5) with AarTransform
Transforming ui-tooling-preview-release.aar (androidx.compose.ui:ui-tooling-preview-android:1.7.5) with ExtractAarTransform
Transforming ui-tooling-preview-release.aar (androidx.compose.ui:ui-tooling-preview-android:1.7.5) with AarTransform
Transforming ui-graphics-release.aar (androidx.compose.ui:ui-graphics-android:1.7.5) with ExtractAarTransform
Transforming ui-graphics-release.aar (androidx.compose.ui:ui-graphics-android:1.7.5) with AarTransform
Transforming ui-tooling-release.aar (androidx.compose.ui:ui-tooling-android:1.7.5) with ExtractAarTransform
Transforming ui-tooling-release.aar (androidx.compose.ui:ui-tooling-android:1.7.5) with AarTransform
Transforming activity-compose-1.9.3.aar (androidx.activity:activity-compose:1.9.3) with ExtractAarTransform
Transforming activity-compose-1.9.3.aar (androidx.activity:activity-compose:1.9.3) with AarTransform
Transforming savedstate-ktx-1.2.1.aar (androidx.savedstate:savedstate-ktx:1.2.1) with ExtractAarTransform
Transforming savedstate-ktx-1.2.1.aar (androidx.savedstate:savedstate-ktx:1.2.1) with AarTransform
Transforming savedstate-1.2.1.aar (androidx.savedstate:savedstate:1.2.1) with ExtractAarTransform
Transforming savedstate-1.2.1.aar (androidx.savedstate:savedstate:1.2.1) with AarTransform
Transforming loader-1.0.0.aar (androidx.loader:loader:1.0.0) with ExtractAarTransform
Transforming loader-1.0.0.aar (androidx.loader:loader:1.0.0) with AarTransform
Transforming emoji2-1.3.0.aar (androidx.emoji2:emoji2:1.3.0) with ExtractAarTransform
Transforming emoji2-1.3.0.aar (androidx.emoji2:emoji2:1.3.0) with AarTransform
Transforming lifecycle-process-2.8.6.aar (androidx.lifecycle:lifecycle-process:2.8.6) with ExtractAarTransform
Transforming lifecycle-process-2.8.6.aar (androidx.lifecycle:lifecycle-process:2.8.6) with AarTransform
Caching disabled for AarTransform: /home/runner/.gradle/caches/8.9/transforms/465ee5133dca15b43b94624bb822b2d7/transformed/navigation-runtime-2.8.3 because:
  Caching not enabled.
Caching disabled for AarTransform: /home/runner/.gradle/caches/8.9/transforms/2dbc64239e4ac921dde2a8d4de940749/transformed/navigation-common-ktx-2.8.3 because:
  Caching not enabled.
Caching disabled for AarTransform: /home/runner/.gradle/caches/8.9/transforms/b195ca1dc782125628d31fb0d6b49e45/transformed/navigation-runtime-ktx-2.8.3 because:
  Caching not enabled.
Transforming lifecycle-livedata-core-ktx-2.8.6.aar (androidx.lifecycle:lifecycle-livedata-core-ktx:2.8.6) with ExtractAarTransform
Transforming lifecycle-livedata-core-ktx-2.8.6.aar (androidx.lifecycle:lifecycle-livedata-core-ktx:2.8.6) with AarTransform
Transforming lifecycle-livedata-2.8.6.aar (androidx.lifecycle:lifecycle-livedata:2.8.6) with ExtractAarTransform
Transforming lifecycle-livedata-2.8.6.aar (androidx.lifecycle:lifecycle-livedata:2.8.6) with AarTransform
Transforming lifecycle-viewmodel-2.8.6.aar (androidx.lifecycle:lifecycle-viewmodel:2.8.6) with ExtractAarTransform
Caching disabled for AarTransform: /home/runner/.gradle/caches/8.9/transforms/ceea842d00899f361805d255c52abba2/transformed/navigation-compose-2.8.3 because:
  Caching not enabled.
Transforming lifecycle-viewmodel-2.8.6.aar (androidx.lifecycle:lifecycle-viewmodel:2.8.6) with AarTransform
Transforming lifecycle-viewmodel-release.aar (androidx.lifecycle:lifecycle-viewmodel-android:2.8.6) with ExtractAarTransform
Transforming lifecycle-viewmodel-release.aar (androidx.lifecycle:lifecycle-viewmodel-android:2.8.6) with AarTransform
Transforming lifecycle-runtime-release.aar (androidx.lifecycle:lifecycle-runtime-android:2.8.6) with ExtractAarTransform
Transforming lifecycle-runtime-release.aar (androidx.lifecycle:lifecycle-runtime-android:2.8.6) with AarTransform
Transforming lifecycle-livedata-core-2.8.6.aar (androidx.lifecycle:lifecycle-livedata-core:2.8.6) with ExtractAarTransform
Transforming lifecycle-livedata-core-2.8.6.aar (androidx.lifecycle:lifecycle-livedata-core:2.8.6) with AarTransform
Transforming lifecycle-viewmodel-ktx-2.8.6.aar (androidx.lifecycle:lifecycle-viewmodel-ktx:2.8.6) with ExtractAarTransform
Transforming lifecycle-viewmodel-ktx-2.8.6.aar (androidx.lifecycle:lifecycle-viewmodel-ktx:2.8.6) with AarTransform
Transforming lifecycle-viewmodel-savedstate-2.8.6.aar (androidx.lifecycle:lifecycle-viewmodel-savedstate:2.8.6) with ExtractAarTransform
Caching disabled for AarTransform: /home/runner/.gradle/caches/8.9/transforms/78122b888a0a07babc3ab9bf6045b0c1/transformed/fragment-1.5.1 because:
  Caching not enabled.
Transforming lifecycle-viewmodel-savedstate-2.8.6.aar (androidx.lifecycle:lifecycle-viewmodel-savedstate:2.8.6) with AarTransform
Transforming lifecycle-runtime-compose-release.aar (androidx.lifecycle:lifecycle-runtime-compose-android:2.8.6) with ExtractAarTransform
Transforming lifecycle-runtime-compose-release.aar (androidx.lifecycle:lifecycle-runtime-compose-android:2.8.6) with AarTransform
Transforming lifecycle-runtime-ktx-release.aar (androidx.lifecycle:lifecycle-runtime-ktx-android:2.8.6) with ExtractAarTransform
Transforming lifecycle-runtime-ktx-release.aar (androidx.lifecycle:lifecycle-runtime-ktx-android:2.8.6) with AarTransform
Transforming lifecycle-viewmodel-compose-release.aar (androidx.lifecycle:lifecycle-viewmodel-compose-android:2.8.6) with ExtractAarTransform
Transforming lifecycle-viewmodel-compose-release.aar (androidx.lifecycle:lifecycle-viewmodel-compose-android:2.8.6) with AarTransform
Transforming material-icons-extended-release.aar (androidx.compose.material:material-icons-extended-android:1.7.5) with ExtractAarTransform
Caching disabled for AarTransform: /home/runner/.gradle/caches/8.9/transforms/9003ebf40ec55734251a0dd9f6377fea/transformed/hilt-android-2.52 because:
  Caching not enabled.
Transforming material-icons-extended-release.aar (androidx.compose.material:material-icons-extended-android:1.7.5) with AarTransform
Transforming material-icons-core-release.aar (androidx.compose.material:material-icons-core-android:1.7.5) with ExtractAarTransform
Transforming material-icons-core-release.aar (androidx.compose.material:material-icons-core-android:1.7.5) with AarTransform
Transforming ui-release.aar (androidx.compose.ui:ui-android:1.7.5) with ExtractAarTransform
Caching disabled for AarTransform: /home/runner/.gradle/caches/8.9/transforms/7b17aaf8774922eca7cac21bd968c99a/transformed/activity-1.9.3 because:
  Caching not enabled.
Transforming ui-release.aar (androidx.compose.ui:ui-android:1.7.5) with AarTransform
Transforming viewpager-1.0.0.aar (androidx.viewpager:viewpager:1.0.0) with ExtractAarTransform
Transforming viewpager-1.0.0.aar (androidx.viewpager:viewpager:1.0.0) with AarTransform
Transforming autofill-1.0.0.aar (androidx.autofill:autofill:1.0.0) with ExtractAarTransform
Transforming autofill-1.0.0.aar (androidx.autofill:autofill:1.0.0) with AarTransform
Transforming graphics-path-1.0.1.aar (androidx.graphics:graphics-path:1.0.1) with ExtractAarTransform
Transforming graphics-path-1.0.1.aar (androidx.graphics:graphics-path:1.0.1) with AarTransform
Transforming customview-1.0.0.aar (androidx.customview:customview:1.0.0) with ExtractAarTransform
Transforming customview-1.0.0.aar (androidx.customview:customview:1.0.0) with AarTransform
Transforming core-1.13.1.aar (androidx.core:core:1.13.1) with ExtractAarTransform
Transforming core-1.13.1.aar (androidx.core:core:1.13.1) with AarTransform
Transforming core-1.13.1.aar (androidx.core:core:1.13.1) with ExtractAarTransform
Transforming core-1.13.1.aar (androidx.core:core:1.13.1) with AarTransform
Transforming core-1.13.1.aar (androidx.core:core:1.13.1) with ExtractAarTransform
Transforming core-1.13.1.aar (androidx.core:core:1.13.1) with AarTransform
Transforming core-1.13.1.aar (androidx.core:core:1.13.1) with ExtractAarTransform
Transforming core-1.13.1.aar (androidx.core:core:1.13.1) with AarTransform
Transforming core-1.13.1.aar (androidx.core:core:1.13.1) with ExtractAarTransform
Transforming core-1.13.1.aar (androidx.core:core:1.13.1) with AarTransform
Transforming customview-poolingcontainer-1.0.0.aar (androidx.customview:customview-poolingcontainer:1.0.0) with ExtractAarTransform
Transforming customview-poolingcontainer-1.0.0.aar (androidx.customview:customview-poolingcontainer:1.0.0) with AarTransform
Transforming core-ktx-1.13.1.aar (androidx.core:core-ktx:1.13.1) with ExtractAarTransform
Transforming core-ktx-1.13.1.aar (androidx.core:core-ktx:1.13.1) with AarTransform
Transforming room-runtime-2.6.1.aar (androidx.room:room-runtime:2.6.1) with ExtractAarTransform
Transforming room-runtime-2.6.1.aar (androidx.room:room-runtime:2.6.1) with AarTransform
Transforming room-ktx-2.6.1.aar (androidx.room:room-ktx:2.6.1) with ExtractAarTransform
Transforming room-ktx-2.6.1.aar (androidx.room:room-ktx:2.6.1) with AarTransform
Transforming runtime-saveable-release.aar (androidx.compose.runtime:runtime-saveable-android:1.7.5) with ExtractAarTransform
Transforming runtime-saveable-release.aar (androidx.compose.runtime:runtime-saveable-android:1.7.5) with AarTransform
Transforming runtime-release.aar (androidx.compose.runtime:runtime-android:1.7.5) with ExtractAarTransform
Transforming runtime-release.aar (androidx.compose.runtime:runtime-android:1.7.5) with AarTransform
Transforming sqlite-framework-2.4.0.aar (androidx.sqlite:sqlite-framework:2.4.0) with ExtractAarTransform
Transforming sqlite-framework-2.4.0.aar (androidx.sqlite:sqlite-framework:2.4.0) with AarTransform
Transforming sqlite-2.4.0.aar (androidx.sqlite:sqlite:2.4.0) with ExtractAarTransform
Transforming sqlite-2.4.0.aar (androidx.sqlite:sqlite:2.4.0) with AarTransform
Transforming annotation-experimental-1.4.1.aar (androidx.annotation:annotation-experimental:1.4.1) with ExtractAarTransform
Transforming annotation-experimental-1.4.1.aar (androidx.annotation:annotation-experimental:1.4.1) with AarTransform
Transforming versionedparcelable-1.1.1.aar (androidx.versionedparcelable:versionedparcelable:1.1.1) with ExtractAarTransform
Caching disabled for AarTransform: /home/runner/.gradle/caches/8.9/transforms/1ba716ea9832f4cdd27a3af6b046f466/transformed/activity-ktx-1.9.3 because:
  Caching not enabled.
Caching disabled for AarTransform: /home/runner/.gradle/caches/8.9/transforms/6beccf4f767597a191fb31811f827858/transformed/material3-release because:
  Caching not enabled.
Transforming versionedparcelable-1.1.1.aar (androidx.versionedparcelable:versionedparcelable:1.1.1) with AarTransform
Transforming core-runtime-2.2.0.aar (androidx.arch.core:core-runtime:2.2.0) with ExtractAarTransform
Transforming core-runtime-2.2.0.aar (androidx.arch.core:core-runtime:2.2.0) with AarTransform
Transforming interpolator-1.0.0.aar (androidx.interpolator:interpolator:1.0.0) with ExtractAarTransform
Transforming interpolator-1.0.0.aar (androidx.interpolator:interpolator:1.0.0) with AarTransform
Transforming profileinstaller-1.3.1.aar (androidx.profileinstaller:profileinstaller:1.3.1) with ExtractAarTransform
Transforming profileinstaller-1.3.1.aar (androidx.profileinstaller:profileinstaller:1.3.1) with AarTransform
Transforming startup-runtime-1.1.1.aar (androidx.startup:startup-runtime:1.1.1) with ExtractAarTransform
Transforming startup-runtime-1.1.1.aar (androidx.startup:startup-runtime:1.1.1) with AarTransform
Transforming tracing-1.0.0.aar (androidx.tracing:tracing:1.0.0) with ExtractAarTransform
Transforming tracing-1.0.0.aar (androidx.tracing:tracing:1.0.0) with AarTransform
Caching disabled for AarTransform: /home/runner/.gradle/caches/8.9/transforms/20bb4ecb2d1f41d90f8c372638e8eda8/transformed/material-release because:
  Caching not enabled.
Caching disabled for AarTransform: /home/runner/.gradle/caches/8.9/transforms/4d064680c13678dbc92ea204272de3ee/transformed/animation-core-release because:
  Caching not enabled.
Caching disabled for AarTransform: /home/runner/.gradle/caches/8.9/transforms/0e158db0061a783b86bf474f52255b87/transformed/material-ripple-release because:
  Caching not enabled.
Transforming dagger-lint-aar-2.52.aar (com.google.dagger:dagger-lint-aar:2.52) with ExtractAarTransform
Transforming dagger-lint-aar-2.52.aar (com.google.dagger:dagger-lint-aar:2.52) with AarTransform
Caching disabled for AarTransform: /home/runner/.gradle/caches/8.9/transforms/8f70f32cd13cf03b0ec4aa41fd018749/transformed/animation-release because:
  Caching not enabled.
Caching disabled for AarTransform: /home/runner/.gradle/caches/8.9/transforms/ecd05d80285a118575803319a89dc0c4/transformed/foundation-layout-release because:
  Caching not enabled.
Caching disabled for AarTransform: /home/runner/.gradle/caches/8.9/transforms/50b1902f5ec20fc13023b76fb9a599e6/transformed/foundation-release because:
  Caching not enabled.
Caching disabled for AarTransform: /home/runner/.gradle/caches/8.9/transforms/3fd716325c88c28b9a5f8e9eb9c70beb/transformed/ui-unit-release because:
  Caching not enabled.
Caching disabled for AarTransform: /home/runner/.gradle/caches/8.9/transforms/eedd67be0846ef762844f8ff3075834a/transformed/ui-tooling-data-release because:
  Caching not enabled.
Caching disabled for AarTransform: /home/runner/.gradle/caches/8.9/transforms/4ba26746e6a3026741c16394a3db0817/transformed/ui-util-release because:
  Caching not enabled.
Caching disabled for AarTransform: /home/runner/.gradle/caches/8.9/transforms/1a6c894bd7d73e041f848716192bee60/transformed/ui-tooling-preview-release because:
  Caching not enabled.
Caching disabled for AarTransform: /home/runner/.gradle/caches/8.9/transforms/ed652a239617376d903bece965b72e0c/transformed/ui-text-release because:
  Caching not enabled.
Caching disabled for AarTransform: /home/runner/.gradle/caches/8.9/transforms/9034bd43e79c9a519026d1cdfa19a03d/transformed/ui-geometry-release because:
  Caching not enabled.
Caching disabled for AarTransform: /home/runner/.gradle/caches/8.9/transforms/eb8ee0b21d6aa966a80bc93f20959e1d/transformed/ui-graphics-release because:
  Caching not enabled.
Caching disabled for AarTransform: /home/runner/.gradle/caches/8.9/transforms/377064f6a8a637067f11c20dccf96de9/transformed/ui-tooling-release because:
  Caching not enabled.
Caching disabled for AarTransform: /home/runner/.gradle/caches/8.9/transforms/0b22198a7488454fa14b7735f0f509eb/transformed/activity-compose-1.9.3 because:
  Caching not enabled.
Caching disabled for AarTransform: /home/runner/.gradle/caches/8.9/transforms/90932bdf55a6bc176d49667881ec7843/transformed/savedstate-ktx-1.2.1 because:
  Caching not enabled.
Caching disabled for AarTransform: /home/runner/.gradle/caches/8.9/transforms/a06a20b09cfe9d50558996bed72b9bac/transformed/loader-1.0.0 because:
  Caching not enabled.
Caching disabled for AarTransform: /home/runner/.gradle/caches/8.9/transforms/aa31e808e1b8b69495c21ddfdfea88cc/transformed/savedstate-1.2.1 because:
  Caching not enabled.
Caching disabled for AarTransform: /home/runner/.gradle/caches/8.9/transforms/962d0c0f47f07b6b05e11de92b7c147f/transformed/lifecycle-process-2.8.6 because:
  Caching not enabled.
Caching disabled for AarTransform: /home/runner/.gradle/caches/8.9/transforms/0522020dde5581db3657b7a4e1d103b5/transformed/lifecycle-livedata-core-ktx-2.8.6 because:
  Caching not enabled.
Caching disabled for AarTransform: /home/runner/.gradle/caches/8.9/transforms/e7dacae607132f83ac84f78c820c58db/transformed/emoji2-1.3.0 because:
  Caching not enabled.
Caching disabled for AarTransform: /home/runner/.gradle/caches/8.9/transforms/0b564fb7dcdb48d095b445cc31899d2f/transformed/lifecycle-livedata-2.8.6 because:
  Caching not enabled.
Caching disabled for AarTransform: /home/runner/.gradle/caches/8.9/transforms/90b89a176e7ec2395e669ca023f26edf/transformed/lifecycle-viewmodel-2.8.6 because:
  Caching not enabled.
Caching disabled for AarTransform: /home/runner/.gradle/caches/8.9/transforms/17fc0bc7bc5aa3696d5d672a2565c57a/transformed/lifecycle-viewmodel-release because:
  Caching not enabled.
Caching disabled for AarTransform: /home/runner/.gradle/caches/8.9/transforms/a01d1204b2223af9f8c26a2648120f4d/transformed/lifecycle-runtime-release because:
  Caching not enabled.
Caching disabled for AarTransform: /home/runner/.gradle/caches/8.9/transforms/0a3cd9da5b5b76b08145565a0b64e378/transformed/lifecycle-livedata-core-2.8.6 because:
  Caching not enabled.
Caching disabled for AarTransform: /home/runner/.gradle/caches/8.9/transforms/8b3d9602325ce4c2847a5ecc8178e8c0/transformed/lifecycle-viewmodel-ktx-2.8.6 because:
  Caching not enabled.
Caching disabled for AarTransform: /home/runner/.gradle/caches/8.9/transforms/32e6e848fb1ddd1db586378d1f473645/transformed/lifecycle-runtime-compose-release because:
  Caching not enabled.
Caching disabled for AarTransform: /home/runner/.gradle/caches/8.9/transforms/36c7df64eee3e12d89ac1ab86f5a80db/transformed/lifecycle-runtime-ktx-release because:
  Caching not enabled.
Caching disabled for AarTransform: /home/runner/.gradle/caches/8.9/transforms/bd48baa61b5e8859e94b8182a0905745/transformed/lifecycle-viewmodel-savedstate-2.8.6 because:
  Caching not enabled.
Caching disabled for AarTransform: /home/runner/.gradle/caches/8.9/transforms/c92df85f6d2f30283dc663aea998868a/transformed/lifecycle-viewmodel-compose-release because:
  Caching not enabled.
Caching disabled for AarTransform: /home/runner/.gradle/caches/8.9/transforms/bc12b5e8392d2688d2deea964b07e9a6/transformed/material-icons-extended-release because:
  Caching not enabled.
Caching disabled for AarTransform: /home/runner/.gradle/caches/8.9/transforms/f2dd91c7336c7cd395adedc68ed77786/transformed/material-icons-core-release because:
  Caching not enabled.
Caching disabled for AarTransform: /home/runner/.gradle/caches/8.9/transforms/fb395d79e2d72c7e008ece765567391a/transformed/ui-release because:
  Caching not enabled.
Caching disabled for AarTransform: /home/runner/.gradle/caches/8.9/transforms/e7da36e077eb0da19a460aac69da9908/transformed/viewpager-1.0.0 because:
  Caching not enabled.
Caching disabled for AarTransform: /home/runner/.gradle/caches/8.9/transforms/4c14aaf8029480c22ef47249c536049a/transformed/customview-1.0.0 because:
  Caching not enabled.
Caching disabled for AarTransform: /home/runner/.gradle/caches/8.9/transforms/338142dbc7d5dd547654c03215036f9e/transformed/graphics-path-1.0.1 because:
  Caching not enabled.
Caching disabled for AarTransform: /home/runner/.gradle/caches/8.9/transforms/1b582b7df9024784fcac930316c18bce/transformed/autofill-1.0.0 because:
  Caching not enabled.
Caching disabled for AarTransform: /home/runner/.gradle/caches/8.9/transforms/6bb7b87146d1e8f53e3dcff3d9228836/transformed/core-1.13.1 because:
  Caching not enabled.
Caching disabled for AarTransform: /home/runner/.gradle/caches/8.9/transforms/6f7a4f248d0d4b58cb58dea0baf15ed9/transformed/customview-poolingcontainer-1.0.0 because:
  Caching not enabled.
Caching disabled for AarTransform: /home/runner/.gradle/caches/8.9/transforms/1f2a64687fc539c15dce7cfbca954f60/transformed/room-ktx-2.6.1 because:
  Caching not enabled.
Caching disabled for AarTransform: /home/runner/.gradle/caches/8.9/transforms/4771675c2ad91221a74ebcde08c3d2e7/transformed/room-runtime-2.6.1 because:
  Caching not enabled.
Caching disabled for AarTransform: /home/runner/.gradle/caches/8.9/transforms/51e90ff84cd5fef82aca80c6b8df3077/transformed/core-ktx-1.13.1 because:
  Caching not enabled.
Caching disabled for AarTransform: /home/runner/.gradle/caches/8.9/transforms/00245606247db813ebab22482ea4f8d7/transformed/runtime-saveable-release because:
  Caching not enabled.
Caching disabled for AarTransform: /home/runner/.gradle/caches/8.9/transforms/df4013943e66f1429b5a2e86bf045b3a/transformed/runtime-release because:
  Caching not enabled.
Caching disabled for AarTransform: /home/runner/.gradle/caches/8.9/transforms/3f2696bb538fb0b131221edd46a4f7b5/transformed/sqlite-framework-2.4.0 because:
  Caching not enabled.
Caching disabled for AarTransform: /home/runner/.gradle/caches/8.9/transforms/e0fce34334d8005a80bf909fb8965fe0/transformed/sqlite-2.4.0 because:
  Caching not enabled.
Caching disabled for AarTransform: /home/runner/.gradle/caches/8.9/transforms/9cc5beac71432b0c6f2e25728a1cf157/transformed/annotation-experimental-1.4.1 because:
  Caching not enabled.
Caching disabled for AarTransform: /home/runner/.gradle/caches/8.9/transforms/26521b8577051a04bc5676e0dc51bde1/transformed/versionedparcelable-1.1.1 because:
  Caching not enabled.
Caching disabled for AarTransform: /home/runner/.gradle/caches/8.9/transforms/a4f557f063ee99600f1e6f12798dbe7c/transformed/interpolator-1.0.0 because:
  Caching not enabled.
Caching disabled for AarTransform: /home/runner/.gradle/caches/8.9/transforms/74c50b0611733beee6223550345399db/transformed/core-runtime-2.2.0 because:
  Caching not enabled.
Caching disabled for AarTransform: /home/runner/.gradle/caches/8.9/transforms/53dfbc140237e96b44247be42456c9e3/transformed/profileinstaller-1.3.1 because:
  Caching not enabled.
Caching disabled for AarTransform: /home/runner/.gradle/caches/8.9/transforms/497791f0725a98193454277ae9dee35b/transformed/startup-runtime-1.1.1 because:
  Caching not enabled.
Caching disabled for AarTransform: /home/runner/.gradle/caches/8.9/transforms/b405d1de32934466a5d6fb0ed11cecfd/transformed/dagger-lint-aar-2.52 because:
  Caching not enabled.
Caching disabled for AarTransform: /home/runner/.gradle/caches/8.9/transforms/cd9ad7fcd4eb9a21b34852de4022b6d0/transformed/tracing-1.0.0 because:
  Caching not enabled.
Caching disabled for task ':app:mergeDebugAssets' because:
  Simple merging task
Task ':app:mergeDebugAssets' is not up-to-date because:
  No history is available.
The input changes require a full rebuild for incremental task ':app:mergeDebugAssets'.
Resolve mutations for :app:compressDebugAssets (Thread[Execution worker Thread 3,5,main]) started.
:app:compressDebugAssets (Thread[Execution worker Thread 3,5,main]) started.

> Task :app:compressDebugAssets
Build cache key for task ':app:compressDebugAssets' is f70ee47a183f126b77db9d4c5e23d4b4
Task ':app:compressDebugAssets' is not up-to-date because:
  No history is available.
The input changes require a full rebuild for incremental task ':app:compressDebugAssets'.
Stored cache entry for task ':app:compressDebugAssets' with cache key f70ee47a183f126b77db9d4c5e23d4b4
Resolve mutations for :app:desugarDebugFileDependencies (Thread[Execution worker Thread 2,5,main]) started.
:app:desugarDebugFileDependencies (Thread[Execution worker Thread 2,5,main]) started.

> Task :app:desugarDebugFileDependencies
Build cache key for task ':app:desugarDebugFileDependencies' is 53b244f980c38c35a9388975cfab6b52
Task ':app:desugarDebugFileDependencies' is not up-to-date because:
  No history is available.
Stored cache entry for task ':app:desugarDebugFileDependencies' with cache key 53b244f980c38c35a9388975cfab6b52
Resolve mutations for :app:checkDebugDuplicateClasses (Thread[Execution worker Thread 2,5,main]) started.
:app:checkDebugDuplicateClasses (Thread[Execution worker Thread 2,5,main]) started.

> Task :app:processDebugManifestForPackage
Custom actions are attached to task ':app:processDebugManifestForPackage'.
Build cache key for task ':app:processDebugManifestForPackage' is ccf45a99e2a9ea16b921f9d74e7479ec
Task ':app:processDebugManifestForPackage' is not up-to-date because:
  No history is available.

Resolve mutations for :app:mergeDebugJniLibFolders (Thread[Execution worker Thread 3,5,main]) started.
:app:mergeDebugJniLibFolders (Thread[Execution worker Thread 3,5,main]) started.

> Task :app:mergeDebugJniLibFolders
Caching disabled for task ':app:mergeDebugJniLibFolders' because:
  Simple merging task
Task ':app:mergeDebugJniLibFolders' is not up-to-date because:
  No history is available.
The input changes require a full rebuild for incremental task ':app:mergeDebugJniLibFolders'.
Resolve mutations for :app:mergeDebugNativeLibs (Thread[Execution worker Thread 3,5,main]) started.
:app:mergeDebugNativeLibs (Thread[Execution worker Thread 3,5,main]) started.

> Task :app:checkDebugDuplicateClasses
Transforming hilt-navigation-compose-1.2.0.aar (androidx.hilt:hilt-navigation-compose:1.2.0) with AarToClassTransform
Transforming hilt-navigation-1.2.0.aar (androidx.hilt:hilt-navigation:1.2.0) with AarToClassTransform
Transforming navigation-common-2.8.3.aar (androidx.navigation:navigation-common:2.8.3) with AarToClassTransform
Transforming navigation-runtime-2.8.3.aar (androidx.navigation:navigation-runtime:2.8.3) with AarToClassTransform
Transforming navigation-common-ktx-2.8.3.aar (androidx.navigation:navigation-common-ktx:2.8.3) with AarToClassTransform
Transforming navigation-runtime-ktx-2.8.3.aar (androidx.navigation:navigation-runtime-ktx:2.8.3) with AarToClassTransform
Transforming navigation-compose-2.8.3.aar (androidx.navigation:navigation-compose:2.8.3) with AarToClassTransform
Transforming hilt-android-2.52.aar (com.google.dagger:hilt-android:2.52) with AarToClassTransform
Transforming fragment-1.5.1.aar (androidx.fragment:fragment:1.5.1) with AarToClassTransform
Transforming activity-1.9.3.aar (androidx.activity:activity:1.9.3) with AarToClassTransform
Transforming activity-ktx-1.9.3.aar (androidx.activity:activity-ktx:1.9.3) with AarToClassTransform
Transforming material3-release.aar (androidx.compose.material3:material3-android:1.3.1) with AarToClassTransform
Transforming material-release.aar (androidx.compose.material:material-android:1.7.5) with AarToClassTransform
Caching disabled for AarToClassTransform: /home/runner/.gradle/caches/modules-2/files-2.1/androidx.hilt/hilt-navigation-compose/1.2.0/d54c5166aca7bdaa595a8b952ff4d9d19a5ada10/hilt-navigation-compose-1.2.0.aar because:
  Caching not enabled.
Transforming animation-core-release.aar (androidx.compose.animation:animation-core-android:1.7.5) with AarToClassTransform
Transforming material-ripple-release.aar (androidx.compose.material:material-ripple-android:1.7.5) with AarToClassTransform
Transforming animation-release.aar (androidx.compose.animation:animation-android:1.7.5) with AarToClassTransform
Transforming foundation-layout-release.aar (androidx.compose.foundation:foundation-layout-android:1.7.5) with AarToClassTransform
Transforming foundation-release.aar (androidx.compose.foundation:foundation-android:1.7.5) with AarToClassTransform
Transforming ui-tooling-data-release.aar (androidx.compose.ui:ui-tooling-data-android:1.7.5) with AarToClassTransform
Transforming ui-unit-release.aar (androidx.compose.ui:ui-unit-android:1.7.5) with AarToClassTransform
Transforming ui-geometry-release.aar (androidx.compose.ui:ui-geometry-android:1.7.5) with AarToClassTransform
Transforming ui-util-release.aar (androidx.compose.ui:ui-util-android:1.7.5) with AarToClassTransform
Transforming ui-text-release.aar (androidx.compose.ui:ui-text-android:1.7.5) with AarToClassTransform
Transforming ui-tooling-preview-release.aar (androidx.compose.ui:ui-tooling-preview-android:1.7.5) with AarToClassTransform
Transforming ui-graphics-release.aar (androidx.compose.ui:ui-graphics-android:1.7.5) with AarToClassTransform
Transforming ui-tooling-release.aar (androidx.compose.ui:ui-tooling-android:1.7.5) with AarToClassTransform
Transforming activity-compose-1.9.3.aar (androidx.activity:activity-compose:1.9.3) with AarToClassTransform
Transforming savedstate-ktx-1.2.1.aar (androidx.savedstate:savedstate-ktx:1.2.1) with AarToClassTransform
Transforming savedstate-1.2.1.aar (androidx.savedstate:savedstate:1.2.1) with AarToClassTransform
Transforming loader-1.0.0.aar (androidx.loader:loader:1.0.0) with AarToClassTransform
Transforming emoji2-1.3.0.aar (androidx.emoji2:emoji2:1.3.0) with AarToClassTransform
Transforming lifecycle-process-2.8.6.aar (androidx.lifecycle:lifecycle-process:2.8.6) with AarToClassTransform
Transforming lifecycle-livedata-core-ktx-2.8.6.aar (androidx.lifecycle:lifecycle-livedata-core-ktx:2.8.6) with AarToClassTransform
Transforming lifecycle-livedata-2.8.6.aar (androidx.lifecycle:lifecycle-livedata:2.8.6) with AarToClassTransform
Transforming lifecycle-viewmodel-2.8.6.aar (androidx.lifecycle:lifecycle-viewmodel:2.8.6) with AarToClassTransform
Transforming lifecycle-viewmodel-release.aar (androidx.lifecycle:lifecycle-viewmodel-android:2.8.6) with AarToClassTransform
Caching disabled for AarToClassTransform: /home/runner/.gradle/caches/modules-2/files-2.1/androidx.hilt/hilt-navigation/1.2.0/172a6ed851b46928d0dc290f2f82e356b63ed523/hilt-navigation-1.2.0.aar because:
  Caching not enabled.
Transforming lifecycle-runtime-release.aar (androidx.lifecycle:lifecycle-runtime-android:2.8.6) with AarToClassTransform
Transforming lifecycle-livedata-core-2.8.6.aar (androidx.lifecycle:lifecycle-livedata-core:2.8.6) with AarToClassTransform
Transforming lifecycle-viewmodel-ktx-2.8.6.aar (androidx.lifecycle:lifecycle-viewmodel-ktx:2.8.6) with AarToClassTransform
Caching disabled for AarToClassTransform: /home/runner/.gradle/caches/modules-2/files-2.1/androidx.navigation/navigation-common/2.8.3/8e0e7768b8646f3cef39ae53bdaefa76410023c7/navigation-common-2.8.3.aar because:
  Caching not enabled.
Transforming lifecycle-viewmodel-savedstate-2.8.6.aar (androidx.lifecycle:lifecycle-viewmodel-savedstate:2.8.6) with AarToClassTransform
Transforming lifecycle-runtime-compose-release.aar (androidx.lifecycle:lifecycle-runtime-compose-android:2.8.6) with AarToClassTransform
Transforming lifecycle-runtime-ktx-release.aar (androidx.lifecycle:lifecycle-runtime-ktx-android:2.8.6) with AarToClassTransform
Transforming lifecycle-viewmodel-compose-release.aar (androidx.lifecycle:lifecycle-viewmodel-compose-android:2.8.6) with AarToClassTransform
Transforming material-icons-extended-release.aar (androidx.compose.material:material-icons-extended-android:1.7.5) with AarToClassTransform
Transforming material-icons-core-release.aar (androidx.compose.material:material-icons-core-android:1.7.5) with AarToClassTransform
Transforming ui-release.aar (androidx.compose.ui:ui-android:1.7.5) with AarToClassTransform
Transforming viewpager-1.0.0.aar (androidx.viewpager:viewpager:1.0.0) with AarToClassTransform
Transforming autofill-1.0.0.aar (androidx.autofill:autofill:1.0.0) with AarToClassTransform
Transforming graphics-path-1.0.1.aar (androidx.graphics:graphics-path:1.0.1) with AarToClassTransform
Transforming customview-1.0.0.aar (androidx.customview:customview:1.0.0) with AarToClassTransform
Transforming core-1.13.1.aar (androidx.core:core:1.13.1) with AarToClassTransform
Transforming core-1.13.1.aar (androidx.core:core:1.13.1) with AarToClassTransform
Transforming core-1.13.1.aar (androidx.core:core:1.13.1) with AarToClassTransform
Transforming core-1.13.1.aar (androidx.core:core:1.13.1) with AarToClassTransform
Transforming core-1.13.1.aar (androidx.core:core:1.13.1) with AarToClassTransform
Transforming customview-poolingcontainer-1.0.0.aar (androidx.customview:customview-poolingcontainer:1.0.0) with AarToClassTransform
Transforming core-ktx-1.13.1.aar (androidx.core:core-ktx:1.13.1) with AarToClassTransform
Transforming room-common-2.6.1.jar (androidx.room:room-common:2.6.1) with IdentityTransform
Transforming room-runtime-2.6.1.aar (androidx.room:room-runtime:2.6.1) with AarToClassTransform
Transforming room-ktx-2.6.1.aar (androidx.room:room-ktx:2.6.1) with AarToClassTransform
Transforming runtime-saveable-release.aar (androidx.compose.runtime:runtime-saveable-android:1.7.5) with AarToClassTransform
Transforming runtime-release.aar (androidx.compose.runtime:runtime-android:1.7.5) with AarToClassTransform
Transforming sqlite-framework-2.4.0.aar (androidx.sqlite:sqlite-framework:2.4.0) with AarToClassTransform
Transforming sqlite-2.4.0.aar (androidx.sqlite:sqlite:2.4.0) with AarToClassTransform
Transforming annotation-experimental-1.4.1.aar (androidx.annotation:annotation-experimental:1.4.1) with AarToClassTransform
Transforming versionedparcelable-1.1.1.aar (androidx.versionedparcelable:versionedparcelable:1.1.1) with AarToClassTransform
Transforming core-runtime-2.2.0.aar (androidx.arch.core:core-runtime:2.2.0) with AarToClassTransform
Transforming interpolator-1.0.0.aar (androidx.interpolator:interpolator:1.0.0) with AarToClassTransform
Transforming profileinstaller-1.3.1.aar (androidx.profileinstaller:profileinstaller:1.3.1) with AarToClassTransform
Transforming startup-runtime-1.1.1.aar (androidx.startup:startup-runtime:1.1.1) with AarToClassTransform
Transforming tracing-1.0.0.aar (androidx.tracing:tracing:1.0.0) with AarToClassTransform
Transforming dagger-2.52.jar (com.google.dagger:dagger:2.52) with IdentityTransform
Transforming dagger-lint-aar-2.52.aar (com.google.dagger:dagger-lint-aar:2.52) with AarToClassTransform
Transforming jsr305-3.0.2.jar (com.google.code.findbugs:jsr305:3.0.2) with IdentityTransform
Transforming javax.inject-1.jar (javax.inject:javax.inject:1) with IdentityTransform
Transforming jakarta.inject-api-2.0.1.jar (jakarta.inject:jakarta.inject-api:2.0.1) with IdentityTransform
Caching disabled for AarToClassTransform: /home/runner/.gradle/caches/modules-2/files-2.1/androidx.navigation/navigation-runtime/2.8.3/e7d49aae4d8831e93f692e70681d9a2e90232af2/navigation-runtime-2.8.3.aar because:
  Caching not enabled.
Transforming hilt-navigation-1.2.0.aar (androidx.hilt:hilt-navigation:1.2.0) with EnumerateClassesTransform
Transforming hilt-navigation-compose-1.2.0.aar (androidx.hilt:hilt-navigation-compose:1.2.0) with EnumerateClassesTransform
Build cache key for EnumerateClassesTransform: /home/runner/.gradle/caches/8.9/transforms/98dd79f08e845431a97eef6ad15f95e4/transformed/hilt-navigation-1.2.0-runtime.jar is ff788d61533c0bdf7dd8763100146977
Build cache key for EnumerateClassesTransform: /home/runner/.gradle/caches/8.9/transforms/eaa8b5be14eddcbca0754fa7508a84fd/transformed/hilt-navigation-compose-1.2.0-runtime.jar is a8b0890176758100a39587983f3cb8b6
Transforming navigation-runtime-2.8.3.aar (androidx.navigation:navigation-runtime:2.8.3) with EnumerateClassesTransform
Build cache key for EnumerateClassesTransform: /home/runner/.gradle/caches/8.9/transforms/6ed35c4ecbd1b656e7e62f91b8dc514e/transformed/navigation-runtime-2.8.3-runtime.jar is 4314dadc2f2da66895da259f3fc7e141
Stored cache entry for EnumerateClassesTransform: /home/runner/.gradle/caches/8.9/transforms/eaa8b5be14eddcbca0754fa7508a84fd/transformed/hilt-navigation-compose-1.2.0-runtime.jar with cache key a8b0890176758100a39587983f3cb8b6
Caching disabled for AarToClassTransform: /home/runner/.gradle/caches/modules-2/files-2.1/androidx.navigation/navigation-common-ktx/2.8.3/268566962c2242a727f24321bfd56591931af325/navigation-common-ktx-2.8.3.aar because:
  Caching not enabled.
Transforming navigation-common-ktx-2.8.3.aar (androidx.navigation:navigation-common-ktx:2.8.3) with EnumerateClassesTransform
Build cache key for EnumerateClassesTransform: /home/runner/.gradle/caches/8.9/transforms/f3774dad6d51c1b8637ff67d12da1e1c/transformed/navigation-common-ktx-2.8.3-runtime.jar is ebee08bd7209108aa80902f23317623c
Stored cache entry for EnumerateClassesTransform: /home/runner/.gradle/caches/8.9/transforms/98dd79f08e845431a97eef6ad15f95e4/transformed/hilt-navigation-1.2.0-runtime.jar with cache key ff788d61533c0bdf7dd8763100146977
Stored cache entry for EnumerateClassesTransform: /home/runner/.gradle/caches/8.9/transforms/6ed35c4ecbd1b656e7e62f91b8dc514e/transformed/navigation-runtime-2.8.3-runtime.jar with cache key 4314dadc2f2da66895da259f3fc7e141
Caching disabled for AarToClassTransform: /home/runner/.gradle/caches/modules-2/files-2.1/androidx.navigation/navigation-runtime-ktx/2.8.3/f063bf8bde2d8bb14439cccd3107d83d9b370a22/navigation-runtime-ktx-2.8.3.aar because:
  Caching not enabled.
Caching disabled for AarToClassTransform: /home/runner/.gradle/caches/modules-2/files-2.1/androidx.navigation/navigation-compose/2.8.3/51a3dc042bb316ac7b49d73ad6eacecc6f6dd97/navigation-compose-2.8.3.aar because:
  Caching not enabled.
Stored cache entry for EnumerateClassesTransform: /home/runner/.gradle/caches/8.9/transforms/f3774dad6d51c1b8637ff67d12da1e1c/transformed/navigation-common-ktx-2.8.3-runtime.jar with cache key ebee08bd7209108aa80902f23317623c
Transforming navigation-common-2.8.3.aar (androidx.navigation:navigation-common:2.8.3) with EnumerateClassesTransform
Transforming navigation-runtime-ktx-2.8.3.aar (androidx.navigation:navigation-runtime-ktx:2.8.3) with EnumerateClassesTransform
Build cache key for EnumerateClassesTransform: /home/runner/.gradle/caches/8.9/transforms/e28cdf7b481aa7b16d9872173b701b0a/transformed/navigation-runtime-ktx-2.8.3-runtime.jar is 24304198b433b6616e8c946177a24dc5
Caching disabled for AarToClassTransform: /home/runner/.gradle/caches/modules-2/files-2.1/com.google.dagger/hilt-android/2.52/4ed93e32d1cb26b5457daf04fc9a927e7ab9796b/hilt-android-2.52.aar because:
  Caching not enabled.
Build cache key for EnumerateClassesTransform: /home/runner/.gradle/caches/8.9/transforms/268ceda788f247b2f131af588c6b361d/transformed/navigation-common-2.8.3-runtime.jar is 263267386cbe693bea67b66ec7149ae8
Stored cache entry for EnumerateClassesTransform: /home/runner/.gradle/caches/8.9/transforms/e28cdf7b481aa7b16d9872173b701b0a/transformed/navigation-runtime-ktx-2.8.3-runtime.jar with cache key 24304198b433b6616e8c946177a24dc5
Caching disabled for AarToClassTransform: /home/runner/.gradle/caches/modules-2/files-2.1/androidx.fragment/fragment/1.5.1/39660bdcb1ed2c71e181ec3ac7dbfa65fc0f701f/fragment-1.5.1.aar because:
  Caching not enabled.
Transforming navigation-compose-2.8.3.aar (androidx.navigation:navigation-compose:2.8.3) with EnumerateClassesTransform
Stored cache entry for EnumerateClassesTransform: /home/runner/.gradle/caches/8.9/transforms/268ceda788f247b2f131af588c6b361d/transformed/navigation-common-2.8.3-runtime.jar with cache key 263267386cbe693bea67b66ec7149ae8
Build cache key for EnumerateClassesTransform: /home/runner/.gradle/caches/8.9/transforms/8e08d6559ecbc35129fe03bc7d32ebf3/transformed/navigation-compose-2.8.3-runtime.jar is cc017bfc44d6c895f3200f965965d186
Caching disabled for AarToClassTransform: /home/runner/.gradle/caches/modules-2/files-2.1/androidx.activity/activity/1.9.3/643a69bf29d8eaedac8bd2974296d15a8748ba54/activity-1.9.3.aar because:
  Caching not enabled.
Stored cache entry for EnumerateClassesTransform: /home/runner/.gradle/caches/8.9/transforms/8e08d6559ecbc35129fe03bc7d32ebf3/transformed/navigation-compose-2.8.3-runtime.jar with cache key cc017bfc44d6c895f3200f965965d186
Transforming hilt-android-2.52.aar (com.google.dagger:hilt-android:2.52) with EnumerateClassesTransform
Caching disabled for AarToClassTransform: /home/runner/.gradle/caches/modules-2/files-2.1/androidx.activity/activity-ktx/1.9.3/a1ac8704cfd955139ae60b07a8fcfc6cab8f218b/activity-ktx-1.9.3.aar because:
  Caching not enabled.
Build cache key for EnumerateClassesTransform: /home/runner/.gradle/caches/8.9/transforms/4cb2b2b4b95e8b88cfe0b8e94115f288/transformed/hilt-android-2.52-runtime.jar is 37713b9114901e06b56f499d33c5c97a
Transforming activity-ktx-1.9.3.aar (androidx.activity:activity-ktx:1.9.3) with EnumerateClassesTransform
Build cache key for EnumerateClassesTransform: /home/runner/.gradle/caches/8.9/transforms/e2ca63e6c6c5b826e79ae3e0b5c79437/transformed/activity-ktx-1.9.3-runtime.jar is 594c37cabcff567035cf69b293328d5f
Stored cache entry for EnumerateClassesTransform: /home/runner/.gradle/caches/8.9/transforms/4cb2b2b4b95e8b88cfe0b8e94115f288/transformed/hilt-android-2.52-runtime.jar with cache key 37713b9114901e06b56f499d33c5c97a
Caching disabled for AarToClassTransform: /home/runner/.gradle/caches/modules-2/files-2.1/androidx.compose.material3/material3-android/1.3.1/98016d623b96c25adbc6498aabf07507de258a62/material3-release.aar because:
  Caching not enabled.
Stored cache entry for EnumerateClassesTransform: /home/runner/.gradle/caches/8.9/transforms/e2ca63e6c6c5b826e79ae3e0b5c79437/transformed/activity-ktx-1.9.3-runtime.jar with cache key 594c37cabcff567035cf69b293328d5f
Caching disabled for AarToClassTransform: /home/runner/.gradle/caches/modules-2/files-2.1/androidx.compose.material/material-android/1.7.5/3df3003c21179f8847a0f9f658e84b3b5d0c3668/material-release.aar because:
  Caching not enabled.
Transforming activity-1.9.3.aar (androidx.activity:activity:1.9.3) with EnumerateClassesTransform
Transforming fragment-1.5.1.aar (androidx.fragment:fragment:1.5.1) with EnumerateClassesTransform
Build cache key for EnumerateClassesTransform: /home/runner/.gradle/caches/8.9/transforms/01b190a6ea7e323166a2453d207e7af1/transformed/activity-1.9.3-runtime.jar is f41053fdb51f070a0078ea7dc7bae1f2
Build cache key for EnumerateClassesTransform: /home/runner/.gradle/caches/8.9/transforms/e61a5b8f2f79590ebc5684d33299235b/transformed/fragment-1.5.1-runtime.jar is 18493effa73a5ed114232b87791f53df
Stored cache entry for EnumerateClassesTransform: /home/runner/.gradle/caches/8.9/transforms/01b190a6ea7e323166a2453d207e7af1/transformed/activity-1.9.3-runtime.jar with cache key f41053fdb51f070a0078ea7dc7bae1f2
Caching disabled for AarToClassTransform: /home/runner/.gradle/caches/modules-2/files-2.1/androidx.compose.animation/animation-core-android/1.7.5/67d7ebb3f53921a605ce41e5b9ba5a212c7646b/animation-core-release.aar because:
  Caching not enabled.
Stored cache entry for EnumerateClassesTransform: /home/runner/.gradle/caches/8.9/transforms/e61a5b8f2f79590ebc5684d33299235b/transformed/fragment-1.5.1-runtime.jar with cache key 18493effa73a5ed114232b87791f53df
Caching disabled for AarToClassTransform: /home/runner/.gradle/caches/modules-2/files-2.1/androidx.compose.material/material-ripple-android/1.7.5/d7265412c8281e6499f15024a3326a6730989bda/material-ripple-release.aar because:
  Caching not enabled.
Transforming material-ripple-release.aar (androidx.compose.material:material-ripple-android:1.7.5) with EnumerateClassesTransform
Build cache key for EnumerateClassesTransform: /home/runner/.gradle/caches/8.9/transforms/d96d86a4d4f5cfde43d681fcb30966e6/transformed/material-ripple-release-runtime.jar is d95aca137c6f71929a96d04f379e8350
Transforming animation-core-release.aar (androidx.compose.animation:animation-core-android:1.7.5) with EnumerateClassesTransform
Stored cache entry for EnumerateClassesTransform: /home/runner/.gradle/caches/8.9/transforms/d96d86a4d4f5cfde43d681fcb30966e6/transformed/material-ripple-release-runtime.jar with cache key d95aca137c6f71929a96d04f379e8350
Caching disabled for AarToClassTransform: /home/runner/.gradle/caches/modules-2/files-2.1/androidx.compose.animation/animation-android/1.7.5/d56bb7dc853b96d72639feafa479f2236515d12b/animation-release.aar because:
  Caching not enabled.
Build cache key for EnumerateClassesTransform: /home/runner/.gradle/caches/8.9/transforms/5555cedc04ebf68aa8b864f3fa523775/transformed/animation-core-release-runtime.jar is a8861d27d05ea2af31fffc48e841f21d
Stored cache entry for EnumerateClassesTransform: /home/runner/.gradle/caches/8.9/transforms/5555cedc04ebf68aa8b864f3fa523775/transformed/animation-core-release-runtime.jar with cache key a8861d27d05ea2af31fffc48e841f21d
Caching disabled for AarToClassTransform: /home/runner/.gradle/caches/modules-2/files-2.1/androidx.compose.foundation/foundation-layout-android/1.7.5/2ff3103d05c2a020ba83e316099c322a7366f4bd/foundation-layout-release.aar because:
  Caching not enabled.
Transforming animation-release.aar (androidx.compose.animation:animation-android:1.7.5) with EnumerateClassesTransform
Build cache key for EnumerateClassesTransform: /home/runner/.gradle/caches/8.9/transforms/2bdf1db01a4a6ed05098435e4e8a935c/transformed/animation-release-runtime.jar is 43061c87342817f37fc882f817c7dcbb
Stored cache entry for EnumerateClassesTransform: /home/runner/.gradle/caches/8.9/transforms/2bdf1db01a4a6ed05098435e4e8a935c/transformed/animation-release-runtime.jar with cache key 43061c87342817f37fc882f817c7dcbb
Caching disabled for AarToClassTransform: /home/runner/.gradle/caches/modules-2/files-2.1/androidx.compose.foundation/foundation-android/1.7.5/deb4ec7d76431ce2a9179f702cfe17db099196cb/foundation-release.aar because:
  Caching not enabled.
Transforming foundation-layout-release.aar (androidx.compose.foundation:foundation-layout-android:1.7.5) with EnumerateClassesTransform
Build cache key for EnumerateClassesTransform: /home/runner/.gradle/caches/8.9/transforms/dc953fecf832cd2921d4b044aab9422f/transformed/foundation-layout-release-runtime.jar is 33809c479075873a1e9a56a5b7000b6b
Transforming material-release.aar (androidx.compose.material:material-android:1.7.5) with EnumerateClassesTransform
Stored cache entry for EnumerateClassesTransform: /home/runner/.gradle/caches/8.9/transforms/dc953fecf832cd2921d4b044aab9422f/transformed/foundation-layout-release-runtime.jar with cache key 33809c479075873a1e9a56a5b7000b6b
Caching disabled for AarToClassTransform: /home/runner/.gradle/caches/modules-2/files-2.1/androidx.compose.ui/ui-tooling-data-android/1.7.5/80e9cd9cbb50d2e7f7dc2500e1aea464e3dc4988/ui-tooling-data-release.aar because:
  Caching not enabled.
Transforming ui-tooling-data-release.aar (androidx.compose.ui:ui-tooling-data-android:1.7.5) with EnumerateClassesTransform
Build cache key for EnumerateClassesTransform: /home/runner/.gradle/caches/8.9/transforms/a7b25ddee49c31b93c5aad943359fd06/transformed/ui-tooling-data-release-runtime.jar is c1126a5e467f879900278df8e653d694
Stored cache entry for EnumerateClassesTransform: /home/runner/.gradle/caches/8.9/transforms/a7b25ddee49c31b93c5aad943359fd06/transformed/ui-tooling-data-release-runtime.jar with cache key c1126a5e467f879900278df8e653d694
Caching disabled for AarToClassTransform: /home/runner/.gradle/caches/modules-2/files-2.1/androidx.compose.ui/ui-unit-android/1.7.5/e8fc180297c7d6961de79fbcfc1401ef5c28248c/ui-unit-release.aar because:
  Caching not enabled.
Build cache key for EnumerateClassesTransform: /home/runner/.gradle/caches/8.9/transforms/389fc5e8ad39a180c631c78524433f1e/transformed/material-release-runtime.jar is e0d2b8ec9886ee48929f9abe6bcae982
Transforming ui-unit-release.aar (androidx.compose.ui:ui-unit-android:1.7.5) with EnumerateClassesTransform
Build cache key for EnumerateClassesTransform: /home/runner/.gradle/caches/8.9/transforms/f765591b12aab4b508dd8a135a2d71a3/transformed/ui-unit-release-runtime.jar is ca5d65a0bb2c745b0ddf7b74bb137522
Stored cache entry for EnumerateClassesTransform: /home/runner/.gradle/caches/8.9/transforms/f765591b12aab4b508dd8a135a2d71a3/transformed/ui-unit-release-runtime.jar with cache key ca5d65a0bb2c745b0ddf7b74bb137522
Caching disabled for AarToClassTransform: /home/runner/.gradle/caches/modules-2/files-2.1/androidx.compose.ui/ui-geometry-android/1.7.5/c996445d52a1b07ca80b57c45815fed13ae7a642/ui-geometry-release.aar because:
  Caching not enabled.
Stored cache entry for EnumerateClassesTransform: /home/runner/.gradle/caches/8.9/transforms/389fc5e8ad39a180c631c78524433f1e/transformed/material-release-runtime.jar with cache key e0d2b8ec9886ee48929f9abe6bcae982
Caching disabled for AarToClassTransform: /home/runner/.gradle/caches/modules-2/files-2.1/androidx.compose.ui/ui-util-android/1.7.5/2c5e20d991a91858d1de801663b2dd804fdbcbaf/ui-util-release.aar because:
  Caching not enabled.
Transforming ui-geometry-release.aar (androidx.compose.ui:ui-geometry-android:1.7.5) with EnumerateClassesTransform
Transforming ui-util-release.aar (androidx.compose.ui:ui-util-android:1.7.5) with EnumerateClassesTransform
Build cache key for EnumerateClassesTransform: /home/runner/.gradle/caches/8.9/transforms/423915b97f5ad8343ce339e0b12dfc77/transformed/ui-geometry-release-runtime.jar is 7804bae75579a15393ca47e740945cb9
Build cache key for EnumerateClassesTransform: /home/runner/.gradle/caches/8.9/transforms/25a5365cfa981668c3b2c9560a6a6e22/transformed/ui-util-release-runtime.jar is 9a631cb43d108ef6e054b32e93de2e81
Stored cache entry for EnumerateClassesTransform: /home/runner/.gradle/caches/8.9/transforms/423915b97f5ad8343ce339e0b12dfc77/transformed/ui-geometry-release-runtime.jar with cache key 7804bae75579a15393ca47e740945cb9
Stored cache entry for EnumerateClassesTransform: /home/runner/.gradle/caches/8.9/transforms/25a5365cfa981668c3b2c9560a6a6e22/transformed/ui-util-release-runtime.jar with cache key 9a631cb43d108ef6e054b32e93de2e81
Caching disabled for AarToClassTransform: /home/runner/.gradle/caches/modules-2/files-2.1/androidx.compose.ui/ui-text-android/1.7.5/9061ff3d05e3be0121a43b71b38289f0723ba0a8/ui-text-release.aar because:
  Caching not enabled.
Caching disabled for AarToClassTransform: /home/runner/.gradle/caches/modules-2/files-2.1/androidx.compose.ui/ui-tooling-preview-android/1.7.5/dee9e0705b2a4d3ed51bacde81be81d96cde6aad/ui-tooling-preview-release.aar because:
  Caching not enabled.
Transforming ui-tooling-preview-release.aar (androidx.compose.ui:ui-tooling-preview-android:1.7.5) with EnumerateClassesTransform
Build cache key for EnumerateClassesTransform: /home/runner/.gradle/caches/8.9/transforms/a3dc0e69b240c442a8bee4dc28fbf2d3/transformed/ui-tooling-preview-release-runtime.jar is 7e45e5e8e494270fac9095596303a7cc
Stored cache entry for EnumerateClassesTransform: /home/runner/.gradle/caches/8.9/transforms/a3dc0e69b240c442a8bee4dc28fbf2d3/transformed/ui-tooling-preview-release-runtime.jar with cache key 7e45e5e8e494270fac9095596303a7cc
Caching disabled for AarToClassTransform: /home/runner/.gradle/caches/modules-2/files-2.1/androidx.compose.ui/ui-graphics-android/1.7.5/cfa7668e2a926c316310b7ac8c544a23ce32dd89/ui-graphics-release.aar because:
  Caching not enabled.
Transforming ui-graphics-release.aar (androidx.compose.ui:ui-graphics-android:1.7.5) with EnumerateClassesTransform
Transforming foundation-release.aar (androidx.compose.foundation:foundation-android:1.7.5) with EnumerateClassesTransform
Build cache key for EnumerateClassesTransform: /home/runner/.gradle/caches/8.9/transforms/d8b35aaa5e0e643f9a096f89934ceedb/transformed/ui-graphics-release-runtime.jar is 2a1fd847ace8a874de376309cd59fee5
Stored cache entry for EnumerateClassesTransform: /home/runner/.gradle/caches/8.9/transforms/d8b35aaa5e0e643f9a096f89934ceedb/transformed/ui-graphics-release-runtime.jar with cache key 2a1fd847ace8a874de376309cd59fee5
Transforming material3-release.aar (androidx.compose.material3:material3-android:1.3.1) with EnumerateClassesTransform
Caching disabled for AarToClassTransform: /home/runner/.gradle/caches/modules-2/files-2.1/androidx.compose.ui/ui-tooling-android/1.7.5/6a998a8562da7474ee0391915e5843eac1e4cd54/ui-tooling-release.aar because:
  Caching not enabled.
Transforming ui-text-release.aar (androidx.compose.ui:ui-text-android:1.7.5) with EnumerateClassesTransform
Build cache key for EnumerateClassesTransform: /home/runner/.gradle/caches/8.9/transforms/cface243e2e468e61dc8fcaed19d1fdd/transformed/ui-text-release-runtime.jar is 5ff1fa7dd3b8aa67db2eb947b668e904
Stored cache entry for EnumerateClassesTransform: /home/runner/.gradle/caches/8.9/transforms/cface243e2e468e61dc8fcaed19d1fdd/transformed/ui-text-release-runtime.jar with cache key 5ff1fa7dd3b8aa67db2eb947b668e904
Caching disabled for AarToClassTransform: /home/runner/.gradle/caches/modules-2/files-2.1/androidx.activity/activity-compose/1.9.3/a164a9b2befba58b27451b4bc071c5335c500872/activity-compose-1.9.3.aar because:
  Caching not enabled.
Transforming activity-compose-1.9.3.aar (androidx.activity:activity-compose:1.9.3) with EnumerateClassesTransform
Build cache key for EnumerateClassesTransform: /home/runner/.gradle/caches/8.9/transforms/01d99d8256013b8e056eba9f6fab4773/transformed/activity-compose-1.9.3-runtime.jar is ca7b5f143bdf75da90746c0983a44eab
Transforming ui-tooling-release.aar (androidx.compose.ui:ui-tooling-android:1.7.5) with EnumerateClassesTransform
Stored cache entry for EnumerateClassesTransform: /home/runner/.gradle/caches/8.9/transforms/01d99d8256013b8e056eba9f6fab4773/transformed/activity-compose-1.9.3-runtime.jar with cache key ca7b5f143bdf75da90746c0983a44eab
Caching disabled for AarToClassTransform: /home/runner/.gradle/caches/modules-2/files-2.1/androidx.savedstate/savedstate-ktx/1.2.1/b86d338d91b1c26193a42b1d87be9bb02123fa16/savedstate-ktx-1.2.1.aar because:
  Caching not enabled.
Build cache key for EnumerateClassesTransform: /home/runner/.gradle/caches/8.9/transforms/ada8ce78912d8477a086137072134969/transformed/ui-tooling-release-runtime.jar is 328a072baba6e70c245b3c97c9c16a14
Transforming savedstate-ktx-1.2.1.aar (androidx.savedstate:savedstate-ktx:1.2.1) with EnumerateClassesTransform
Build cache key for EnumerateClassesTransform: /home/runner/.gradle/caches/8.9/transforms/709c1a05ac858210f4ba3a9d222a4b11/transformed/savedstate-ktx-1.2.1-runtime.jar is acc0444742883383d23f4421bda26e0e
Stored cache entry for EnumerateClassesTransform: /home/runner/.gradle/caches/8.9/transforms/ada8ce78912d8477a086137072134969/transformed/ui-tooling-release-runtime.jar with cache key 328a072baba6e70c245b3c97c9c16a14
Caching disabled for AarToClassTransform: /home/runner/.gradle/caches/modules-2/files-2.1/androidx.savedstate/savedstate/1.2.1/e364fc9dec32aa569d855f85864e50250318a093/savedstate-1.2.1.aar because:
  Caching not enabled.
Transforming savedstate-1.2.1.aar (androidx.savedstate:savedstate:1.2.1) with EnumerateClassesTransform
Stored cache entry for EnumerateClassesTransform: /home/runner/.gradle/caches/8.9/transforms/709c1a05ac858210f4ba3a9d222a4b11/transformed/savedstate-ktx-1.2.1-runtime.jar with cache key acc0444742883383d23f4421bda26e0e
Build cache key for EnumerateClassesTransform: /home/runner/.gradle/caches/8.9/transforms/519e30d4993045ce6d49f3cea7cd2605/transformed/savedstate-1.2.1-runtime.jar is 62c3714be8848d547ea6832d2bce7cd6
Caching disabled for AarToClassTransform: /home/runner/.gradle/caches/modules-2/files-2.1/androidx.loader/loader/1.0.0/8af8b6cec0da85c207d03e15840e0722cbc71e70/loader-1.0.0.aar because:
  Caching not enabled.
Build cache key for EnumerateClassesTransform: /home/runner/.gradle/caches/8.9/transforms/9d18f1f9c6c88db622b2ba53c4324149/transformed/foundation-release-runtime.jar is d4a377054a73e7566f4432a32e98b5e7
Stored cache entry for EnumerateClassesTransform: /home/runner/.gradle/caches/8.9/transforms/519e30d4993045ce6d49f3cea7cd2605/transformed/savedstate-1.2.1-runtime.jar with cache key 62c3714be8848d547ea6832d2bce7cd6
Transforming loader-1.0.0.aar (androidx.loader:loader:1.0.0) with EnumerateClassesTransform
Caching disabled for AarToClassTransform: /home/runner/.gradle/caches/modules-2/files-2.1/androidx.emoji2/emoji2/1.3.0/37ed42991ddf77924510472dba632314aab1c9d9/emoji2-1.3.0.aar because:
  Caching not enabled.
Build cache key for EnumerateClassesTransform: /home/runner/.gradle/caches/8.9/transforms/279ce42556462d03742a9cc4d4b5184f/transformed/loader-1.0.0-runtime.jar is c79cb6b02466dd3cd7b3280d0f8db9e0
Stored cache entry for EnumerateClassesTransform: /home/runner/.gradle/caches/8.9/transforms/279ce42556462d03742a9cc4d4b5184f/transformed/loader-1.0.0-runtime.jar with cache key c79cb6b02466dd3cd7b3280d0f8db9e0
Caching disabled for AarToClassTransform: /home/runner/.gradle/caches/modules-2/files-2.1/androidx.lifecycle/lifecycle-process/2.8.6/51e3ef71087d5f1634fb6c2b12a543ec11dd8972/lifecycle-process-2.8.6.aar because:
  Caching not enabled.
Build cache key for EnumerateClassesTransform: /home/runner/.gradle/caches/8.9/transforms/9a4fce06aaee62d3dd574bb3d88c9bfe/transformed/material3-release-runtime.jar is 37272ad622a523f847d209a2acf5f15e
Stored cache entry for EnumerateClassesTransform: /home/runner/.gradle/caches/8.9/transforms/9d18f1f9c6c88db622b2ba53c4324149/transformed/foundation-release-runtime.jar with cache key d4a377054a73e7566f4432a32e98b5e7
Transforming lifecycle-process-2.8.6.aar (androidx.lifecycle:lifecycle-process:2.8.6) with EnumerateClassesTransform
Caching disabled for AarToClassTransform: /home/runner/.gradle/caches/modules-2/files-2.1/androidx.lifecycle/lifecycle-livedata-core-ktx/2.8.6/b5ba5c5f50ef12f1e60678258778fba426020d53/lifecycle-livedata-core-ktx-2.8.6.aar because:
  Caching not enabled.
Build cache key for EnumerateClassesTransform: /home/runner/.gradle/caches/8.9/transforms/30d49537d2a723201176cec4d814bf6d/transformed/lifecycle-process-2.8.6-runtime.jar is f581bf7741976822c19877ccdb4f0f84
Transforming emoji2-1.3.0.aar (androidx.emoji2:emoji2:1.3.0) with EnumerateClassesTransform
Stored cache entry for EnumerateClassesTransform: /home/runner/.gradle/caches/8.9/transforms/9a4fce06aaee62d3dd574bb3d88c9bfe/transformed/material3-release-runtime.jar with cache key 37272ad622a523f847d209a2acf5f15e
Caching disabled for AarToClassTransform: /home/runner/.gradle/caches/modules-2/files-2.1/androidx.lifecycle/lifecycle-livedata/2.8.6/3013c84475ca51f848069593721bc9b95d2f6865/lifecycle-livedata-2.8.6.aar because:
  Caching not enabled.
Transforming lifecycle-livedata-core-ktx-2.8.6.aar (androidx.lifecycle:lifecycle-livedata-core-ktx:2.8.6) with EnumerateClassesTransform
Build cache key for EnumerateClassesTransform: /home/runner/.gradle/caches/8.9/transforms/a3666df95be2364426d0d5e04de99d4f/transformed/lifecycle-livedata-core-ktx-2.8.6-runtime.jar is 45a9b9a3c7e397037f573eee8eb49fb1
Build cache key for EnumerateClassesTransform: /home/runner/.gradle/caches/8.9/transforms/1f94fdb5750c45a37659d04bbcc743c8/transformed/emoji2-1.3.0-runtime.jar is 4d46b2ce963be66f724df63f1d068d3f
Stored cache entry for EnumerateClassesTransform: /home/runner/.gradle/caches/8.9/transforms/30d49537d2a723201176cec4d814bf6d/transformed/lifecycle-process-2.8.6-runtime.jar with cache key f581bf7741976822c19877ccdb4f0f84
Stored cache entry for EnumerateClassesTransform: /home/runner/.gradle/caches/8.9/transforms/a3666df95be2364426d0d5e04de99d4f/transformed/lifecycle-livedata-core-ktx-2.8.6-runtime.jar with cache key 45a9b9a3c7e397037f573eee8eb49fb1
Caching disabled for AarToClassTransform: /home/runner/.gradle/caches/modules-2/files-2.1/androidx.lifecycle/lifecycle-viewmodel/2.8.6/b24817e8c78b402c8d44acf07aeacd71f000ead2/lifecycle-viewmodel-2.8.6.aar because:
  Caching not enabled.
Stored cache entry for EnumerateClassesTransform: /home/runner/.gradle/caches/8.9/transforms/1f94fdb5750c45a37659d04bbcc743c8/transformed/emoji2-1.3.0-runtime.jar with cache key 4d46b2ce963be66f724df63f1d068d3f
Caching disabled for AarToClassTransform: /home/runner/.gradle/caches/modules-2/files-2.1/androidx.lifecycle/lifecycle-viewmodel-android/2.8.6/6ddde78dcc7778b33123967d7f87f81853863c2c/lifecycle-viewmodel-release.aar because:
  Caching not enabled.
Transforming lifecycle-viewmodel-2.8.6.aar (androidx.lifecycle:lifecycle-viewmodel:2.8.6) with EnumerateClassesTransform
Build cache key for EnumerateClassesTransform: /home/runner/.gradle/caches/8.9/transforms/6e556fc0a21862cfeb8d4774b129d802/transformed/lifecycle-viewmodel-2.8.6-runtime.jar is bd499d3a3557ded7ea21ecea30d931bd
Transforming lifecycle-viewmodel-release.aar (androidx.lifecycle:lifecycle-viewmodel-android:2.8.6) with EnumerateClassesTransform
Transforming lifecycle-livedata-2.8.6.aar (androidx.lifecycle:lifecycle-livedata:2.8.6) with EnumerateClassesTransform
Build cache key for EnumerateClassesTransform: /home/runner/.gradle/caches/8.9/transforms/0e73e0885b707155d8c7a7d783ea4e40/transformed/lifecycle-viewmodel-release-runtime.jar is eb639efab7f9be2b147e24bd3ad01a5e
Stored cache entry for EnumerateClassesTransform: /home/runner/.gradle/caches/8.9/transforms/6e556fc0a21862cfeb8d4774b129d802/transformed/lifecycle-viewmodel-2.8.6-runtime.jar with cache key bd499d3a3557ded7ea21ecea30d931bd
Stored cache entry for EnumerateClassesTransform: /home/runner/.gradle/caches/8.9/transforms/0e73e0885b707155d8c7a7d783ea4e40/transformed/lifecycle-viewmodel-release-runtime.jar with cache key eb639efab7f9be2b147e24bd3ad01a5e
Caching disabled for AarToClassTransform: /home/runner/.gradle/caches/modules-2/files-2.1/androidx.lifecycle/lifecycle-runtime-android/2.8.6/c9f2aabb0f3da152ac2afb33c0ff5daad8af8285/lifecycle-runtime-release.aar because:
  Caching not enabled.
Build cache key for EnumerateClassesTransform: /home/runner/.gradle/caches/8.9/transforms/2d68a2bc074dbbc8fbd5028b0b4b2585/transformed/lifecycle-livedata-2.8.6-runtime.jar is dd9534f18ee7e127f0b0e706b6c36952
Stored cache entry for EnumerateClassesTransform: /home/runner/.gradle/caches/8.9/transforms/2d68a2bc074dbbc8fbd5028b0b4b2585/transformed/lifecycle-livedata-2.8.6-runtime.jar with cache key dd9534f18ee7e127f0b0e706b6c36952
Transforming lifecycle-runtime-release.aar (androidx.lifecycle:lifecycle-runtime-android:2.8.6) with EnumerateClassesTransform
Caching disabled for AarToClassTransform: /home/runner/.gradle/caches/modules-2/files-2.1/androidx.lifecycle/lifecycle-livedata-core/2.8.6/3be981a5e5b14a96f62cf2f33fe8b9372f4729c5/lifecycle-livedata-core-2.8.6.aar because:
  Caching not enabled.
Build cache key for EnumerateClassesTransform: /home/runner/.gradle/caches/8.9/transforms/23e30ddcf048122f20c47cb883852f4b/transformed/lifecycle-runtime-release-runtime.jar is 87360276076a52b334cdff81b5fbbd55
Transforming lifecycle-livedata-core-2.8.6.aar (androidx.lifecycle:lifecycle-livedata-core:2.8.6) with EnumerateClassesTransform
Build cache key for EnumerateClassesTransform: /home/runner/.gradle/caches/8.9/transforms/43f96024b17e0287d88952f86f033a8f/transformed/lifecycle-livedata-core-2.8.6-runtime.jar is ac9e912618432aebdbfc0d15eb419d61
Stored cache entry for EnumerateClassesTransform: /home/runner/.gradle/caches/8.9/transforms/23e30ddcf048122f20c47cb883852f4b/transformed/lifecycle-runtime-release-runtime.jar with cache key 87360276076a52b334cdff81b5fbbd55
Caching disabled for AarToClassTransform: /home/runner/.gradle/caches/modules-2/files-2.1/androidx.lifecycle/lifecycle-viewmodel-ktx/2.8.6/c4392db648259d8fe8193f8771c1b7bf57cbcd31/lifecycle-viewmodel-ktx-2.8.6.aar because:
  Caching not enabled.
Transforming lifecycle-viewmodel-ktx-2.8.6.aar (androidx.lifecycle:lifecycle-viewmodel-ktx:2.8.6) with EnumerateClassesTransform
Build cache key for EnumerateClassesTransform: /home/runner/.gradle/caches/8.9/transforms/c969ecd7eb35afb20d1e78ff391bf14b/transformed/lifecycle-viewmodel-ktx-2.8.6-runtime.jar is 7076bf7fcdf643d128c374acea4681d3
Stored cache entry for EnumerateClassesTransform: /home/runner/.gradle/caches/8.9/transforms/43f96024b17e0287d88952f86f033a8f/transformed/lifecycle-livedata-core-2.8.6-runtime.jar with cache key ac9e912618432aebdbfc0d15eb419d61
Caching disabled for AarToClassTransform: /home/runner/.gradle/caches/modules-2/files-2.1/androidx.lifecycle/lifecycle-viewmodel-savedstate/2.8.6/81d58186f4a29d1008bb209689713e69ef346cf9/lifecycle-viewmodel-savedstate-2.8.6.aar because:
  Caching not enabled.
Stored cache entry for EnumerateClassesTransform: /home/runner/.gradle/caches/8.9/transforms/c969ecd7eb35afb20d1e78ff391bf14b/transformed/lifecycle-viewmodel-ktx-2.8.6-runtime.jar with cache key 7076bf7fcdf643d128c374acea4681d3
Transforming lifecycle-viewmodel-savedstate-2.8.6.aar (androidx.lifecycle:lifecycle-viewmodel-savedstate:2.8.6) with EnumerateClassesTransform
Caching disabled for AarToClassTransform: /home/runner/.gradle/caches/modules-2/files-2.1/androidx.lifecycle/lifecycle-runtime-compose-android/2.8.6/d1ac4026bd1364d082cda6de08c2cf85a8580ebc/lifecycle-runtime-compose-release.aar because:
  Caching not enabled.
Build cache key for EnumerateClassesTransform: /home/runner/.gradle/caches/8.9/transforms/1f190ba64a1f6dfa347c960653d401de/transformed/lifecycle-viewmodel-savedstate-2.8.6-runtime.jar is 56a0c0ac23e051a42c991b755facb433
Stored cache entry for EnumerateClassesTransform: /home/runner/.gradle/caches/8.9/transforms/1f190ba64a1f6dfa347c960653d401de/transformed/lifecycle-viewmodel-savedstate-2.8.6-runtime.jar with cache key 56a0c0ac23e051a42c991b755facb433
Caching disabled for AarToClassTransform: /home/runner/.gradle/caches/modules-2/files-2.1/androidx.lifecycle/lifecycle-runtime-ktx-android/2.8.6/1311e9e449c509f0065bfb2d0cfb51df491b0742/lifecycle-runtime-ktx-release.aar because:
  Caching not enabled.
Transforming lifecycle-runtime-compose-release.aar (androidx.lifecycle:lifecycle-runtime-compose-android:2.8.6) with EnumerateClassesTransform
Transforming lifecycle-runtime-ktx-release.aar (androidx.lifecycle:lifecycle-runtime-ktx-android:2.8.6) with EnumerateClassesTransform
Build cache key for EnumerateClassesTransform: /home/runner/.gradle/caches/8.9/transforms/e6b7014a186bd8273db5c8b74689ff89/transformed/lifecycle-runtime-ktx-release-runtime.jar is 50e7465462f28fc4c4b991d2cb25ec0f
Build cache key for EnumerateClassesTransform: /home/runner/.gradle/caches/8.9/transforms/93980fa6a70df18531792d13f20ee1e1/transformed/lifecycle-runtime-compose-release-runtime.jar is 9fe5357ee1fffecbd05a97180aac3086
Stored cache entry for EnumerateClassesTransform: /home/runner/.gradle/caches/8.9/transforms/e6b7014a186bd8273db5c8b74689ff89/transformed/lifecycle-runtime-ktx-release-runtime.jar with cache key 50e7465462f28fc4c4b991d2cb25ec0f
Stored cache entry for EnumerateClassesTransform: /home/runner/.gradle/caches/8.9/transforms/93980fa6a70df18531792d13f20ee1e1/transformed/lifecycle-runtime-compose-release-runtime.jar with cache key 9fe5357ee1fffecbd05a97180aac3086
Caching disabled for AarToClassTransform: /home/runner/.gradle/caches/modules-2/files-2.1/androidx.lifecycle/lifecycle-viewmodel-compose-android/2.8.6/fb420f344676805c1f5e304aef1b07242953cebf/lifecycle-viewmodel-compose-release.aar because:
  Caching not enabled.
Caching disabled for AarToClassTransform: /home/runner/.gradle/caches/modules-2/files-2.1/androidx.compose.material/material-icons-extended-android/1.7.5/7f99672e6beef9c5e5a6627671a139fe6aad57ed/material-icons-extended-release.aar because:
  Caching not enabled.
Transforming lifecycle-viewmodel-compose-release.aar (androidx.lifecycle:lifecycle-viewmodel-compose-android:2.8.6) with EnumerateClassesTransform
Build cache key for EnumerateClassesTransform: /home/runner/.gradle/caches/8.9/transforms/c6f34b630bf206f163230c59c7983539/transformed/lifecycle-viewmodel-compose-release-runtime.jar is 74a6c936008a5c861d90dfbb0e725dd5
Stored cache entry for EnumerateClassesTransform: /home/runner/.gradle/caches/8.9/transforms/c6f34b630bf206f163230c59c7983539/transformed/lifecycle-viewmodel-compose-release-runtime.jar with cache key 74a6c936008a5c861d90dfbb0e725dd5
Caching disabled for AarToClassTransform: /home/runner/.gradle/caches/modules-2/files-2.1/androidx.compose.material/material-icons-core-android/1.7.5/5c1be323cc5970f4c761ee4bc04a4a03c55e673a/material-icons-core-release.aar because:
  Caching not enabled.
Transforming material-icons-core-release.aar (androidx.compose.material:material-icons-core-android:1.7.5) with EnumerateClassesTransform
Build cache key for EnumerateClassesTransform: /home/runner/.gradle/caches/8.9/transforms/ba20c074d5796729cca2d251b89153cb/transformed/material-icons-core-release-runtime.jar is c27c04e87d3689caa0a9f47927600bbd
Stored cache entry for EnumerateClassesTransform: /home/runner/.gradle/caches/8.9/transforms/ba20c074d5796729cca2d251b89153cb/transformed/material-icons-core-release-runtime.jar with cache key c27c04e87d3689caa0a9f47927600bbd
Caching disabled for AarToClassTransform: /home/runner/.gradle/caches/modules-2/files-2.1/androidx.compose.ui/ui-android/1.7.5/1cc23a4d273407ef91e50717fca15a25cce765b0/ui-release.aar because:
  Caching not enabled.
Found locally available resource with matching checksum: [https://maven.google.com/androidx/lifecycle/lifecycle-common-jvm/2.8.6/lifecycle-common-jvm-2.8.6.jar, /home/runner/.gradle/caches/modules-2/files-2.1/androidx.lifecycle/lifecycle-common-jvm/2.8.6/7174a594afb73a9ad9ac9074ce78b94af3cc52a7/lifecycle-common-jvm-2.8.6.jar]
Transforming lifecycle-common-jvm-2.8.6.jar (androidx.lifecycle:lifecycle-common-jvm:2.8.6) with IdentityTransform
Caching disabled for IdentityTransform: /home/runner/.gradle/caches/modules-2/files-2.1/androidx.lifecycle/lifecycle-common-jvm/2.8.6/7174a594afb73a9ad9ac9074ce78b94af3cc52a7/lifecycle-common-jvm-2.8.6.jar because:
  Caching not enabled.
Transforming lifecycle-common-jvm-2.8.6.jar (androidx.lifecycle:lifecycle-common-jvm:2.8.6) with EnumerateClassesTransform
Build cache key for EnumerateClassesTransform: /home/runner/.gradle/caches/modules-2/files-2.1/androidx.lifecycle/lifecycle-common-jvm/2.8.6/7174a594afb73a9ad9ac9074ce78b94af3cc52a7/lifecycle-common-jvm-2.8.6.jar is 12565a12faccc214a29e6eaa3a9f2838
Stored cache entry for EnumerateClassesTransform: /home/runner/.gradle/caches/modules-2/files-2.1/androidx.lifecycle/lifecycle-common-jvm/2.8.6/7174a594afb73a9ad9ac9074ce78b94af3cc52a7/lifecycle-common-jvm-2.8.6.jar with cache key 12565a12faccc214a29e6eaa3a9f2838
Caching disabled for AarToClassTransform: /home/runner/.gradle/caches/modules-2/files-2.1/androidx.viewpager/viewpager/1.0.0/1f90e13820f96c2fb868f9674079a551678d68b2/viewpager-1.0.0.aar because:
  Caching not enabled.
Found locally available resource with matching checksum: [https://maven.google.com/androidx/lifecycle/lifecycle-common-java8/2.8.6/lifecycle-common-java8-2.8.6.jar, /home/runner/.gradle/caches/modules-2/files-2.1/androidx.lifecycle/lifecycle-common-java8/2.8.6/2ad14aed781c4a73ed4dbb421966d408a0a06686/lifecycle-common-java8-2.8.6.jar]
Transforming lifecycle-common-java8-2.8.6.jar (androidx.lifecycle:lifecycle-common-java8:2.8.6) with IdentityTransform
Caching disabled for IdentityTransform: /home/runner/.gradle/caches/modules-2/files-2.1/androidx.lifecycle/lifecycle-common-java8/2.8.6/2ad14aed781c4a73ed4dbb421966d408a0a06686/lifecycle-common-java8-2.8.6.jar because:
  Caching not enabled.
Transforming viewpager-1.0.0.aar (androidx.viewpager:viewpager:1.0.0) with EnumerateClassesTransform
Transforming lifecycle-common-java8-2.8.6.jar (androidx.lifecycle:lifecycle-common-java8:2.8.6) with EnumerateClassesTransform
Build cache key for EnumerateClassesTransform: /home/runner/.gradle/caches/8.9/transforms/73c906d19d06e05eb41c5a51ceed21bd/transformed/viewpager-1.0.0-runtime.jar is 5d64b6474e9d6f8f97ec37c0e4a396f2
Build cache key for EnumerateClassesTransform: /home/runner/.gradle/caches/modules-2/files-2.1/androidx.lifecycle/lifecycle-common-java8/2.8.6/2ad14aed781c4a73ed4dbb421966d408a0a06686/lifecycle-common-java8-2.8.6.jar is cf12eda4cf1eb3de9bb10638deeb3a84
Stored cache entry for EnumerateClassesTransform: /home/runner/.gradle/caches/modules-2/files-2.1/androidx.lifecycle/lifecycle-common-java8/2.8.6/2ad14aed781c4a73ed4dbb421966d408a0a06686/lifecycle-common-java8-2.8.6.jar with cache key cf12eda4cf1eb3de9bb10638deeb3a84
Stored cache entry for EnumerateClassesTransform: /home/runner/.gradle/caches/8.9/transforms/73c906d19d06e05eb41c5a51ceed21bd/transformed/viewpager-1.0.0-runtime.jar with cache key 5d64b6474e9d6f8f97ec37c0e4a396f2
Caching disabled for AarToClassTransform: /home/runner/.gradle/caches/modules-2/files-2.1/androidx.autofill/autofill/1.0.0/d95a6e3b895ad8f037dd01d88c87138b6d5eb507/autofill-1.0.0.aar because:
  Caching not enabled.
Transforming autofill-1.0.0.aar (androidx.autofill:autofill:1.0.0) with EnumerateClassesTransform
Build cache key for EnumerateClassesTransform: /home/runner/.gradle/caches/8.9/transforms/5de0462788949841531e48444fbcbd71/transformed/autofill-1.0.0-runtime.jar is ccfc566560b0ff1fdba3b3735f1fd1bb
Transforming ui-release.aar (androidx.compose.ui:ui-android:1.7.5) with EnumerateClassesTransform
Stored cache entry for EnumerateClassesTransform: /home/runner/.gradle/caches/8.9/transforms/5de0462788949841531e48444fbcbd71/transformed/autofill-1.0.0-runtime.jar with cache key ccfc566560b0ff1fdba3b3735f1fd1bb
Caching disabled for AarToClassTransform: /home/runner/.gradle/caches/modules-2/files-2.1/androidx.graphics/graphics-path/1.0.1/7e243033abd313c7202428422a01d48691378e33/graphics-path-1.0.1.aar because:
  Caching not enabled.
Caching disabled for AarToClassTransform: /home/runner/.gradle/caches/modules-2/files-2.1/androidx.customview/customview/1.0.0/30f5ff6075d112f8076e733b24410e68159735b6/customview-1.0.0.aar because:
  Caching not enabled.
Transforming graphics-path-1.0.1.aar (androidx.graphics:graphics-path:1.0.1) with EnumerateClassesTransform
Build cache key for EnumerateClassesTransform: /home/runner/.gradle/caches/8.9/transforms/5b5a752b5d709d370022481a613604c1/transformed/graphics-path-1.0.1-runtime.jar is 3742a7b054a1fb570c5ee9b98c6c2051
Transforming customview-1.0.0.aar (androidx.customview:customview:1.0.0) with EnumerateClassesTransform
Stored cache entry for EnumerateClassesTransform: /home/runner/.gradle/caches/8.9/transforms/5b5a752b5d709d370022481a613604c1/transformed/graphics-path-1.0.1-runtime.jar with cache key 3742a7b054a1fb570c5ee9b98c6c2051
Caching disabled for AarToClassTransform: /home/runner/.gradle/caches/modules-2/files-2.1/androidx.core/core/1.13.1/4606d420282fe1e5c8d5c4e647ec188e1045b7be/core-1.13.1.aar because:
  Caching not enabled.
Build cache key for EnumerateClassesTransform: /home/runner/.gradle/caches/8.9/transforms/b56e1d5ed496bc453167a642670733b4/transformed/customview-1.0.0-runtime.jar is 9e2e4c22c8c2779d02781b34d5b06c93
Stored cache entry for EnumerateClassesTransform: /home/runner/.gradle/caches/8.9/transforms/b56e1d5ed496bc453167a642670733b4/transformed/customview-1.0.0-runtime.jar with cache key 9e2e4c22c8c2779d02781b34d5b06c93
Build cache key for EnumerateClassesTransform: /home/runner/.gradle/caches/8.9/transforms/59fc71cf5dbbea213fae92011c716c4a/transformed/ui-release-runtime.jar is 7d70f36b34dcbc0934505455fff96b08
Stored cache entry for EnumerateClassesTransform: /home/runner/.gradle/caches/8.9/transforms/59fc71cf5dbbea213fae92011c716c4a/transformed/ui-release-runtime.jar with cache key 7d70f36b34dcbc0934505455fff96b08
Transforming core-1.13.1.aar (androidx.core:core:1.13.1) with EnumerateClassesTransform
Transforming core-1.13.1.aar (androidx.core:core:1.13.1) with EnumerateClassesTransform
Build cache key for EnumerateClassesTransform: /home/runner/.gradle/caches/8.9/transforms/90e0ebffe9bd8085bcdda603759f137f/transformed/core-1.13.1-runtime.jar is 5e985ca009c5172fe75da36da129113d
Stored cache entry for EnumerateClassesTransform: /home/runner/.gradle/caches/8.9/transforms/90e0ebffe9bd8085bcdda603759f137f/transformed/core-1.13.1-runtime.jar with cache key 5e985ca009c5172fe75da36da129113d
Caching disabled for AarToClassTransform: /home/runner/.gradle/caches/modules-2/files-2.1/androidx.customview/customview-poolingcontainer/1.0.0/579fc832cf0e5be08d8d9571850b50d22d9de3c/customview-poolingcontainer-1.0.0.aar because:
  Caching not enabled.
Caching disabled for IdentityTransform: /home/runner/.gradle/caches/modules-2/files-2.1/androidx.room/room-common/2.6.1/ff1b9580850a9b7eef56554e356628d225785265/room-common-2.6.1.jar because:
  Caching not enabled.
Caching disabled for AarToClassTransform: /home/runner/.gradle/caches/modules-2/files-2.1/androidx.core/core-ktx/1.13.1/f595b8c10fad9099f71a3c1fc6ded1c9b5010190/core-ktx-1.13.1.aar because:
  Caching not enabled.
Transforming customview-poolingcontainer-1.0.0.aar (androidx.customview:customview-poolingcontainer:1.0.0) with EnumerateClassesTransform
Transforming room-common-2.6.1.jar (androidx.room:room-common:2.6.1) with EnumerateClassesTransform
Build cache key for EnumerateClassesTransform: /home/runner/.gradle/caches/8.9/transforms/5d6dd35c01c6d4090f44c2b41bcd0a9c/transformed/customview-poolingcontainer-1.0.0-runtime.jar is a6be4f2825c51592997051936aed5945
Stored cache entry for EnumerateClassesTransform: /home/runner/.gradle/caches/8.9/transforms/5d6dd35c01c6d4090f44c2b41bcd0a9c/transformed/customview-poolingcontainer-1.0.0-runtime.jar with cache key a6be4f2825c51592997051936aed5945
Build cache key for EnumerateClassesTransform: /home/runner/.gradle/caches/modules-2/files-2.1/androidx.room/room-common/2.6.1/ff1b9580850a9b7eef56554e356628d225785265/room-common-2.6.1.jar is 5c85e7aa22476239a2c486bdb69002af
Caching disabled for AarToClassTransform: /home/runner/.gradle/caches/modules-2/files-2.1/androidx.room/room-runtime/2.6.1/3ebcd7683411c298dd8aeee635f452c96eaf319/room-runtime-2.6.1.aar because:
  Caching not enabled.
Stored cache entry for EnumerateClassesTransform: /home/runner/.gradle/caches/modules-2/files-2.1/androidx.room/room-common/2.6.1/ff1b9580850a9b7eef56554e356628d225785265/room-common-2.6.1.jar with cache key 5c85e7aa22476239a2c486bdb69002af
Caching disabled for AarToClassTransform: /home/runner/.gradle/caches/modules-2/files-2.1/androidx.room/room-ktx/2.6.1/1f353808ec8a8b2d0a554d2a3f43f0829982df60/room-ktx-2.6.1.aar because:
  Caching not enabled.
Transforming core-ktx-1.13.1.aar (androidx.core:core-ktx:1.13.1) with EnumerateClassesTransform
Transforming room-ktx-2.6.1.aar (androidx.room:room-ktx:2.6.1) with EnumerateClassesTransform
Build cache key for EnumerateClassesTransform: /home/runner/.gradle/caches/8.9/transforms/d912ca665604123d9aedbf16078886a2/transformed/core-ktx-1.13.1-runtime.jar is 42e179895acf9020caac81d0d5b70d1c
Build cache key for EnumerateClassesTransform: /home/runner/.gradle/caches/8.9/transforms/34a2fdbe934420a2f56188a732aa3161/transformed/room-ktx-2.6.1-runtime.jar is 748be539b1a9bf66e1e83707e723e486
Stored cache entry for EnumerateClassesTransform: /home/runner/.gradle/caches/8.9/transforms/34a2fdbe934420a2f56188a732aa3161/transformed/room-ktx-2.6.1-runtime.jar with cache key 748be539b1a9bf66e1e83707e723e486
Caching disabled for AarToClassTransform: /home/runner/.gradle/caches/modules-2/files-2.1/androidx.compose.runtime/runtime-saveable-android/1.7.5/d1ef810e8ddf95285686422cc1af3f7c9494a206/runtime-saveable-release.aar because:
  Caching not enabled.
Stored cache entry for EnumerateClassesTransform: /home/runner/.gradle/caches/8.9/transforms/d912ca665604123d9aedbf16078886a2/transformed/core-ktx-1.13.1-runtime.jar with cache key 42e179895acf9020caac81d0d5b70d1c
Caching disabled for AarToClassTransform: /home/runner/.gradle/caches/modules-2/files-2.1/androidx.compose.runtime/runtime-android/1.7.5/46caecf848d887667bedaadd19131044d12a37d4/runtime-release.aar because:
  Caching not enabled.
Transforming room-runtime-2.6.1.aar (androidx.room:room-runtime:2.6.1) with EnumerateClassesTransform
Transforming runtime-saveable-release.aar (androidx.compose.runtime:runtime-saveable-android:1.7.5) with EnumerateClassesTransform
Build cache key for EnumerateClassesTransform: /home/runner/.gradle/caches/8.9/transforms/c489409e9f1c1e0ab78ff91c4308b0fa/transformed/room-runtime-2.6.1-runtime.jar is 0124aea8c2891c535da99682da8518e1
Build cache key for EnumerateClassesTransform: /home/runner/.gradle/caches/8.9/transforms/43c7877d176eb4c4a48c40d8a510a9f9/transformed/runtime-saveable-release-runtime.jar is 18509e2dd6a70cac0aa0b1d69c2bef8b
Stored cache entry for EnumerateClassesTransform: /home/runner/.gradle/caches/8.9/transforms/c489409e9f1c1e0ab78ff91c4308b0fa/transformed/room-runtime-2.6.1-runtime.jar with cache key 0124aea8c2891c535da99682da8518e1
Stored cache entry for EnumerateClassesTransform: /home/runner/.gradle/caches/8.9/transforms/43c7877d176eb4c4a48c40d8a510a9f9/transformed/runtime-saveable-release-runtime.jar with cache key 18509e2dd6a70cac0aa0b1d69c2bef8b
Found locally available resource with matching checksum: [https://repo.maven.apache.org/maven2/org/jetbrains/kotlinx/kotlinx-coroutines-android/1.8.1/kotlinx-coroutines-android-1.8.1.jar, /home/runner/.gradle/caches/modules-2/files-2.1/org.jetbrains.kotlinx/kotlinx-coroutines-android/1.8.1/73e2acdd18df99dd4849d99f188dff529fc0afe0/kotlinx-coroutines-android-1.8.1.jar]
Transforming kotlinx-coroutines-android-1.8.1.jar (org.jetbrains.kotlinx:kotlinx-coroutines-android:1.8.1) with IdentityTransform
Caching disabled for IdentityTransform: /home/runner/.gradle/caches/modules-2/files-2.1/org.jetbrains.kotlinx/kotlinx-coroutines-android/1.8.1/73e2acdd18df99dd4849d99f188dff529fc0afe0/kotlinx-coroutines-android-1.8.1.jar because:
  Caching not enabled.
Found locally available resource with matching checksum: [https://repo.maven.apache.org/maven2/org/jetbrains/kotlinx/kotlinx-coroutines-core-jvm/1.8.1/kotlinx-coroutines-core-jvm-1.8.1.jar, /home/runner/.gradle/caches/modules-2/files-2.1/org.jetbrains.kotlinx/kotlinx-coroutines-core-jvm/1.8.1/bb0e192bd7c2b6b8217440d36e9758e377e450/kotlinx-coroutines-core-jvm-1.8.1.jar]
Transforming kotlinx-coroutines-android-1.8.1.jar (org.jetbrains.kotlinx:kotlinx-coroutines-android:1.8.1) with EnumerateClassesTransform
Build cache key for EnumerateClassesTransform: /home/runner/.gradle/caches/modules-2/files-2.1/org.jetbrains.kotlinx/kotlinx-coroutines-android/1.8.1/73e2acdd18df99dd4849d99f188dff529fc0afe0/kotlinx-coroutines-android-1.8.1.jar is 9f650b72021a5a60e59fcd378c9b2c40
Transforming kotlinx-coroutines-core-jvm-1.8.1.jar (org.jetbrains.kotlinx:kotlinx-coroutines-core-jvm:1.8.1) with IdentityTransform
Stored cache entry for EnumerateClassesTransform: /home/runner/.gradle/caches/modules-2/files-2.1/org.jetbrains.kotlinx/kotlinx-coroutines-android/1.8.1/73e2acdd18df99dd4849d99f188dff529fc0afe0/kotlinx-coroutines-android-1.8.1.jar with cache key 9f650b72021a5a60e59fcd378c9b2c40
Caching disabled for AarToClassTransform: /home/runner/.gradle/caches/modules-2/files-2.1/androidx.sqlite/sqlite-framework/2.4.0/532d56a4f312d78767534ff1cc2f8084baec6c26/sqlite-framework-2.4.0.aar because:
  Caching not enabled.
Caching disabled for IdentityTransform: /home/runner/.gradle/caches/modules-2/files-2.1/org.jetbrains.kotlinx/kotlinx-coroutines-core-jvm/1.8.1/bb0e192bd7c2b6b8217440d36e9758e377e450/kotlinx-coroutines-core-jvm-1.8.1.jar because:
  Caching not enabled.
Transforming sqlite-framework-2.4.0.aar (androidx.sqlite:sqlite-framework:2.4.0) with EnumerateClassesTransform
Build cache key for EnumerateClassesTransform: /home/runner/.gradle/caches/8.9/transforms/c2ed9b450640e4c54130f62b42d0cb85/transformed/sqlite-framework-2.4.0-runtime.jar is e267cac6c58680f9af17e80261969b7a
Transforming kotlinx-coroutines-core-jvm-1.8.1.jar (org.jetbrains.kotlinx:kotlinx-coroutines-core-jvm:1.8.1) with EnumerateClassesTransform
Transforming runtime-release.aar (androidx.compose.runtime:runtime-android:1.7.5) with EnumerateClassesTransform
Stored cache entry for EnumerateClassesTransform: /home/runner/.gradle/caches/8.9/transforms/c2ed9b450640e4c54130f62b42d0cb85/transformed/sqlite-framework-2.4.0-runtime.jar with cache key e267cac6c58680f9af17e80261969b7a
Caching disabled for AarToClassTransform: /home/runner/.gradle/caches/modules-2/files-2.1/androidx.sqlite/sqlite/2.4.0/cc553e5621c8ad4e233059a724100afa9e2fd1f4/sqlite-2.4.0.aar because:
  Caching not enabled.
Transforming sqlite-2.4.0.aar (androidx.sqlite:sqlite:2.4.0) with EnumerateClassesTransform
Build cache key for EnumerateClassesTransform: /home/runner/.gradle/caches/8.9/transforms/88f919e0d718aa77615cf59e86d41f23/transformed/sqlite-2.4.0-runtime.jar is e1391ae3301fc37934bd0545781b6629
Build cache key for EnumerateClassesTransform: /home/runner/.gradle/caches/8.9/transforms/1971ce40ed2447f2f6c342b7a320d6f5/transformed/runtime-release-runtime.jar is e16112e71a0c405e827502127d88d8c9
Stored cache entry for EnumerateClassesTransform: /home/runner/.gradle/caches/8.9/transforms/88f919e0d718aa77615cf59e86d41f23/transformed/sqlite-2.4.0-runtime.jar with cache key e1391ae3301fc37934bd0545781b6629
Stored cache entry for EnumerateClassesTransform: /home/runner/.gradle/caches/8.9/transforms/1971ce40ed2447f2f6c342b7a320d6f5/transformed/runtime-release-runtime.jar with cache key e16112e71a0c405e827502127d88d8c9
Found locally available resource with matching checksum: [https://repo.maven.apache.org/maven2/org/jetbrains/kotlinx/kotlinx-serialization-core-jvm/1.6.3/kotlinx-serialization-core-jvm-1.6.3.jar, /home/runner/.gradle/caches/modules-2/files-2.1/org.jetbrains.kotlinx/kotlinx-serialization-core-jvm/1.6.3/6b6c17d0312ba7192893adea9d52959941d0119b/kotlinx-serialization-core-jvm-1.6.3.jar]
Transforming kotlinx-serialization-core-jvm-1.6.3.jar (org.jetbrains.kotlinx:kotlinx-serialization-core-jvm:1.6.3) with IdentityTransform
Found locally available resource with matching checksum: [https://repo.maven.apache.org/maven2/com/squareup/okhttp3/okhttp/4.12.0/okhttp-4.12.0.jar, /home/runner/.gradle/caches/modules-2/files-2.1/com.squareup.okhttp3/okhttp/4.12.0/2f4525d4a200e97e1b87449c2cd9bd2e25b7e8cd/okhttp-4.12.0.jar]
Transforming okhttp-4.12.0.jar (com.squareup.okhttp3:okhttp:4.12.0) with IdentityTransform
Build cache key for EnumerateClassesTransform: /home/runner/.gradle/caches/modules-2/files-2.1/org.jetbrains.kotlinx/kotlinx-coroutines-core-jvm/1.8.1/bb0e192bd7c2b6b8217440d36e9758e377e450/kotlinx-coroutines-core-jvm-1.8.1.jar is f482f60265d7e128c392a6e69501d0d8
Caching disabled for IdentityTransform: /home/runner/.gradle/caches/modules-2/files-2.1/org.jetbrains.kotlinx/kotlinx-serialization-core-jvm/1.6.3/6b6c17d0312ba7192893adea9d52959941d0119b/kotlinx-serialization-core-jvm-1.6.3.jar because:
  Caching not enabled.
Transforming kotlinx-serialization-core-jvm-1.6.3.jar (org.jetbrains.kotlinx:kotlinx-serialization-core-jvm:1.6.3) with EnumerateClassesTransform
Caching disabled for IdentityTransform: /home/runner/.gradle/caches/modules-2/files-2.1/com.squareup.okhttp3/okhttp/4.12.0/2f4525d4a200e97e1b87449c2cd9bd2e25b7e8cd/okhttp-4.12.0.jar because:
  Caching not enabled.
Transforming okhttp-4.12.0.jar (com.squareup.okhttp3:okhttp:4.12.0) with EnumerateClassesTransform
Stored cache entry for EnumerateClassesTransform: /home/runner/.gradle/caches/modules-2/files-2.1/org.jetbrains.kotlinx/kotlinx-coroutines-core-jvm/1.8.1/bb0e192bd7c2b6b8217440d36e9758e377e450/kotlinx-coroutines-core-jvm-1.8.1.jar with cache key f482f60265d7e128c392a6e69501d0d8
Build cache key for EnumerateClassesTransform: /home/runner/.gradle/caches/modules-2/files-2.1/org.jetbrains.kotlinx/kotlinx-serialization-core-jvm/1.6.3/6b6c17d0312ba7192893adea9d52959941d0119b/kotlinx-serialization-core-jvm-1.6.3.jar is 57dac5d8a64e44552134a6d6c1bf1e71
Stored cache entry for EnumerateClassesTransform: /home/runner/.gradle/caches/modules-2/files-2.1/org.jetbrains.kotlinx/kotlinx-serialization-core-jvm/1.6.3/6b6c17d0312ba7192893adea9d52959941d0119b/kotlinx-serialization-core-jvm-1.6.3.jar with cache key 57dac5d8a64e44552134a6d6c1bf1e71
Caching disabled for AarToClassTransform: /home/runner/.gradle/caches/modules-2/files-2.1/androidx.annotation/annotation-experimental/1.4.1/7851235e2a16ce50270a74b555edaf9209b42864/annotation-experimental-1.4.1.aar because:
  Caching not enabled.
Transforming annotation-experimental-1.4.1.aar (androidx.annotation:annotation-experimental:1.4.1) with EnumerateClassesTransform
Build cache key for EnumerateClassesTransform: /home/runner/.gradle/caches/8.9/transforms/4bcf04b559d3ef2258a0c17fe850b9be/transformed/annotation-experimental-1.4.1-runtime.jar is ede65e7abc26c543a03737441c78be08
Stored cache entry for EnumerateClassesTransform: /home/runner/.gradle/caches/8.9/transforms/4bcf04b559d3ef2258a0c17fe850b9be/transformed/annotation-experimental-1.4.1-runtime.jar with cache key ede65e7abc26c543a03737441c78be08
Found locally available resource with matching checksum: [https://repo.maven.apache.org/maven2/com/squareup/okio/okio-jvm/3.6.0/okio-jvm-3.6.0.jar, /home/runner/.gradle/caches/modules-2/files-2.1/com.squareup.okio/okio-jvm/3.6.0/5600569133b7bdefe1daf9ec7f4abeb6d13e1786/okio-jvm-3.6.0.jar]
Build cache key for EnumerateClassesTransform: /home/runner/.gradle/caches/modules-2/files-2.1/com.squareup.okhttp3/okhttp/4.12.0/2f4525d4a200e97e1b87449c2cd9bd2e25b7e8cd/okhttp-4.12.0.jar is e9bf27919d8ae9f242d899cd120122fb
Transforming okio-jvm-3.6.0.jar (com.squareup.okio:okio-jvm:3.6.0) with IdentityTransform
Caching disabled for IdentityTransform: /home/runner/.gradle/caches/modules-2/files-2.1/com.squareup.okio/okio-jvm/3.6.0/5600569133b7bdefe1daf9ec7f4abeb6d13e1786/okio-jvm-3.6.0.jar because:
  Caching not enabled.
Stored cache entry for EnumerateClassesTransform: /home/runner/.gradle/caches/modules-2/files-2.1/com.squareup.okhttp3/okhttp/4.12.0/2f4525d4a200e97e1b87449c2cd9bd2e25b7e8cd/okhttp-4.12.0.jar with cache key e9bf27919d8ae9f242d899cd120122fb
Caching disabled for AarToClassTransform: /home/runner/.gradle/caches/modules-2/files-2.1/androidx.versionedparcelable/versionedparcelable/1.1.1/18e18071e7715679e0593c570217edeb5ca48b9e/versionedparcelable-1.1.1.aar because:
  Caching not enabled.
Transforming versionedparcelable-1.1.1.aar (androidx.versionedparcelable:versionedparcelable:1.1.1) with EnumerateClassesTransform
Transforming okio-jvm-3.6.0.jar (com.squareup.okio:okio-jvm:3.6.0) with EnumerateClassesTransform
Build cache key for EnumerateClassesTransform: /home/runner/.gradle/caches/8.9/transforms/38d16ecda390b3c5460b2c2135a95b15/transformed/versionedparcelable-1.1.1-runtime.jar is e73e4aebc43848b110063aeab6d741ec
Stored cache entry for EnumerateClassesTransform: /home/runner/.gradle/caches/8.9/transforms/38d16ecda390b3c5460b2c2135a95b15/transformed/versionedparcelable-1.1.1-runtime.jar with cache key e73e4aebc43848b110063aeab6d741ec
Found locally available resource with matching checksum: [https://repo.maven.apache.org/maven2/org/jetbrains/kotlin/kotlin-stdlib-jdk8/1.9.10/kotlin-stdlib-jdk8-1.9.10.jar, /home/runner/.gradle/caches/modules-2/files-2.1/org.jetbrains.kotlin/kotlin-stdlib-jdk8/1.9.10/c7510d64a83411a649c76f2778304ddf71d7437b/kotlin-stdlib-jdk8-1.9.10.jar]
Transforming kotlin-stdlib-jdk8-1.9.10.jar (org.jetbrains.kotlin:kotlin-stdlib-jdk8:1.9.10) with IdentityTransform
Caching disabled for IdentityTransform: /home/runner/.gradle/caches/modules-2/files-2.1/org.jetbrains.kotlin/kotlin-stdlib-jdk8/1.9.10/c7510d64a83411a649c76f2778304ddf71d7437b/kotlin-stdlib-jdk8-1.9.10.jar because:
  Caching not enabled.
Build cache key for EnumerateClassesTransform: /home/runner/.gradle/caches/modules-2/files-2.1/com.squareup.okio/okio-jvm/3.6.0/5600569133b7bdefe1daf9ec7f4abeb6d13e1786/okio-jvm-3.6.0.jar is 1bceca97bebfc4fb37bce4a7d963498b
Transforming kotlin-stdlib-jdk8-1.9.10.jar (org.jetbrains.kotlin:kotlin-stdlib-jdk8:1.9.10) with EnumerateClassesTransform
Build cache key for EnumerateClassesTransform: /home/runner/.gradle/caches/modules-2/files-2.1/org.jetbrains.kotlin/kotlin-stdlib-jdk8/1.9.10/c7510d64a83411a649c76f2778304ddf71d7437b/kotlin-stdlib-jdk8-1.9.10.jar is 2ca367c555dc91f1d41737401006186a
Stored cache entry for EnumerateClassesTransform: /home/runner/.gradle/caches/modules-2/files-2.1/com.squareup.okio/okio-jvm/3.6.0/5600569133b7bdefe1daf9ec7f4abeb6d13e1786/okio-jvm-3.6.0.jar with cache key 1bceca97bebfc4fb37bce4a7d963498b
Stored cache entry for EnumerateClassesTransform: /home/runner/.gradle/caches/modules-2/files-2.1/org.jetbrains.kotlin/kotlin-stdlib-jdk8/1.9.10/c7510d64a83411a649c76f2778304ddf71d7437b/kotlin-stdlib-jdk8-1.9.10.jar with cache key 2ca367c555dc91f1d41737401006186a
Found locally available resource with matching checksum: [https://repo.maven.apache.org/maven2/org/jetbrains/kotlin/kotlin-stdlib-jdk7/1.9.10/kotlin-stdlib-jdk7-1.9.10.jar, /home/runner/.gradle/caches/modules-2/files-2.1/org.jetbrains.kotlin/kotlin-stdlib-jdk7/1.9.10/bc5bfc2690338defd5195b05c57562f2194eeb10/kotlin-stdlib-jdk7-1.9.10.jar]
Transforming kotlin-stdlib-jdk7-1.9.10.jar (org.jetbrains.kotlin:kotlin-stdlib-jdk7:1.9.10) with IdentityTransform
Caching disabled for IdentityTransform: /home/runner/.gradle/caches/modules-2/files-2.1/org.jetbrains.kotlin/kotlin-stdlib-jdk7/1.9.10/bc5bfc2690338defd5195b05c57562f2194eeb10/kotlin-stdlib-jdk7-1.9.10.jar because:
  Caching not enabled.
Transforming kotlin-stdlib-jdk7-1.9.10.jar (org.jetbrains.kotlin:kotlin-stdlib-jdk7:1.9.10) with EnumerateClassesTransform
Build cache key for EnumerateClassesTransform: /home/runner/.gradle/caches/modules-2/files-2.1/org.jetbrains.kotlin/kotlin-stdlib-jdk7/1.9.10/bc5bfc2690338defd5195b05c57562f2194eeb10/kotlin-stdlib-jdk7-1.9.10.jar is 73ca6ea78bb321ffeda80cecc5096fcd
Stored cache entry for EnumerateClassesTransform: /home/runner/.gradle/caches/modules-2/files-2.1/org.jetbrains.kotlin/kotlin-stdlib-jdk7/1.9.10/bc5bfc2690338defd5195b05c57562f2194eeb10/kotlin-stdlib-jdk7-1.9.10.jar with cache key 73ca6ea78bb321ffeda80cecc5096fcd
Caching disabled for AarToClassTransform: /home/runner/.gradle/caches/modules-2/files-2.1/androidx.arch.core/core-runtime/2.2.0/39705982680d78556b679ef9d5400d4f17509b0b/core-runtime-2.2.0.aar because:
  Caching not enabled.
Transforming core-runtime-2.2.0.aar (androidx.arch.core:core-runtime:2.2.0) with EnumerateClassesTransform
Build cache key for EnumerateClassesTransform: /home/runner/.gradle/caches/8.9/transforms/d73aa01fd16c2aa63a3175c268c4173b/transformed/core-runtime-2.2.0-runtime.jar is 759a5ee05cb9a23363ce5ec32353514e
Stored cache entry for EnumerateClassesTransform: /home/runner/.gradle/caches/8.9/transforms/d73aa01fd16c2aa63a3175c268c4173b/transformed/core-runtime-2.2.0-runtime.jar with cache key 759a5ee05cb9a23363ce5ec32353514e
Caching disabled for AarToClassTransform: /home/runner/.gradle/caches/modules-2/files-2.1/androidx.interpolator/interpolator/1.0.0/8a01fa254a23b9388571eb6334b03707c7d122d7/interpolator-1.0.0.aar because:
  Caching not enabled.
Transforming interpolator-1.0.0.aar (androidx.interpolator:interpolator:1.0.0) with EnumerateClassesTransform
Build cache key for EnumerateClassesTransform: /home/runner/.gradle/caches/8.9/transforms/4cea39d00df46803600646759b0b3942/transformed/interpolator-1.0.0-runtime.jar is 0ed05afe10fb19c16223ec8ff348af1c
Stored cache entry for EnumerateClassesTransform: /home/runner/.gradle/caches/8.9/transforms/4cea39d00df46803600646759b0b3942/transformed/interpolator-1.0.0-runtime.jar with cache key 0ed05afe10fb19c16223ec8ff348af1c
Found locally available resource with matching checksum: [https://maven.google.com/androidx/collection/collection-ktx/1.4.4/collection-ktx-1.4.4.jar, /home/runner/.gradle/caches/modules-2/files-2.1/androidx.collection/collection-ktx/1.4.4/2ad14aed781c4a73ed4dbb421966d408a0a06686/collection-ktx-1.4.4.jar]
Transforming collection-ktx-1.4.4.jar (androidx.collection:collection-ktx:1.4.4) with IdentityTransform
Caching disabled for IdentityTransform: /home/runner/.gradle/caches/modules-2/files-2.1/androidx.collection/collection-ktx/1.4.4/2ad14aed781c4a73ed4dbb421966d408a0a06686/collection-ktx-1.4.4.jar because:
  Caching not enabled.
Transforming collection-ktx-1.4.4.jar (androidx.collection:collection-ktx:1.4.4) with EnumerateClassesTransform
Build cache key for EnumerateClassesTransform: /home/runner/.gradle/caches/modules-2/files-2.1/androidx.collection/collection-ktx/1.4.4/2ad14aed781c4a73ed4dbb421966d408a0a06686/collection-ktx-1.4.4.jar is 7de75a471259670f224fae7fb99c3e5e
Stored cache entry for EnumerateClassesTransform: /home/runner/.gradle/caches/modules-2/files-2.1/androidx.collection/collection-ktx/1.4.4/2ad14aed781c4a73ed4dbb421966d408a0a06686/collection-ktx-1.4.4.jar with cache key 7de75a471259670f224fae7fb99c3e5e
Caching disabled for AarToClassTransform: /home/runner/.gradle/caches/modules-2/files-2.1/androidx.profileinstaller/profileinstaller/1.3.1/c0bac819b4f88a648011542273373d1e5093e3a7/profileinstaller-1.3.1.aar because:
  Caching not enabled.
Transforming profileinstaller-1.3.1.aar (androidx.profileinstaller:profileinstaller:1.3.1) with EnumerateClassesTransform
Build cache key for EnumerateClassesTransform: /home/runner/.gradle/caches/8.9/transforms/27cb8db4a2ee16561a6493d16fd4e13f/transformed/profileinstaller-1.3.1-runtime.jar is b9799e49ec35fc3f420634332a5f5bf8
Stored cache entry for EnumerateClassesTransform: /home/runner/.gradle/caches/8.9/transforms/27cb8db4a2ee16561a6493d16fd4e13f/transformed/profileinstaller-1.3.1-runtime.jar with cache key b9799e49ec35fc3f420634332a5f5bf8
Caching disabled for AarToClassTransform: /home/runner/.gradle/caches/modules-2/files-2.1/androidx.startup/startup-runtime/1.1.1/9d4ba67056aff98b69eadc1477c19a1e67cb9470/startup-runtime-1.1.1.aar because:
  Caching not enabled.
Transforming startup-runtime-1.1.1.aar (androidx.startup:startup-runtime:1.1.1) with EnumerateClassesTransform
Build cache key for EnumerateClassesTransform: /home/runner/.gradle/caches/8.9/transforms/0bb4987a86e9ff31d589bbe4170ddbdb/transformed/startup-runtime-1.1.1-runtime.jar is f0090aa49f6511df58ff65ac2572656c
Stored cache entry for EnumerateClassesTransform: /home/runner/.gradle/caches/8.9/transforms/0bb4987a86e9ff31d589bbe4170ddbdb/transformed/startup-runtime-1.1.1-runtime.jar with cache key f0090aa49f6511df58ff65ac2572656c
Caching disabled for AarToClassTransform: /home/runner/.gradle/caches/modules-2/files-2.1/androidx.tracing/tracing/1.0.0/69cef34711dffbc517e7a0a419ec4a98f84f496a/tracing-1.0.0.aar because:
  Caching not enabled.
Transforming tracing-1.0.0.aar (androidx.tracing:tracing:1.0.0) with EnumerateClassesTransform
Build cache key for EnumerateClassesTransform: /home/runner/.gradle/caches/8.9/transforms/d582e1764e3b9dde3fb150475432ed11/transformed/tracing-1.0.0-runtime.jar is e3938dfaf8c030fb5df2425e8ee4da8c
Stored cache entry for EnumerateClassesTransform: /home/runner/.gradle/caches/8.9/transforms/d582e1764e3b9dde3fb150475432ed11/transformed/tracing-1.0.0-runtime.jar with cache key e3938dfaf8c030fb5df2425e8ee4da8c
Found locally available resource with matching checksum: [https://maven.google.com/androidx/collection/collection-jvm/1.4.4/collection-jvm-1.4.4.jar, /home/runner/.gradle/caches/modules-2/files-2.1/androidx.collection/collection-jvm/1.4.4/da13a7e557c430276b8cb490420effebc1398c0d/collection-jvm-1.4.4.jar]
Transforming collection-jvm-1.4.4.jar (androidx.collection:collection-jvm:1.4.4) with IdentityTransform
Caching disabled for IdentityTransform: /home/runner/.gradle/caches/modules-2/files-2.1/androidx.collection/collection-jvm/1.4.4/da13a7e557c430276b8cb490420effebc1398c0d/collection-jvm-1.4.4.jar because:
  Caching not enabled.
Transforming collection-jvm-1.4.4.jar (androidx.collection:collection-jvm:1.4.4) with EnumerateClassesTransform
Build cache key for EnumerateClassesTransform: /home/runner/.gradle/caches/modules-2/files-2.1/androidx.collection/collection-jvm/1.4.4/da13a7e557c430276b8cb490420effebc1398c0d/collection-jvm-1.4.4.jar is 90d22aa1cf9abab21402f97037d85a02
Stored cache entry for EnumerateClassesTransform: /home/runner/.gradle/caches/modules-2/files-2.1/androidx.collection/collection-jvm/1.4.4/da13a7e557c430276b8cb490420effebc1398c0d/collection-jvm-1.4.4.jar with cache key 90d22aa1cf9abab21402f97037d85a02
Found locally available resource with matching checksum: [https://maven.google.com/androidx/arch/core/core-common/2.2.0/core-common-2.2.0.jar, /home/runner/.gradle/caches/modules-2/files-2.1/androidx.arch.core/core-common/2.2.0/5e1b8b81dfd5f52c56a8d53b18ca759c19a301f3/core-common-2.2.0.jar]
Transforming core-common-2.2.0.jar (androidx.arch.core:core-common:2.2.0) with IdentityTransform
Caching disabled for IdentityTransform: /home/runner/.gradle/caches/modules-2/files-2.1/androidx.arch.core/core-common/2.2.0/5e1b8b81dfd5f52c56a8d53b18ca759c19a301f3/core-common-2.2.0.jar because:
  Caching not enabled.
Transforming core-common-2.2.0.jar (androidx.arch.core:core-common:2.2.0) with EnumerateClassesTransform
Build cache key for EnumerateClassesTransform: /home/runner/.gradle/caches/modules-2/files-2.1/androidx.arch.core/core-common/2.2.0/5e1b8b81dfd5f52c56a8d53b18ca759c19a301f3/core-common-2.2.0.jar is 7541cef7663df47b5e31c06c3f653011
Stored cache entry for EnumerateClassesTransform: /home/runner/.gradle/caches/modules-2/files-2.1/androidx.arch.core/core-common/2.2.0/5e1b8b81dfd5f52c56a8d53b18ca759c19a301f3/core-common-2.2.0.jar with cache key 7541cef7663df47b5e31c06c3f653011
Found locally available resource with matching checksum: [https://maven.google.com/androidx/concurrent/concurrent-futures/1.1.0/concurrent-futures-1.1.0.jar, /home/runner/.gradle/caches/modules-2/files-2.1/androidx.concurrent/concurrent-futures/1.1.0/50b7fb98350d5f42a4e49704b03278542293ba48/concurrent-futures-1.1.0.jar]
Transforming concurrent-futures-1.1.0.jar (androidx.concurrent:concurrent-futures:1.1.0) with IdentityTransform
Caching disabled for IdentityTransform: /home/runner/.gradle/caches/modules-2/files-2.1/androidx.concurrent/concurrent-futures/1.1.0/50b7fb98350d5f42a4e49704b03278542293ba48/concurrent-futures-1.1.0.jar because:
  Caching not enabled.
Transforming concurrent-futures-1.1.0.jar (androidx.concurrent:concurrent-futures:1.1.0) with EnumerateClassesTransform
Build cache key for EnumerateClassesTransform: /home/runner/.gradle/caches/modules-2/files-2.1/androidx.concurrent/concurrent-futures/1.1.0/50b7fb98350d5f42a4e49704b03278542293ba48/concurrent-futures-1.1.0.jar is de885fc12c03838f47d7127d3964974c
Stored cache entry for EnumerateClassesTransform: /home/runner/.gradle/caches/modules-2/files-2.1/androidx.concurrent/concurrent-futures/1.1.0/50b7fb98350d5f42a4e49704b03278542293ba48/concurrent-futures-1.1.0.jar with cache key de885fc12c03838f47d7127d3964974c
Found locally available resource with matching checksum: [https://repo.maven.apache.org/maven2/com/google/code/gson/gson/2.11.0/gson-2.11.0.jar, /home/runner/.gradle/caches/modules-2/files-2.1/com.google.code.gson/gson/2.11.0/527175ca6d81050b53bdd4c457a6d6e017626b0e/gson-2.11.0.jar]
Transforming gson-2.11.0.jar (com.google.code.gson:gson:2.11.0) with IdentityTransform
Found locally available resource with matching checksum: [https://repo.maven.apache.org/maven2/org/jetbrains/kotlin/kotlin-stdlib/2.0.21/kotlin-stdlib-2.0.21.jar, /home/runner/.gradle/caches/modules-2/files-2.1/org.jetbrains.kotlin/kotlin-stdlib/2.0.21/618b539767b4899b4660a83006e052b63f1db551/kotlin-stdlib-2.0.21.jar]
Caching disabled for IdentityTransform: /home/runner/.gradle/caches/modules-2/files-2.1/com.google.code.gson/gson/2.11.0/527175ca6d81050b53bdd4c457a6d6e017626b0e/gson-2.11.0.jar because:
  Caching not enabled.
Transforming gson-2.11.0.jar (com.google.code.gson:gson:2.11.0) with EnumerateClassesTransform
Transforming kotlin-stdlib-2.0.21.jar (org.jetbrains.kotlin:kotlin-stdlib:2.0.21) with IdentityTransform
Build cache key for EnumerateClassesTransform: /home/runner/.gradle/caches/modules-2/files-2.1/com.google.code.gson/gson/2.11.0/527175ca6d81050b53bdd4c457a6d6e017626b0e/gson-2.11.0.jar is 6a3a435e5d57a519276bb3d27b305b20
Stored cache entry for EnumerateClassesTransform: /home/runner/.gradle/caches/modules-2/files-2.1/com.google.code.gson/gson/2.11.0/527175ca6d81050b53bdd4c457a6d6e017626b0e/gson-2.11.0.jar with cache key 6a3a435e5d57a519276bb3d27b305b20
Caching disabled for IdentityTransform: /home/runner/.gradle/caches/modules-2/files-2.1/org.jetbrains.kotlin/kotlin-stdlib/2.0.21/618b539767b4899b4660a83006e052b63f1db551/kotlin-stdlib-2.0.21.jar because:
  Caching not enabled.
Transforming kotlin-stdlib-2.0.21.jar (org.jetbrains.kotlin:kotlin-stdlib:2.0.21) with EnumerateClassesTransform
Found locally available resource with matching checksum: [https://repo.maven.apache.org/maven2/org/jsoup/jsoup/1.18.1/jsoup-1.18.1.jar, /home/runner/.gradle/caches/modules-2/files-2.1/org.jsoup/jsoup/1.18.1/cb7cd991d47b44101cbe4655dec611cdc01f8a02/jsoup-1.18.1.jar]
Transforming jsoup-1.18.1.jar (org.jsoup:jsoup:1.18.1) with IdentityTransform
Caching disabled for IdentityTransform: /home/runner/.gradle/caches/modules-2/files-2.1/org.jsoup/jsoup/1.18.1/cb7cd991d47b44101cbe4655dec611cdc01f8a02/jsoup-1.18.1.jar because:
  Caching not enabled.
Transforming jsoup-1.18.1.jar (org.jsoup:jsoup:1.18.1) with EnumerateClassesTransform
Build cache key for EnumerateClassesTransform: /home/runner/.gradle/caches/modules-2/files-2.1/org.jetbrains.kotlin/kotlin-stdlib/2.0.21/618b539767b4899b4660a83006e052b63f1db551/kotlin-stdlib-2.0.21.jar is 88af925103e29941e66925eed2c586e1
Build cache key for EnumerateClassesTransform: /home/runner/.gradle/caches/modules-2/files-2.1/org.jsoup/jsoup/1.18.1/cb7cd991d47b44101cbe4655dec611cdc01f8a02/jsoup-1.18.1.jar is e51a8bf06471e5e165954eb38b9ba007
Stored cache entry for EnumerateClassesTransform: /home/runner/.gradle/caches/modules-2/files-2.1/org.jetbrains.kotlin/kotlin-stdlib/2.0.21/618b539767b4899b4660a83006e052b63f1db551/kotlin-stdlib-2.0.21.jar with cache key 88af925103e29941e66925eed2c586e1
Stored cache entry for EnumerateClassesTransform: /home/runner/.gradle/caches/modules-2/files-2.1/org.jsoup/jsoup/1.18.1/cb7cd991d47b44101cbe4655dec611cdc01f8a02/jsoup-1.18.1.jar with cache key e51a8bf06471e5e165954eb38b9ba007
Found locally available resource with matching checksum: [https://repo.maven.apache.org/maven2/org/jetbrains/annotations/23.0.0/annotations-23.0.0.jar, /home/runner/.gradle/caches/modules-2/files-2.1/org.jetbrains/annotations/23.0.0/8cc20c07506ec18e0834947b84a864bfc094484e/annotations-23.0.0.jar]
Transforming annotations-23.0.0.jar (org.jetbrains:annotations:23.0.0) with IdentityTransform
Caching disabled for IdentityTransform: /home/runner/.gradle/caches/modules-2/files-2.1/org.jetbrains/annotations/23.0.0/8cc20c07506ec18e0834947b84a864bfc094484e/annotations-23.0.0.jar because:
  Caching not enabled.
Transforming annotations-23.0.0.jar (org.jetbrains:annotations:23.0.0) with EnumerateClassesTransform
Build cache key for EnumerateClassesTransform: /home/runner/.gradle/caches/modules-2/files-2.1/org.jetbrains/annotations/23.0.0/8cc20c07506ec18e0834947b84a864bfc094484e/annotations-23.0.0.jar is 04782651555c91e6dafaebb62b23847a
Found locally available resource with matching checksum: [https://repo.maven.apache.org/maven2/com/google/dagger/hilt-core/2.52/hilt-core-2.52.jar, /home/runner/.gradle/caches/modules-2/files-2.1/com.google.dagger/hilt-core/2.52/d8e3f33770f8b5d9e2e29a303278c3e41faa9980/hilt-core-2.52.jar]
Transforming hilt-core-2.52.jar (com.google.dagger:hilt-core:2.52) with IdentityTransform
Caching disabled for IdentityTransform: /home/runner/.gradle/caches/modules-2/files-2.1/com.google.dagger/hilt-core/2.52/d8e3f33770f8b5d9e2e29a303278c3e41faa9980/hilt-core-2.52.jar because:
  Caching not enabled.
Transforming hilt-core-2.52.jar (com.google.dagger:hilt-core:2.52) with EnumerateClassesTransform
Build cache key for EnumerateClassesTransform: /home/runner/.gradle/caches/modules-2/files-2.1/com.google.dagger/hilt-core/2.52/d8e3f33770f8b5d9e2e29a303278c3e41faa9980/hilt-core-2.52.jar is 3db1f63a994a2c25fdd4f0898817407a
Stored cache entry for EnumerateClassesTransform: /home/runner/.gradle/caches/modules-2/files-2.1/org.jetbrains/annotations/23.0.0/8cc20c07506ec18e0834947b84a864bfc094484e/annotations-23.0.0.jar with cache key 04782651555c91e6dafaebb62b23847a
Caching disabled for IdentityTransform: /home/runner/.gradle/caches/modules-2/files-2.1/com.google.dagger/dagger/2.52/c385ea51a9873b238d183faa22d54c00d65195ac/dagger-2.52.jar because:
  Caching not enabled.
Stored cache entry for EnumerateClassesTransform: /home/runner/.gradle/caches/modules-2/files-2.1/com.google.dagger/hilt-core/2.52/d8e3f33770f8b5d9e2e29a303278c3e41faa9980/hilt-core-2.52.jar with cache key 3db1f63a994a2c25fdd4f0898817407a
Caching disabled for AarToClassTransform: /home/runner/.gradle/caches/modules-2/files-2.1/com.google.dagger/dagger-lint-aar/2.52/9e8414397e2487f21e697844837aa399a5161d0b/dagger-lint-aar-2.52.aar because:
  Caching not enabled.
Transforming dagger-2.52.jar (com.google.dagger:dagger:2.52) with EnumerateClassesTransform
Transforming dagger-lint-aar-2.52.aar (com.google.dagger:dagger-lint-aar:2.52) with EnumerateClassesTransform
Build cache key for EnumerateClassesTransform: /home/runner/.gradle/caches/8.9/transforms/a8d0c4a1cc7319871cf776a86b52492b/transformed/dagger-lint-aar-2.52-runtime.jar is d6595da4bd67c648d9a4ffffa131a404
Build cache key for EnumerateClassesTransform: /home/runner/.gradle/caches/modules-2/files-2.1/com.google.dagger/dagger/2.52/c385ea51a9873b238d183faa22d54c00d65195ac/dagger-2.52.jar is 04b0f808be7206393c9226bd5f4440f3
Stored cache entry for EnumerateClassesTransform: /home/runner/.gradle/caches/8.9/transforms/a8d0c4a1cc7319871cf776a86b52492b/transformed/dagger-lint-aar-2.52-runtime.jar with cache key d6595da4bd67c648d9a4ffffa131a404
Caching disabled for IdentityTransform: /home/runner/.gradle/caches/modules-2/files-2.1/com.google.code.findbugs/jsr305/3.0.2/25ea2e8b0c338a877313bd4672d3fe056ea78f0d/jsr305-3.0.2.jar because:
  Caching not enabled.
Stored cache entry for EnumerateClassesTransform: /home/runner/.gradle/caches/modules-2/files-2.1/com.google.dagger/dagger/2.52/c385ea51a9873b238d183faa22d54c00d65195ac/dagger-2.52.jar with cache key 04b0f808be7206393c9226bd5f4440f3
Transforming jsr305-3.0.2.jar (com.google.code.findbugs:jsr305:3.0.2) with EnumerateClassesTransform
Build cache key for EnumerateClassesTransform: /home/runner/.gradle/caches/modules-2/files-2.1/com.google.code.findbugs/jsr305/3.0.2/25ea2e8b0c338a877313bd4672d3fe056ea78f0d/jsr305-3.0.2.jar is 9c80b7f1c25bd9dc654f9eadeb00ab10
Caching disabled for IdentityTransform: /home/runner/.gradle/caches/modules-2/files-2.1/javax.inject/javax.inject/1/6975da39a7040257bd51d21a231b76c915872d38/javax.inject-1.jar because:
  Caching not enabled.
Stored cache entry for EnumerateClassesTransform: /home/runner/.gradle/caches/modules-2/files-2.1/com.google.code.findbugs/jsr305/3.0.2/25ea2e8b0c338a877313bd4672d3fe056ea78f0d/jsr305-3.0.2.jar with cache key 9c80b7f1c25bd9dc654f9eadeb00ab10
Transforming javax.inject-1.jar (javax.inject:javax.inject:1) with EnumerateClassesTransform
Build cache key for EnumerateClassesTransform: /home/runner/.gradle/caches/modules-2/files-2.1/javax.inject/javax.inject/1/6975da39a7040257bd51d21a231b76c915872d38/javax.inject-1.jar is bd6aaa4d7df4ee72a62c410b8ae74dc6
Stored cache entry for EnumerateClassesTransform: /home/runner/.gradle/caches/modules-2/files-2.1/javax.inject/javax.inject/1/6975da39a7040257bd51d21a231b76c915872d38/javax.inject-1.jar with cache key bd6aaa4d7df4ee72a62c410b8ae74dc6
Caching disabled for IdentityTransform: /home/runner/.gradle/caches/modules-2/files-2.1/jakarta.inject/jakarta.inject-api/2.0.1/4c28afe1991a941d7702fe1362c365f0a8641d1e/jakarta.inject-api-2.0.1.jar because:
  Caching not enabled.
Transforming jakarta.inject-api-2.0.1.jar (jakarta.inject:jakarta.inject-api:2.0.1) with EnumerateClassesTransform
Build cache key for EnumerateClassesTransform: /home/runner/.gradle/caches/modules-2/files-2.1/jakarta.inject/jakarta.inject-api/2.0.1/4c28afe1991a941d7702fe1362c365f0a8641d1e/jakarta.inject-api-2.0.1.jar is 5213322113aab1a3774a677e5d9cff7e
Stored cache entry for EnumerateClassesTransform: /home/runner/.gradle/caches/modules-2/files-2.1/jakarta.inject/jakarta.inject-api/2.0.1/4c28afe1991a941d7702fe1362c365f0a8641d1e/jakarta.inject-api-2.0.1.jar with cache key 5213322113aab1a3774a677e5d9cff7e
Found locally available resource with matching checksum: [https://repo.maven.apache.org/maven2/com/google/errorprone/error_prone_annotations/2.27.0/error_prone_annotations-2.27.0.jar, /home/runner/.gradle/caches/modules-2/files-2.1/com.google.errorprone/error_prone_annotations/2.27.0/91b2c29d8a6148b5e2e4930f070d4840e2e48e34/error_prone_annotations-2.27.0.jar]
Transforming error_prone_annotations-2.27.0.jar (com.google.errorprone:error_prone_annotations:2.27.0) with IdentityTransform
Caching disabled for IdentityTransform: /home/runner/.gradle/caches/modules-2/files-2.1/com.google.errorprone/error_prone_annotations/2.27.0/91b2c29d8a6148b5e2e4930f070d4840e2e48e34/error_prone_annotations-2.27.0.jar because:
  Caching not enabled.
Found locally available resource with matching checksum: [https://repo.maven.apache.org/maven2/com/google/guava/listenablefuture/1.0/listenablefuture-1.0.jar, /home/runner/.gradle/caches/modules-2/files-2.1/com.google.guava/listenablefuture/1.0/c949a840a6acbc5268d088e47b04177bf90b3cad/listenablefuture-1.0.jar]
Transforming error_prone_annotations-2.27.0.jar (com.google.errorprone:error_prone_annotations:2.27.0) with EnumerateClassesTransform
Transforming listenablefuture-1.0.jar (com.google.guava:listenablefuture:1.0) with IdentityTransform
Build cache key for EnumerateClassesTransform: /home/runner/.gradle/caches/modules-2/files-2.1/com.google.errorprone/error_prone_annotations/2.27.0/91b2c29d8a6148b5e2e4930f070d4840e2e48e34/error_prone_annotations-2.27.0.jar is e167e46f4ebed66d5ac4cf6445e7b5aa
Caching disabled for IdentityTransform: /home/runner/.gradle/caches/modules-2/files-2.1/com.google.guava/listenablefuture/1.0/c949a840a6acbc5268d088e47b04177bf90b3cad/listenablefuture-1.0.jar because:
  Caching not enabled.
Transforming listenablefuture-1.0.jar (com.google.guava:listenablefuture:1.0) with EnumerateClassesTransform
Build cache key for EnumerateClassesTransform: /home/runner/.gradle/caches/modules-2/files-2.1/com.google.guava/listenablefuture/1.0/c949a840a6acbc5268d088e47b04177bf90b3cad/listenablefuture-1.0.jar is 335266f2f543aed5d957f4dcf8d4939a
Stored cache entry for EnumerateClassesTransform: /home/runner/.gradle/caches/modules-2/files-2.1/com.google.errorprone/error_prone_annotations/2.27.0/91b2c29d8a6148b5e2e4930f070d4840e2e48e34/error_prone_annotations-2.27.0.jar with cache key e167e46f4ebed66d5ac4cf6445e7b5aa
Stored cache entry for EnumerateClassesTransform: /home/runner/.gradle/caches/modules-2/files-2.1/com.google.guava/listenablefuture/1.0/c949a840a6acbc5268d088e47b04177bf90b3cad/listenablefuture-1.0.jar with cache key 335266f2f543aed5d957f4dcf8d4939a
Found locally available resource with matching checksum: [https://maven.google.com/androidx/annotation/annotation-jvm/1.8.1/annotation-jvm-1.8.1.jar, /home/runner/.gradle/caches/modules-2/files-2.1/androidx.annotation/annotation-jvm/1.8.1/b8a16fe526014b7941c1debaccaf9c5153692dbb/annotation-jvm-1.8.1.jar]
Transforming annotation-jvm-1.8.1.jar (androidx.annotation:annotation-jvm:1.8.1) with IdentityTransform
Caching disabled for IdentityTransform: /home/runner/.gradle/caches/modules-2/files-2.1/androidx.annotation/annotation-jvm/1.8.1/b8a16fe526014b7941c1debaccaf9c5153692dbb/annotation-jvm-1.8.1.jar because:
  Caching not enabled.
Transforming annotation-jvm-1.8.1.jar (androidx.annotation:annotation-jvm:1.8.1) with EnumerateClassesTransform
Build cache key for EnumerateClassesTransform: /home/runner/.gradle/caches/modules-2/files-2.1/androidx.annotation/annotation-jvm/1.8.1/b8a16fe526014b7941c1debaccaf9c5153692dbb/annotation-jvm-1.8.1.jar is 469ed8033dc28f8d7f05e069fbad0161
Stored cache entry for EnumerateClassesTransform: /home/runner/.gradle/caches/modules-2/files-2.1/androidx.annotation/annotation-jvm/1.8.1/b8a16fe526014b7941c1debaccaf9c5153692dbb/annotation-jvm-1.8.1.jar with cache key 469ed8033dc28f8d7f05e069fbad0161
Transforming material-icons-extended-release.aar (androidx.compose.material:material-icons-extended-android:1.7.5) with EnumerateClassesTransform
Build cache key for EnumerateClassesTransform: /home/runner/.gradle/caches/8.9/transforms/ff334b94275f64ca219209bf495c3ab6/transformed/material-icons-extended-release-runtime.jar is 5ead2b505ef5d093e5e38f75b74a58f6
Stored cache entry for EnumerateClassesTransform: /home/runner/.gradle/caches/8.9/transforms/ff334b94275f64ca219209bf495c3ab6/transformed/material-icons-extended-release-runtime.jar with cache key 5ead2b505ef5d093e5e38f75b74a58f6
Caching disabled for task ':app:checkDebugDuplicateClasses' because:
  Caching has been disabled for the task
Task ':app:checkDebugDuplicateClasses' is not up-to-date because:
  No history is available.

> Task :app:processDebugManifestForPackage
Stored cache entry for task ':app:processDebugManifestForPackage' with cache key ccf45a99e2a9ea16b921f9d74e7479ec
Resolve mutations for :app:processDebugResources (Thread[included builds,5,main]) started.
:app:processDebugResources (Thread[Execution worker,5,main]) started.

> Task :app:mergeDebugNativeLibs
Transforming hilt-navigation-compose-1.2.0.aar (androidx.hilt:hilt-navigation-compose:1.2.0) with ExtractAarTransform
Transforming hilt-navigation-compose-1.2.0.aar (androidx.hilt:hilt-navigation-compose:1.2.0) with AarTransform
Transforming hilt-navigation-1.2.0.aar (androidx.hilt:hilt-navigation:1.2.0) with ExtractAarTransform
Transforming hilt-navigation-1.2.0.aar (androidx.hilt:hilt-navigation:1.2.0) with AarTransform
Transforming navigation-common-2.8.3.aar (androidx.navigation:navigation-common:2.8.3) with ExtractAarTransform
Transforming navigation-common-2.8.3.aar (androidx.navigation:navigation-common:2.8.3) with AarTransform
Transforming navigation-runtime-2.8.3.aar (androidx.navigation:navigation-runtime:2.8.3) with ExtractAarTransform
Transforming navigation-runtime-2.8.3.aar (androidx.navigation:navigation-runtime:2.8.3) with AarTransform
Transforming navigation-common-ktx-2.8.3.aar (androidx.navigation:navigation-common-ktx:2.8.3) with ExtractAarTransform
Transforming navigation-common-ktx-2.8.3.aar (androidx.navigation:navigation-common-ktx:2.8.3) with AarTransform
Transforming navigation-runtime-ktx-2.8.3.aar (androidx.navigation:navigation-runtime-ktx:2.8.3) with ExtractAarTransform
Transforming navigation-runtime-ktx-2.8.3.aar (androidx.navigation:navigation-runtime-ktx:2.8.3) with AarTransform
Transforming navigation-compose-2.8.3.aar (androidx.navigation:navigation-compose:2.8.3) with ExtractAarTransform
Transforming navigation-compose-2.8.3.aar (androidx.navigation:navigation-compose:2.8.3) with AarTransform
Transforming hilt-android-2.52.aar (com.google.dagger:hilt-android:2.52) with ExtractAarTransform
Transforming hilt-android-2.52.aar (com.google.dagger:hilt-android:2.52) with AarTransform
Transforming fragment-1.5.1.aar (androidx.fragment:fragment:1.5.1) with ExtractAarTransform
Transforming fragment-1.5.1.aar (androidx.fragment:fragment:1.5.1) with AarTransform
Transforming activity-1.9.3.aar (androidx.activity:activity:1.9.3) with ExtractAarTransform
Transforming activity-1.9.3.aar (androidx.activity:activity:1.9.3) with AarTransform
Transforming activity-ktx-1.9.3.aar (androidx.activity:activity-ktx:1.9.3) with ExtractAarTransform
Transforming activity-ktx-1.9.3.aar (androidx.activity:activity-ktx:1.9.3) with AarTransform
Transforming material3-release.aar (androidx.compose.material3:material3-android:1.3.1) with ExtractAarTransform
Transforming material3-release.aar (androidx.compose.material3:material3-android:1.3.1) with AarTransform
Transforming material-release.aar (androidx.compose.material:material-android:1.7.5) with ExtractAarTransform
Transforming material-release.aar (androidx.compose.material:material-android:1.7.5) with AarTransform
Transforming animation-core-release.aar (androidx.compose.animation:animation-core-android:1.7.5) with ExtractAarTransform
Transforming animation-core-release.aar (androidx.compose.animation:animation-core-android:1.7.5) with AarTransform
Transforming material-ripple-release.aar (androidx.compose.material:material-ripple-android:1.7.5) with ExtractAarTransform
Transforming material-ripple-release.aar (androidx.compose.material:material-ripple-android:1.7.5) with AarTransform
Transforming animation-release.aar (androidx.compose.animation:animation-android:1.7.5) with ExtractAarTransform
Transforming animation-release.aar (androidx.compose.animation:animation-android:1.7.5) with AarTransform
Caching disabled for AarTransform: /home/runner/.gradle/caches/8.9/transforms/12ec77c8f0ef27e9e667039aa0010280/transformed/hilt-navigation-compose-1.2.0 because:
  Caching not enabled.
Transforming foundation-layout-release.aar (androidx.compose.foundation:foundation-layout-android:1.7.5) with ExtractAarTransform
Transforming foundation-layout-release.aar (androidx.compose.foundation:foundation-layout-android:1.7.5) with AarTransform
Transforming foundation-release.aar (androidx.compose.foundation:foundation-android:1.7.5) with ExtractAarTransform
Transforming foundation-release.aar (androidx.compose.foundation:foundation-android:1.7.5) with AarTransform
Transforming ui-tooling-data-release.aar (androidx.compose.ui:ui-tooling-data-android:1.7.5) with ExtractAarTransform
Transforming ui-tooling-data-release.aar (androidx.compose.ui:ui-tooling-data-android:1.7.5) with AarTransform
Transforming ui-unit-release.aar (androidx.compose.ui:ui-unit-android:1.7.5) with ExtractAarTransform
Transforming ui-unit-release.aar (androidx.compose.ui:ui-unit-android:1.7.5) with AarTransform
Transforming ui-geometry-release.aar (androidx.compose.ui:ui-geometry-android:1.7.5) with ExtractAarTransform
Transforming ui-geometry-release.aar (androidx.compose.ui:ui-geometry-android:1.7.5) with AarTransform
Transforming ui-util-release.aar (androidx.compose.ui:ui-util-android:1.7.5) with ExtractAarTransform
Transforming ui-util-release.aar (androidx.compose.ui:ui-util-android:1.7.5) with AarTransform
Transforming ui-text-release.aar (androidx.compose.ui:ui-text-android:1.7.5) with ExtractAarTransform
Transforming ui-text-release.aar (androidx.compose.ui:ui-text-android:1.7.5) with AarTransform
Transforming ui-tooling-preview-release.aar (androidx.compose.ui:ui-tooling-preview-android:1.7.5) with ExtractAarTransform
Transforming ui-tooling-preview-release.aar (androidx.compose.ui:ui-tooling-preview-android:1.7.5) with AarTransform
Transforming ui-graphics-release.aar (androidx.compose.ui:ui-graphics-android:1.7.5) with ExtractAarTransform
Transforming ui-graphics-release.aar (androidx.compose.ui:ui-graphics-android:1.7.5) with AarTransform
Transforming ui-tooling-release.aar (androidx.compose.ui:ui-tooling-android:1.7.5) with ExtractAarTransform
Transforming ui-tooling-release.aar (androidx.compose.ui:ui-tooling-android:1.7.5) with AarTransform
Transforming activity-compose-1.9.3.aar (androidx.activity:activity-compose:1.9.3) with ExtractAarTransform
Transforming activity-compose-1.9.3.aar (androidx.activity:activity-compose:1.9.3) with AarTransform
Transforming savedstate-ktx-1.2.1.aar (androidx.savedstate:savedstate-ktx:1.2.1) with ExtractAarTransform
Transforming savedstate-ktx-1.2.1.aar (androidx.savedstate:savedstate-ktx:1.2.1) with AarTransform
Transforming savedstate-1.2.1.aar (androidx.savedstate:savedstate:1.2.1) with ExtractAarTransform
Transforming savedstate-1.2.1.aar (androidx.savedstate:savedstate:1.2.1) with AarTransform
Transforming loader-1.0.0.aar (androidx.loader:loader:1.0.0) with ExtractAarTransform
Transforming loader-1.0.0.aar (androidx.loader:loader:1.0.0) with AarTransform
Transforming emoji2-1.3.0.aar (androidx.emoji2:emoji2:1.3.0) with ExtractAarTransform
Transforming emoji2-1.3.0.aar (androidx.emoji2:emoji2:1.3.0) with AarTransform
Transforming lifecycle-process-2.8.6.aar (androidx.lifecycle:lifecycle-process:2.8.6) with ExtractAarTransform
Transforming lifecycle-process-2.8.6.aar (androidx.lifecycle:lifecycle-process:2.8.6) with AarTransform
Transforming lifecycle-livedata-core-ktx-2.8.6.aar (androidx.lifecycle:lifecycle-livedata-core-ktx:2.8.6) with ExtractAarTransform
Transforming lifecycle-livedata-core-ktx-2.8.6.aar (androidx.lifecycle:lifecycle-livedata-core-ktx:2.8.6) with AarTransform
Transforming lifecycle-livedata-2.8.6.aar (androidx.lifecycle:lifecycle-livedata:2.8.6) with ExtractAarTransform
Transforming lifecycle-livedata-2.8.6.aar (androidx.lifecycle:lifecycle-livedata:2.8.6) with AarTransform
Transforming lifecycle-viewmodel-2.8.6.aar (androidx.lifecycle:lifecycle-viewmodel:2.8.6) with ExtractAarTransform
Transforming lifecycle-viewmodel-2.8.6.aar (androidx.lifecycle:lifecycle-viewmodel:2.8.6) with AarTransform
Transforming lifecycle-viewmodel-release.aar (androidx.lifecycle:lifecycle-viewmodel-android:2.8.6) with ExtractAarTransform
Transforming lifecycle-viewmodel-release.aar (androidx.lifecycle:lifecycle-viewmodel-android:2.8.6) with AarTransform
Transforming lifecycle-common-jvm-2.8.6.jar (androidx.lifecycle:lifecycle-common-jvm:2.8.6) with ExtractJniTransform
Transforming lifecycle-runtime-release.aar (androidx.lifecycle:lifecycle-runtime-android:2.8.6) with ExtractAarTransform
Transforming lifecycle-runtime-release.aar (androidx.lifecycle:lifecycle-runtime-android:2.8.6) with AarTransform
Transforming lifecycle-common-java8-2.8.6.jar (androidx.lifecycle:lifecycle-common-java8:2.8.6) with ExtractJniTransform
Transforming lifecycle-livedata-core-2.8.6.aar (androidx.lifecycle:lifecycle-livedata-core:2.8.6) with ExtractAarTransform
Transforming lifecycle-livedata-core-2.8.6.aar (androidx.lifecycle:lifecycle-livedata-core:2.8.6) with AarTransform
Transforming lifecycle-viewmodel-ktx-2.8.6.aar (androidx.lifecycle:lifecycle-viewmodel-ktx:2.8.6) with ExtractAarTransform
Transforming lifecycle-viewmodel-ktx-2.8.6.aar (androidx.lifecycle:lifecycle-viewmodel-ktx:2.8.6) with AarTransform
Transforming lifecycle-viewmodel-savedstate-2.8.6.aar (androidx.lifecycle:lifecycle-viewmodel-savedstate:2.8.6) with ExtractAarTransform
Transforming lifecycle-viewmodel-savedstate-2.8.6.aar (androidx.lifecycle:lifecycle-viewmodel-savedstate:2.8.6) with AarTransform
Transforming lifecycle-runtime-compose-release.aar (androidx.lifecycle:lifecycle-runtime-compose-android:2.8.6) with ExtractAarTransform
Transforming lifecycle-runtime-compose-release.aar (androidx.lifecycle:lifecycle-runtime-compose-android:2.8.6) with AarTransform
Transforming lifecycle-runtime-ktx-release.aar (androidx.lifecycle:lifecycle-runtime-ktx-android:2.8.6) with ExtractAarTransform
Transforming lifecycle-runtime-ktx-release.aar (androidx.lifecycle:lifecycle-runtime-ktx-android:2.8.6) with AarTransform
Transforming lifecycle-viewmodel-compose-release.aar (androidx.lifecycle:lifecycle-viewmodel-compose-android:2.8.6) with ExtractAarTransform
Transforming lifecycle-viewmodel-compose-release.aar (androidx.lifecycle:lifecycle-viewmodel-compose-android:2.8.6) with AarTransform
Transforming material-icons-extended-release.aar (androidx.compose.material:material-icons-extended-android:1.7.5) with ExtractAarTransform
Transforming material-icons-extended-release.aar (androidx.compose.material:material-icons-extended-android:1.7.5) with AarTransform
Transforming material-icons-core-release.aar (androidx.compose.material:material-icons-core-android:1.7.5) with ExtractAarTransform
Transforming material-icons-core-release.aar (androidx.compose.material:material-icons-core-android:1.7.5) with AarTransform
Transforming ui-release.aar (androidx.compose.ui:ui-android:1.7.5) with ExtractAarTransform
Transforming ui-release.aar (androidx.compose.ui:ui-android:1.7.5) with AarTransform
Transforming viewpager-1.0.0.aar (androidx.viewpager:viewpager:1.0.0) with ExtractAarTransform
Transforming viewpager-1.0.0.aar (androidx.viewpager:viewpager:1.0.0) with AarTransform
Transforming autofill-1.0.0.aar (androidx.autofill:autofill:1.0.0) with ExtractAarTransform
Transforming autofill-1.0.0.aar (androidx.autofill:autofill:1.0.0) with AarTransform
Transforming graphics-path-1.0.1.aar (androidx.graphics:graphics-path:1.0.1) with ExtractAarTransform
Transforming graphics-path-1.0.1.aar (androidx.graphics:graphics-path:1.0.1) with AarTransform
Transforming customview-1.0.0.aar (androidx.customview:customview:1.0.0) with ExtractAarTransform
Transforming customview-1.0.0.aar (androidx.customview:customview:1.0.0) with AarTransform
Transforming core-1.13.1.aar (androidx.core:core:1.13.1) with ExtractAarTransform
Transforming core-1.13.1.aar (androidx.core:core:1.13.1) with AarTransform
Transforming core-1.13.1.aar (androidx.core:core:1.13.1) with ExtractAarTransform
Transforming core-1.13.1.aar (androidx.core:core:1.13.1) with AarTransform
Transforming core-1.13.1.aar (androidx.core:core:1.13.1) with ExtractAarTransform
Transforming core-1.13.1.aar (androidx.core:core:1.13.1) with AarTransform
Caching disabled for AarTransform: /home/runner/.gradle/caches/8.9/transforms/ad4d9f30753e121dfdf5f15fa8c11043/transformed/hilt-navigation-1.2.0 because:
  Caching not enabled.
Transforming core-1.13.1.aar (androidx.core:core:1.13.1) with ExtractAarTransform
Transforming core-1.13.1.aar (androidx.core:core:1.13.1) with AarTransform
Transforming core-1.13.1.aar (androidx.core:core:1.13.1) with ExtractAarTransform
Transforming core-1.13.1.aar (androidx.core:core:1.13.1) with AarTransform
Transforming customview-poolingcontainer-1.0.0.aar (androidx.customview:customview-poolingcontainer:1.0.0) with ExtractAarTransform
Transforming customview-poolingcontainer-1.0.0.aar (androidx.customview:customview-poolingcontainer:1.0.0) with AarTransform
Transforming core-ktx-1.13.1.aar (androidx.core:core-ktx:1.13.1) with ExtractAarTransform
Transforming core-ktx-1.13.1.aar (androidx.core:core-ktx:1.13.1) with AarTransform
Transforming room-common-2.6.1.jar (androidx.room:room-common:2.6.1) with ExtractJniTransform
Transforming room-runtime-2.6.1.aar (androidx.room:room-runtime:2.6.1) with ExtractAarTransform
Transforming room-runtime-2.6.1.aar (androidx.room:room-runtime:2.6.1) with AarTransform
Transforming room-ktx-2.6.1.aar (androidx.room:room-ktx:2.6.1) with ExtractAarTransform
Transforming room-ktx-2.6.1.aar (androidx.room:room-ktx:2.6.1) with AarTransform
Transforming runtime-saveable-release.aar (androidx.compose.runtime:runtime-saveable-android:1.7.5) with ExtractAarTransform
Transforming runtime-saveable-release.aar (androidx.compose.runtime:runtime-saveable-android:1.7.5) with AarTransform
Transforming runtime-release.aar (androidx.compose.runtime:runtime-android:1.7.5) with ExtractAarTransform
Transforming runtime-release.aar (androidx.compose.runtime:runtime-android:1.7.5) with AarTransform
Transforming kotlinx-coroutines-core-jvm-1.8.1.jar (org.jetbrains.kotlinx:kotlinx-coroutines-core-jvm:1.8.1) with ExtractJniTransform
Transforming kotlinx-coroutines-android-1.8.1.jar (org.jetbrains.kotlinx:kotlinx-coroutines-android:1.8.1) with ExtractJniTransform
Transforming sqlite-framework-2.4.0.aar (androidx.sqlite:sqlite-framework:2.4.0) with ExtractAarTransform
Transforming sqlite-framework-2.4.0.aar (androidx.sqlite:sqlite-framework:2.4.0) with AarTransform
Transforming sqlite-2.4.0.aar (androidx.sqlite:sqlite:2.4.0) with ExtractAarTransform
Transforming sqlite-2.4.0.aar (androidx.sqlite:sqlite:2.4.0) with AarTransform
Transforming kotlinx-serialization-core-jvm-1.6.3.jar (org.jetbrains.kotlinx:kotlinx-serialization-core-jvm:1.6.3) with ExtractJniTransform
Transforming okhttp-4.12.0.jar (com.squareup.okhttp3:okhttp:4.12.0) with ExtractJniTransform
Transforming okio-jvm-3.6.0.jar (com.squareup.okio:okio-jvm:3.6.0) with ExtractJniTransform
Transforming annotation-experimental-1.4.1.aar (androidx.annotation:annotation-experimental:1.4.1) with ExtractAarTransform
Transforming annotation-experimental-1.4.1.aar (androidx.annotation:annotation-experimental:1.4.1) with AarTransform
Transforming kotlin-stdlib-jdk8-1.9.10.jar (org.jetbrains.kotlin:kotlin-stdlib-jdk8:1.9.10) with ExtractJniTransform
Transforming versionedparcelable-1.1.1.aar (androidx.versionedparcelable:versionedparcelable:1.1.1) with ExtractAarTransform
Transforming versionedparcelable-1.1.1.aar (androidx.versionedparcelable:versionedparcelable:1.1.1) with AarTransform
Transforming collection-ktx-1.4.4.jar (androidx.collection:collection-ktx:1.4.4) with ExtractJniTransform
Transforming collection-jvm-1.4.4.jar (androidx.collection:collection-jvm:1.4.4) with ExtractJniTransform
Transforming kotlin-stdlib-jdk7-1.9.10.jar (org.jetbrains.kotlin:kotlin-stdlib-jdk7:1.9.10) with ExtractJniTransform
Transforming core-runtime-2.2.0.aar (androidx.arch.core:core-runtime:2.2.0) with ExtractAarTransform
Transforming core-runtime-2.2.0.aar (androidx.arch.core:core-runtime:2.2.0) with AarTransform
Transforming interpolator-1.0.0.aar (androidx.interpolator:interpolator:1.0.0) with ExtractAarTransform
Transforming interpolator-1.0.0.aar (androidx.interpolator:interpolator:1.0.0) with AarTransform
Transforming core-common-2.2.0.jar (androidx.arch.core:core-common:2.2.0) with ExtractJniTransform
Transforming profileinstaller-1.3.1.aar (androidx.profileinstaller:profileinstaller:1.3.1) with ExtractAarTransform
Transforming profileinstaller-1.3.1.aar (androidx.profileinstaller:profileinstaller:1.3.1) with AarTransform
Transforming startup-runtime-1.1.1.aar (androidx.startup:startup-runtime:1.1.1) with ExtractAarTransform
Transforming startup-runtime-1.1.1.aar (androidx.startup:startup-runtime:1.1.1) with AarTransform
Transforming tracing-1.0.0.aar (androidx.tracing:tracing:1.0.0) with ExtractAarTransform
Transforming tracing-1.0.0.aar (androidx.tracing:tracing:1.0.0) with AarTransform
Transforming concurrent-futures-1.1.0.jar (androidx.concurrent:concurrent-futures:1.1.0) with ExtractJniTransform
Transforming annotation-jvm-1.8.1.jar (androidx.annotation:annotation-jvm:1.8.1) with ExtractJniTransform
Transforming kotlin-stdlib-2.0.21.jar (org.jetbrains.kotlin:kotlin-stdlib:2.0.21) with ExtractJniTransform
Transforming gson-2.11.0.jar (com.google.code.gson:gson:2.11.0) with ExtractJniTransform
Transforming jsoup-1.18.1.jar (org.jsoup:jsoup:1.18.1) with ExtractJniTransform
Transforming annotations-23.0.0.jar (org.jetbrains:annotations:23.0.0) with ExtractJniTransform
Transforming hilt-core-2.52.jar (com.google.dagger:hilt-core:2.52) with ExtractJniTransform
Transforming dagger-2.52.jar (com.google.dagger:dagger:2.52) with ExtractJniTransform
Transforming dagger-lint-aar-2.52.aar (com.google.dagger:dagger-lint-aar:2.52) with ExtractAarTransform
Transforming dagger-lint-aar-2.52.aar (com.google.dagger:dagger-lint-aar:2.52) with AarTransform
Transforming jsr305-3.0.2.jar (com.google.code.findbugs:jsr305:3.0.2) with ExtractJniTransform
Transforming javax.inject-1.jar (javax.inject:javax.inject:1) with ExtractJniTransform
Transforming error_prone_annotations-2.27.0.jar (com.google.errorprone:error_prone_annotations:2.27.0) with ExtractJniTransform
Transforming jakarta.inject-api-2.0.1.jar (jakarta.inject:jakarta.inject-api:2.0.1) with ExtractJniTransform
Transforming listenablefuture-1.0.jar (com.google.guava:listenablefuture:1.0) with ExtractJniTransform
Caching disabled for AarTransform: /home/runner/.gradle/caches/8.9/transforms/465ee5133dca15b43b94624bb822b2d7/transformed/navigation-runtime-2.8.3 because:
  Caching not enabled.
Caching disabled for AarTransform: /home/runner/.gradle/caches/8.9/transforms/2dbc64239e4ac921dde2a8d4de940749/transformed/navigation-common-ktx-2.8.3 because:
  Caching not enabled.
Caching disabled for AarTransform: /home/runner/.gradle/caches/8.9/transforms/b195ca1dc782125628d31fb0d6b49e45/transformed/navigation-runtime-ktx-2.8.3 because:
  Caching not enabled.
Caching disabled for AarTransform: /home/runner/.gradle/caches/8.9/transforms/ceea842d00899f361805d255c52abba2/transformed/navigation-compose-2.8.3 because:
  Caching not enabled.
Caching disabled for AarTransform: /home/runner/.gradle/caches/8.9/transforms/9003ebf40ec55734251a0dd9f6377fea/transformed/hilt-android-2.52 because:
  Caching not enabled.
Caching disabled for AarTransform: /home/runner/.gradle/caches/8.9/transforms/7b17aaf8774922eca7cac21bd968c99a/transformed/activity-1.9.3 because:
  Caching not enabled.
Caching disabled for AarTransform: /home/runner/.gradle/caches/8.9/transforms/78122b888a0a07babc3ab9bf6045b0c1/transformed/fragment-1.5.1 because:
  Caching not enabled.
Caching disabled for AarTransform: /home/runner/.gradle/caches/8.9/transforms/1ba716ea9832f4cdd27a3af6b046f466/transformed/activity-ktx-1.9.3 because:
  Caching not enabled.
Caching disabled for AarTransform: /home/runner/.gradle/caches/8.9/transforms/6beccf4f767597a191fb31811f827858/transformed/material3-release because:
  Caching not enabled.
Caching disabled for AarTransform: /home/runner/.gradle/caches/8.9/transforms/20bb4ecb2d1f41d90f8c372638e8eda8/transformed/material-release because:
  Caching not enabled.
Caching disabled for AarTransform: /home/runner/.gradle/caches/8.9/transforms/4d064680c13678dbc92ea204272de3ee/transformed/animation-core-release because:
  Caching not enabled.
Caching disabled for AarTransform: /home/runner/.gradle/caches/8.9/transforms/8f70f32cd13cf03b0ec4aa41fd018749/transformed/animation-release because:
  Caching not enabled.
Caching disabled for AarTransform: /home/runner/.gradle/caches/8.9/transforms/ecd05d80285a118575803319a89dc0c4/transformed/foundation-layout-release because:
  Caching not enabled.
Caching disabled for AarTransform: /home/runner/.gradle/caches/8.9/transforms/0e158db0061a783b86bf474f52255b87/transformed/material-ripple-release because:
  Caching not enabled.
Caching disabled for AarTransform: /home/runner/.gradle/caches/8.9/transforms/50b1902f5ec20fc13023b76fb9a599e6/transformed/foundation-release because:
  Caching not enabled.
Caching disabled for AarTransform: /home/runner/.gradle/caches/8.9/transforms/eedd67be0846ef762844f8ff3075834a/transformed/ui-tooling-data-release because:
  Caching not enabled.
Caching disabled for AarTransform: /home/runner/.gradle/caches/8.9/transforms/9034bd43e79c9a519026d1cdfa19a03d/transformed/ui-geometry-release because:
  Caching not enabled.
Caching disabled for AarTransform: /home/runner/.gradle/caches/8.9/transforms/3fd716325c88c28b9a5f8e9eb9c70beb/transformed/ui-unit-release because:
  Caching not enabled.
Caching disabled for AarTransform: /home/runner/.gradle/caches/8.9/transforms/4ba26746e6a3026741c16394a3db0817/transformed/ui-util-release because:
  Caching not enabled.
Caching disabled for AarTransform: /home/runner/.gradle/caches/8.9/transforms/ed652a239617376d903bece965b72e0c/transformed/ui-text-release because:
  Caching not enabled.
Caching disabled for AarTransform: /home/runner/.gradle/caches/8.9/transforms/eb8ee0b21d6aa966a80bc93f20959e1d/transformed/ui-graphics-release because:
  Caching not enabled.
Caching disabled for AarTransform: /home/runner/.gradle/caches/8.9/transforms/1a6c894bd7d73e041f848716192bee60/transformed/ui-tooling-preview-release because:
  Caching not enabled.
Caching disabled for AarTransform: /home/runner/.gradle/caches/8.9/transforms/0b22198a7488454fa14b7735f0f509eb/transformed/activity-compose-1.9.3 because:
  Caching not enabled.
Caching disabled for AarTransform: /home/runner/.gradle/caches/8.9/transforms/377064f6a8a637067f11c20dccf96de9/transformed/ui-tooling-release because:
  Caching not enabled.
Caching disabled for AarTransform: /home/runner/.gradle/caches/8.9/transforms/90932bdf55a6bc176d49667881ec7843/transformed/savedstate-ktx-1.2.1 because:
  Caching not enabled.
Caching disabled for AarTransform: /home/runner/.gradle/caches/8.9/transforms/aa31e808e1b8b69495c21ddfdfea88cc/transformed/savedstate-1.2.1 because:
  Caching not enabled.
Caching disabled for AarTransform: /home/runner/.gradle/caches/8.9/transforms/e7dacae607132f83ac84f78c820c58db/transformed/emoji2-1.3.0 because:
  Caching not enabled.
Caching disabled for AarTransform: /home/runner/.gradle/caches/8.9/transforms/a06a20b09cfe9d50558996bed72b9bac/transformed/loader-1.0.0 because:
  Caching not enabled.
Caching disabled for AarTransform: /home/runner/.gradle/caches/8.9/transforms/962d0c0f47f07b6b05e11de92b7c147f/transformed/lifecycle-process-2.8.6 because:
  Caching not enabled.
Caching disabled for AarTransform: /home/runner/.gradle/caches/8.9/transforms/d4d33e906d3b0080609dfa0c474308fb/transformed/navigation-common-2.8.3 because:
  Caching not enabled.
Caching disabled for AarTransform: /home/runner/.gradle/caches/8.9/transforms/0522020dde5581db3657b7a4e1d103b5/transformed/lifecycle-livedata-core-ktx-2.8.6 because:
  Caching not enabled.
Caching disabled for AarTransform: /home/runner/.gradle/caches/8.9/transforms/0b564fb7dcdb48d095b445cc31899d2f/transformed/lifecycle-livedata-2.8.6 because:
  Caching not enabled.
Caching disabled for AarTransform: /home/runner/.gradle/caches/8.9/transforms/90b89a176e7ec2395e669ca023f26edf/transformed/lifecycle-viewmodel-2.8.6 because:
  Caching not enabled.
Caching disabled for AarTransform: /home/runner/.gradle/caches/8.9/transforms/17fc0bc7bc5aa3696d5d672a2565c57a/transformed/lifecycle-viewmodel-release because:
  Caching not enabled.
Build cache key for ExtractJniTransform: /home/runner/.gradle/caches/modules-2/files-2.1/androidx.lifecycle/lifecycle-common-jvm/2.8.6/7174a594afb73a9ad9ac9074ce78b94af3cc52a7/lifecycle-common-jvm-2.8.6.jar is a1298e12ae084532bb10d14d3fe343cf
Caching disabled for AarTransform: /home/runner/.gradle/caches/8.9/transforms/a01d1204b2223af9f8c26a2648120f4d/transformed/lifecycle-runtime-release because:
  Caching not enabled.
Build cache key for ExtractJniTransform: /home/runner/.gradle/caches/modules-2/files-2.1/androidx.lifecycle/lifecycle-common-java8/2.8.6/2ad14aed781c4a73ed4dbb421966d408a0a06686/lifecycle-common-java8-2.8.6.jar is e2ee70d8a8b411ce09890e3f6e167bdb
Caching disabled for AarTransform: /home/runner/.gradle/caches/8.9/transforms/0a3cd9da5b5b76b08145565a0b64e378/transformed/lifecycle-livedata-core-2.8.6 because:
  Caching not enabled.
Caching disabled for AarTransform: /home/runner/.gradle/caches/8.9/transforms/8b3d9602325ce4c2847a5ecc8178e8c0/transformed/lifecycle-viewmodel-ktx-2.8.6 because:
  Caching not enabled.
Caching disabled for AarTransform: /home/runner/.gradle/caches/8.9/transforms/bd48baa61b5e8859e94b8182a0905745/transformed/lifecycle-viewmodel-savedstate-2.8.6 because:
  Caching not enabled.
Caching disabled for AarTransform: /home/runner/.gradle/caches/8.9/transforms/36c7df64eee3e12d89ac1ab86f5a80db/transformed/lifecycle-runtime-ktx-release because:
  Caching not enabled.
Caching disabled for AarTransform: /home/runner/.gradle/caches/8.9/transforms/32e6e848fb1ddd1db586378d1f473645/transformed/lifecycle-runtime-compose-release because:
  Caching not enabled.
Stored cache entry for ExtractJniTransform: /home/runner/.gradle/caches/modules-2/files-2.1/androidx.lifecycle/lifecycle-common-jvm/2.8.6/7174a594afb73a9ad9ac9074ce78b94af3cc52a7/lifecycle-common-jvm-2.8.6.jar with cache key a1298e12ae084532bb10d14d3fe343cf
Stored cache entry for ExtractJniTransform: /home/runner/.gradle/caches/modules-2/files-2.1/androidx.lifecycle/lifecycle-common-java8/2.8.6/2ad14aed781c4a73ed4dbb421966d408a0a06686/lifecycle-common-java8-2.8.6.jar with cache key e2ee70d8a8b411ce09890e3f6e167bdb
Caching disabled for AarTransform: /home/runner/.gradle/caches/8.9/transforms/c92df85f6d2f30283dc663aea998868a/transformed/lifecycle-viewmodel-compose-release because:
  Caching not enabled.
Caching disabled for AarTransform: /home/runner/.gradle/caches/8.9/transforms/f2dd91c7336c7cd395adedc68ed77786/transformed/material-icons-core-release because:
  Caching not enabled.
Caching disabled for AarTransform: /home/runner/.gradle/caches/8.9/transforms/bc12b5e8392d2688d2deea964b07e9a6/transformed/material-icons-extended-release because:
  Caching not enabled.
Caching disabled for AarTransform: /home/runner/.gradle/caches/8.9/transforms/fb395d79e2d72c7e008ece765567391a/transformed/ui-release because:
  Caching not enabled.
Caching disabled for AarTransform: /home/runner/.gradle/caches/8.9/transforms/e7da36e077eb0da19a460aac69da9908/transformed/viewpager-1.0.0 because:
  Caching not enabled.
Caching disabled for AarTransform: /home/runner/.gradle/caches/8.9/transforms/1b582b7df9024784fcac930316c18bce/transformed/autofill-1.0.0 because:
  Caching not enabled.
Caching disabled for AarTransform: /home/runner/.gradle/caches/8.9/transforms/338142dbc7d5dd547654c03215036f9e/transformed/graphics-path-1.0.1 because:
  Caching not enabled.
Caching disabled for AarTransform: /home/runner/.gradle/caches/8.9/transforms/4c14aaf8029480c22ef47249c536049a/transformed/customview-1.0.0 because:
  Caching not enabled.
Caching disabled for AarTransform: /home/runner/.gradle/caches/8.9/transforms/6bb7b87146d1e8f53e3dcff3d9228836/transformed/core-1.13.1 because:
  Caching not enabled.
Caching disabled for AarTransform: /home/runner/.gradle/caches/8.9/transforms/51e90ff84cd5fef82aca80c6b8df3077/transformed/core-ktx-1.13.1 because:
  Caching not enabled.
Build cache key for ExtractJniTransform: /home/runner/.gradle/caches/modules-2/files-2.1/androidx.room/room-common/2.6.1/ff1b9580850a9b7eef56554e356628d225785265/room-common-2.6.1.jar is 60ee657b916e2abe0cad33f86300bae3
Caching disabled for AarTransform: /home/runner/.gradle/caches/8.9/transforms/4771675c2ad91221a74ebcde08c3d2e7/transformed/room-runtime-2.6.1 because:
  Caching not enabled.
Caching disabled for AarTransform: /home/runner/.gradle/caches/8.9/transforms/6f7a4f248d0d4b58cb58dea0baf15ed9/transformed/customview-poolingcontainer-1.0.0 because:
  Caching not enabled.
Caching disabled for AarTransform: /home/runner/.gradle/caches/8.9/transforms/00245606247db813ebab22482ea4f8d7/transformed/runtime-saveable-release because:
  Caching not enabled.
Caching disabled for AarTransform: /home/runner/.gradle/caches/8.9/transforms/df4013943e66f1429b5a2e86bf045b3a/transformed/runtime-release because:
  Caching not enabled.
Caching disabled for AarTransform: /home/runner/.gradle/caches/8.9/transforms/1f2a64687fc539c15dce7cfbca954f60/transformed/room-ktx-2.6.1 because:
  Caching not enabled.
Stored cache entry for ExtractJniTransform: /home/runner/.gradle/caches/modules-2/files-2.1/androidx.room/room-common/2.6.1/ff1b9580850a9b7eef56554e356628d225785265/room-common-2.6.1.jar with cache key 60ee657b916e2abe0cad33f86300bae3
Build cache key for ExtractJniTransform: /home/runner/.gradle/caches/modules-2/files-2.1/org.jetbrains.kotlinx/kotlinx-coroutines-core-jvm/1.8.1/bb0e192bd7c2b6b8217440d36e9758e377e450/kotlinx-coroutines-core-jvm-1.8.1.jar is 72b229684664eed04874834a6c8413e5
Build cache key for ExtractJniTransform: /home/runner/.gradle/caches/modules-2/files-2.1/org.jetbrains.kotlinx/kotlinx-coroutines-android/1.8.1/73e2acdd18df99dd4849d99f188dff529fc0afe0/kotlinx-coroutines-android-1.8.1.jar is ff0aebdd4672571eef468b59e1f34ca0
Caching disabled for AarTransform: /home/runner/.gradle/caches/8.9/transforms/e0fce34334d8005a80bf909fb8965fe0/transformed/sqlite-2.4.0 because:
  Caching not enabled.
Caching disabled for AarTransform: /home/runner/.gradle/caches/8.9/transforms/3f2696bb538fb0b131221edd46a4f7b5/transformed/sqlite-framework-2.4.0 because:
  Caching not enabled.
Stored cache entry for ExtractJniTransform: /home/runner/.gradle/caches/modules-2/files-2.1/org.jetbrains.kotlinx/kotlinx-coroutines-android/1.8.1/73e2acdd18df99dd4849d99f188dff529fc0afe0/kotlinx-coroutines-android-1.8.1.jar with cache key ff0aebdd4672571eef468b59e1f34ca0
Build cache key for ExtractJniTransform: /home/runner/.gradle/caches/modules-2/files-2.1/org.jetbrains.kotlinx/kotlinx-serialization-core-jvm/1.6.3/6b6c17d0312ba7192893adea9d52959941d0119b/kotlinx-serialization-core-jvm-1.6.3.jar is 21a1dc13909772c6394561c35e337464
Build cache key for ExtractJniTransform: /home/runner/.gradle/caches/modules-2/files-2.1/com.squareup.okhttp3/okhttp/4.12.0/2f4525d4a200e97e1b87449c2cd9bd2e25b7e8cd/okhttp-4.12.0.jar is 792bf09e969aa08305508774d9d430cd
Stored cache entry for ExtractJniTransform: /home/runner/.gradle/caches/modules-2/files-2.1/org.jetbrains.kotlinx/kotlinx-serialization-core-jvm/1.6.3/6b6c17d0312ba7192893adea9d52959941d0119b/kotlinx-serialization-core-jvm-1.6.3.jar with cache key 21a1dc13909772c6394561c35e337464
Build cache key for ExtractJniTransform: /home/runner/.gradle/caches/modules-2/files-2.1/com.squareup.okio/okio-jvm/3.6.0/5600569133b7bdefe1daf9ec7f4abeb6d13e1786/okio-jvm-3.6.0.jar is 40fa755525d6d7c799a9feaac22b7cdf
Stored cache entry for ExtractJniTransform: /home/runner/.gradle/caches/modules-2/files-2.1/org.jetbrains.kotlinx/kotlinx-coroutines-core-jvm/1.8.1/bb0e192bd7c2b6b8217440d36e9758e377e450/kotlinx-coroutines-core-jvm-1.8.1.jar with cache key 72b229684664eed04874834a6c8413e5
Stored cache entry for ExtractJniTransform: /home/runner/.gradle/caches/modules-2/files-2.1/com.squareup.okhttp3/okhttp/4.12.0/2f4525d4a200e97e1b87449c2cd9bd2e25b7e8cd/okhttp-4.12.0.jar with cache key 792bf09e969aa08305508774d9d430cd
Build cache key for ExtractJniTransform: /home/runner/.gradle/caches/modules-2/files-2.1/org.jetbrains.kotlin/kotlin-stdlib-jdk8/1.9.10/c7510d64a83411a649c76f2778304ddf71d7437b/kotlin-stdlib-jdk8-1.9.10.jar is 7acf184f9da82b4ef36539d38e0a07b3
Caching disabled for AarTransform: /home/runner/.gradle/caches/8.9/transforms/26521b8577051a04bc5676e0dc51bde1/transformed/versionedparcelable-1.1.1 because:
  Caching not enabled.
Caching disabled for AarTransform: /home/runner/.gradle/caches/8.9/transforms/9cc5beac71432b0c6f2e25728a1cf157/transformed/annotation-experimental-1.4.1 because:
  Caching not enabled.
Stored cache entry for ExtractJniTransform: /home/runner/.gradle/caches/modules-2/files-2.1/com.squareup.okio/okio-jvm/3.6.0/5600569133b7bdefe1daf9ec7f4abeb6d13e1786/okio-jvm-3.6.0.jar with cache key 40fa755525d6d7c799a9feaac22b7cdf
Build cache key for ExtractJniTransform: /home/runner/.gradle/caches/modules-2/files-2.1/androidx.collection/collection-ktx/1.4.4/2ad14aed781c4a73ed4dbb421966d408a0a06686/collection-ktx-1.4.4.jar is 6a6cab10df32b30c274bb130227719e6
Build cache key for ExtractJniTransform: /home/runner/.gradle/caches/modules-2/files-2.1/androidx.collection/collection-jvm/1.4.4/da13a7e557c430276b8cb490420effebc1398c0d/collection-jvm-1.4.4.jar is 6ca99e9a7e90ede6135f38fa95e97482
Build cache key for ExtractJniTransform: /home/runner/.gradle/caches/modules-2/files-2.1/org.jetbrains.kotlin/kotlin-stdlib-jdk7/1.9.10/bc5bfc2690338defd5195b05c57562f2194eeb10/kotlin-stdlib-jdk7-1.9.10.jar is 8123bbe42ba432fd0341571143dcb9d2
Stored cache entry for ExtractJniTransform: /home/runner/.gradle/caches/modules-2/files-2.1/org.jetbrains.kotlin/kotlin-stdlib-jdk8/1.9.10/c7510d64a83411a649c76f2778304ddf71d7437b/kotlin-stdlib-jdk8-1.9.10.jar with cache key 7acf184f9da82b4ef36539d38e0a07b3
Stored cache entry for ExtractJniTransform: /home/runner/.gradle/caches/modules-2/files-2.1/org.jetbrains.kotlin/kotlin-stdlib-jdk7/1.9.10/bc5bfc2690338defd5195b05c57562f2194eeb10/kotlin-stdlib-jdk7-1.9.10.jar with cache key 8123bbe42ba432fd0341571143dcb9d2
Caching disabled for AarTransform: /home/runner/.gradle/caches/8.9/transforms/74c50b0611733beee6223550345399db/transformed/core-runtime-2.2.0 because:
  Caching not enabled.
Caching disabled for AarTransform: /home/runner/.gradle/caches/8.9/transforms/a4f557f063ee99600f1e6f12798dbe7c/transformed/interpolator-1.0.0 because:
  Caching not enabled.
Stored cache entry for ExtractJniTransform: /home/runner/.gradle/caches/modules-2/files-2.1/androidx.collection/collection-ktx/1.4.4/2ad14aed781c4a73ed4dbb421966d408a0a06686/collection-ktx-1.4.4.jar with cache key 6a6cab10df32b30c274bb130227719e6
Stored cache entry for ExtractJniTransform: /home/runner/.gradle/caches/modules-2/files-2.1/androidx.collection/collection-jvm/1.4.4/da13a7e557c430276b8cb490420effebc1398c0d/collection-jvm-1.4.4.jar with cache key 6ca99e9a7e90ede6135f38fa95e97482
Caching disabled for AarTransform: /home/runner/.gradle/caches/8.9/transforms/53dfbc140237e96b44247be42456c9e3/transformed/profileinstaller-1.3.1 because:
  Caching not enabled.
Build cache key for ExtractJniTransform: /home/runner/.gradle/caches/modules-2/files-2.1/androidx.arch.core/core-common/2.2.0/5e1b8b81dfd5f52c56a8d53b18ca759c19a301f3/core-common-2.2.0.jar is f3c3bce7cb3c7d3313460f359e311891
Caching disabled for AarTransform: /home/runner/.gradle/caches/8.9/transforms/497791f0725a98193454277ae9dee35b/transformed/startup-runtime-1.1.1 because:
  Caching not enabled.
Caching disabled for AarTransform: /home/runner/.gradle/caches/8.9/transforms/cd9ad7fcd4eb9a21b34852de4022b6d0/transformed/tracing-1.0.0 because:
  Caching not enabled.
Build cache key for ExtractJniTransform: /home/runner/.gradle/caches/modules-2/files-2.1/androidx.concurrent/concurrent-futures/1.1.0/50b7fb98350d5f42a4e49704b03278542293ba48/concurrent-futures-1.1.0.jar is 667ddef149b21e931d6edbcdbfadf99d
Stored cache entry for ExtractJniTransform: /home/runner/.gradle/caches/modules-2/files-2.1/androidx.arch.core/core-common/2.2.0/5e1b8b81dfd5f52c56a8d53b18ca759c19a301f3/core-common-2.2.0.jar with cache key f3c3bce7cb3c7d3313460f359e311891
Build cache key for ExtractJniTransform: /home/runner/.gradle/caches/modules-2/files-2.1/androidx.annotation/annotation-jvm/1.8.1/b8a16fe526014b7941c1debaccaf9c5153692dbb/annotation-jvm-1.8.1.jar is 0ad9d8df6aea9abcca4a02925670f6dd
Build cache key for ExtractJniTransform: /home/runner/.gradle/caches/modules-2/files-2.1/com.google.code.gson/gson/2.11.0/527175ca6d81050b53bdd4c457a6d6e017626b0e/gson-2.11.0.jar is b3d0440ad0900b624427fa13d783f356
Build cache key for ExtractJniTransform: /home/runner/.gradle/caches/modules-2/files-2.1/org.jetbrains.kotlin/kotlin-stdlib/2.0.21/618b539767b4899b4660a83006e052b63f1db551/kotlin-stdlib-2.0.21.jar is 1ff0a58f69028bdc2a1ead37a2f072e5
Stored cache entry for ExtractJniTransform: /home/runner/.gradle/caches/modules-2/files-2.1/androidx.annotation/annotation-jvm/1.8.1/b8a16fe526014b7941c1debaccaf9c5153692dbb/annotation-jvm-1.8.1.jar with cache key 0ad9d8df6aea9abcca4a02925670f6dd
Stored cache entry for ExtractJniTransform: /home/runner/.gradle/caches/modules-2/files-2.1/com.google.code.gson/gson/2.11.0/527175ca6d81050b53bdd4c457a6d6e017626b0e/gson-2.11.0.jar with cache key b3d0440ad0900b624427fa13d783f356
Stored cache entry for ExtractJniTransform: /home/runner/.gradle/caches/modules-2/files-2.1/androidx.concurrent/concurrent-futures/1.1.0/50b7fb98350d5f42a4e49704b03278542293ba48/concurrent-futures-1.1.0.jar with cache key 667ddef149b21e931d6edbcdbfadf99d
Build cache key for ExtractJniTransform: /home/runner/.gradle/caches/modules-2/files-2.1/org.jsoup/jsoup/1.18.1/cb7cd991d47b44101cbe4655dec611cdc01f8a02/jsoup-1.18.1.jar is bb74957ffdc7d5edd2dc7087a5b2d684
Build cache key for ExtractJniTransform: /home/runner/.gradle/caches/modules-2/files-2.1/org.jetbrains/annotations/23.0.0/8cc20c07506ec18e0834947b84a864bfc094484e/annotations-23.0.0.jar is 6646544be6532b716d393a88dc4ec53c
Stored cache entry for ExtractJniTransform: /home/runner/.gradle/caches/modules-2/files-2.1/org.jetbrains/annotations/23.0.0/8cc20c07506ec18e0834947b84a864bfc094484e/annotations-23.0.0.jar with cache key 6646544be6532b716d393a88dc4ec53c
Stored cache entry for ExtractJniTransform: /home/runner/.gradle/caches/modules-2/files-2.1/org.jetbrains.kotlin/kotlin-stdlib/2.0.21/618b539767b4899b4660a83006e052b63f1db551/kotlin-stdlib-2.0.21.jar with cache key 1ff0a58f69028bdc2a1ead37a2f072e5
Build cache key for ExtractJniTransform: /home/runner/.gradle/caches/modules-2/files-2.1/com.google.dagger/hilt-core/2.52/d8e3f33770f8b5d9e2e29a303278c3e41faa9980/hilt-core-2.52.jar is d60d3150ae0afae0ab49b67e5003a090
Build cache key for ExtractJniTransform: /home/runner/.gradle/caches/modules-2/files-2.1/com.google.dagger/dagger/2.52/c385ea51a9873b238d183faa22d54c00d65195ac/dagger-2.52.jar is b0b1b040485795333af552f44f0d0ebd
Caching disabled for AarTransform: /home/runner/.gradle/caches/8.9/transforms/b405d1de32934466a5d6fb0ed11cecfd/transformed/dagger-lint-aar-2.52 because:
  Caching not enabled.
Stored cache entry for ExtractJniTransform: /home/runner/.gradle/caches/modules-2/files-2.1/com.google.dagger/hilt-core/2.52/d8e3f33770f8b5d9e2e29a303278c3e41faa9980/hilt-core-2.52.jar with cache key d60d3150ae0afae0ab49b67e5003a090
Build cache key for ExtractJniTransform: /home/runner/.gradle/caches/modules-2/files-2.1/com.google.code.findbugs/jsr305/3.0.2/25ea2e8b0c338a877313bd4672d3fe056ea78f0d/jsr305-3.0.2.jar is f385b890a62bd41c8d039f6589d42ade
Stored cache entry for ExtractJniTransform: /home/runner/.gradle/caches/modules-2/files-2.1/org.jsoup/jsoup/1.18.1/cb7cd991d47b44101cbe4655dec611cdc01f8a02/jsoup-1.18.1.jar with cache key bb74957ffdc7d5edd2dc7087a5b2d684
Stored cache entry for ExtractJniTransform: /home/runner/.gradle/caches/modules-2/files-2.1/com.google.dagger/dagger/2.52/c385ea51a9873b238d183faa22d54c00d65195ac/dagger-2.52.jar with cache key b0b1b040485795333af552f44f0d0ebd
Build cache key for ExtractJniTransform: /home/runner/.gradle/caches/modules-2/files-2.1/javax.inject/javax.inject/1/6975da39a7040257bd51d21a231b76c915872d38/javax.inject-1.jar is feb67a3090720f3cc15e8d48684ded80
Build cache key for ExtractJniTransform: /home/runner/.gradle/caches/modules-2/files-2.1/com.google.errorprone/error_prone_annotations/2.27.0/91b2c29d8a6148b5e2e4930f070d4840e2e48e34/error_prone_annotations-2.27.0.jar is 1fa3bbe05551b32ee3b5f52ace5af26c
Stored cache entry for ExtractJniTransform: /home/runner/.gradle/caches/modules-2/files-2.1/com.google.code.findbugs/jsr305/3.0.2/25ea2e8b0c338a877313bd4672d3fe056ea78f0d/jsr305-3.0.2.jar with cache key f385b890a62bd41c8d039f6589d42ade
Build cache key for ExtractJniTransform: /home/runner/.gradle/caches/modules-2/files-2.1/jakarta.inject/jakarta.inject-api/2.0.1/4c28afe1991a941d7702fe1362c365f0a8641d1e/jakarta.inject-api-2.0.1.jar is f5fb8a9528ae16e04ece7f0a36052643
Build cache key for ExtractJniTransform: /home/runner/.gradle/caches/modules-2/files-2.1/com.google.guava/listenablefuture/1.0/c949a840a6acbc5268d088e47b04177bf90b3cad/listenablefuture-1.0.jar is 666f41e6eca5b016f42e0643f22ba615
Stored cache entry for ExtractJniTransform: /home/runner/.gradle/caches/modules-2/files-2.1/com.google.guava/listenablefuture/1.0/c949a840a6acbc5268d088e47b04177bf90b3cad/listenablefuture-1.0.jar with cache key 666f41e6eca5b016f42e0643f22ba615
Stored cache entry for ExtractJniTransform: /home/runner/.gradle/caches/modules-2/files-2.1/com.google.errorprone/error_prone_annotations/2.27.0/91b2c29d8a6148b5e2e4930f070d4840e2e48e34/error_prone_annotations-2.27.0.jar with cache key 1fa3bbe05551b32ee3b5f52ace5af26c
Stored cache entry for ExtractJniTransform: /home/runner/.gradle/caches/modules-2/files-2.1/jakarta.inject/jakarta.inject-api/2.0.1/4c28afe1991a941d7702fe1362c365f0a8641d1e/jakarta.inject-api-2.0.1.jar with cache key f5fb8a9528ae16e04ece7f0a36052643
Stored cache entry for ExtractJniTransform: /home/runner/.gradle/caches/modules-2/files-2.1/javax.inject/javax.inject/1/6975da39a7040257bd51d21a231b76c915872d38/javax.inject-1.jar with cache key feb67a3090720f3cc15e8d48684ded80
Caching disabled for task ':app:mergeDebugNativeLibs' because:
  Caching has been disabled for the task
Task ':app:mergeDebugNativeLibs' is not up-to-date because:
  No history is available.
Resolve mutations for :app:mergeExtDexDebug (Thread[included builds,5,main]) started.
:app:mergeExtDexDebug (Thread[included builds,5,main]) started.

> Task :app:processDebugResources
Resource missing. [HTTP GET: https://repo.maven.apache.org/maven2/com/android/tools/build/aapt2/8.7.3-12006047/aapt2-8.7.3-12006047.pom]
Downloading https://maven.google.com/com/android/tools/build/aapt2/8.7.3-12006047/aapt2-8.7.3-12006047.pom to /home/runner/.gradle/.tmp/gradle_download10416095160953140926bin
Found locally available resource with matching checksum: [https://maven.google.com/com/android/tools/build/aapt2/8.7.3-12006047/aapt2-8.7.3-12006047-linux.jar, /home/runner/.gradle/caches/modules-2/files-2.1/com.android.tools.build/aapt2/8.7.3-12006047/52a897991b1646c2ca31ada48a86cf4b3e6d3a92/aapt2-8.7.3-12006047-linux.jar]
Transforming aapt2-8.7.3-12006047-linux.jar (com.android.tools.build:aapt2:8.7.3-12006047) with Aapt2Extractor
Caching disabled for Aapt2Extractor: /home/runner/.gradle/caches/modules-2/files-2.1/com.android.tools.build/aapt2/8.7.3-12006047/52a897991b1646c2ca31ada48a86cf4b3e6d3a92/aapt2-8.7.3-12006047-linux.jar because:
  Caching not enabled.
Transforming hilt-navigation-compose-1.2.0.aar (androidx.hilt:hilt-navigation-compose:1.2.0) with ExtractAarTransform
Transforming hilt-navigation-compose-1.2.0.aar (androidx.hilt:hilt-navigation-compose:1.2.0) with AarResourcesCompilerTransform
Transforming hilt-navigation-1.2.0.aar (androidx.hilt:hilt-navigation:1.2.0) with ExtractAarTransform
Transforming hilt-navigation-1.2.0.aar (androidx.hilt:hilt-navigation:1.2.0) with AarResourcesCompilerTransform
Transforming navigation-common-2.8.3.aar (androidx.navigation:navigation-common:2.8.3) with ExtractAarTransform
Transforming navigation-common-2.8.3.aar (androidx.navigation:navigation-common:2.8.3) with AarResourcesCompilerTransform
Transforming navigation-runtime-2.8.3.aar (androidx.navigation:navigation-runtime:2.8.3) with ExtractAarTransform
Transforming navigation-runtime-2.8.3.aar (androidx.navigation:navigation-runtime:2.8.3) with AarResourcesCompilerTransform
Transforming navigation-common-ktx-2.8.3.aar (androidx.navigation:navigation-common-ktx:2.8.3) with ExtractAarTransform
Transforming navigation-common-ktx-2.8.3.aar (androidx.navigation:navigation-common-ktx:2.8.3) with AarResourcesCompilerTransform
Transforming navigation-runtime-ktx-2.8.3.aar (androidx.navigation:navigation-runtime-ktx:2.8.3) with ExtractAarTransform
Build cache key for AarResourcesCompilerTransform: /home/runner/.gradle/caches/8.9/transforms/12ec77c8f0ef27e9e667039aa0010280/transformed/hilt-navigation-compose-1.2.0 is 9a8693dcb70961b781b29029456216bb
Transforming navigation-runtime-ktx-2.8.3.aar (androidx.navigation:navigation-runtime-ktx:2.8.3) with AarResourcesCompilerTransform
Transforming navigation-compose-2.8.3.aar (androidx.navigation:navigation-compose:2.8.3) with ExtractAarTransform
Transforming navigation-compose-2.8.3.aar (androidx.navigation:navigation-compose:2.8.3) with AarResourcesCompilerTransform
Transforming hilt-android-2.52.aar (com.google.dagger:hilt-android:2.52) with ExtractAarTransform
Build cache key for AarResourcesCompilerTransform: /home/runner/.gradle/caches/8.9/transforms/d4d33e906d3b0080609dfa0c474308fb/transformed/navigation-common-2.8.3 is 3540b4e33ef5806648d8947f4dfa8aec
Transforming hilt-android-2.52.aar (com.google.dagger:hilt-android:2.52) with AarResourcesCompilerTransform
Transforming fragment-1.5.1.aar (androidx.fragment:fragment:1.5.1) with ExtractAarTransform
Transforming fragment-1.5.1.aar (androidx.fragment:fragment:1.5.1) with AarResourcesCompilerTransform
Transforming activity-1.9.3.aar (androidx.activity:activity:1.9.3) with ExtractAarTransform
Transforming activity-1.9.3.aar (androidx.activity:activity:1.9.3) with AarResourcesCompilerTransform
Transforming activity-ktx-1.9.3.aar (androidx.activity:activity-ktx:1.9.3) with ExtractAarTransform
Transforming activity-ktx-1.9.3.aar (androidx.activity:activity-ktx:1.9.3) with AarResourcesCompilerTransform
Transforming material3-release.aar (androidx.compose.material3:material3-android:1.3.1) with ExtractAarTransform
Transforming material3-release.aar (androidx.compose.material3:material3-android:1.3.1) with AarResourcesCompilerTransform
Transforming material-release.aar (androidx.compose.material:material-android:1.7.5) with ExtractAarTransform
Transforming material-release.aar (androidx.compose.material:material-android:1.7.5) with AarResourcesCompilerTransform
Transforming animation-core-release.aar (androidx.compose.animation:animation-core-android:1.7.5) with ExtractAarTransform
Transforming animation-core-release.aar (androidx.compose.animation:animation-core-android:1.7.5) with AarResourcesCompilerTransform
Transforming material-ripple-release.aar (androidx.compose.material:material-ripple-android:1.7.5) with ExtractAarTransform
Transforming material-ripple-release.aar (androidx.compose.material:material-ripple-android:1.7.5) with AarResourcesCompilerTransform
Transforming animation-release.aar (androidx.compose.animation:animation-android:1.7.5) with ExtractAarTransform
Transforming animation-release.aar (androidx.compose.animation:animation-android:1.7.5) with AarResourcesCompilerTransform
Transforming foundation-layout-release.aar (androidx.compose.foundation:foundation-layout-android:1.7.5) with ExtractAarTransform
Transforming foundation-layout-release.aar (androidx.compose.foundation:foundation-layout-android:1.7.5) with AarResourcesCompilerTransform
Build cache key for AarResourcesCompilerTransform: /home/runner/.gradle/caches/8.9/transforms/ad4d9f30753e121dfdf5f15fa8c11043/transformed/hilt-navigation-1.2.0 is 194eef0da4ed55c88755ef122daf3716
Transforming foundation-release.aar (androidx.compose.foundation:foundation-android:1.7.5) with ExtractAarTransform
Transforming foundation-release.aar (androidx.compose.foundation:foundation-android:1.7.5) with AarResourcesCompilerTransform
Transforming ui-tooling-data-release.aar (androidx.compose.ui:ui-tooling-data-android:1.7.5) with ExtractAarTransform
Transforming ui-tooling-data-release.aar (androidx.compose.ui:ui-tooling-data-android:1.7.5) with AarResourcesCompilerTransform
Transforming ui-unit-release.aar (androidx.compose.ui:ui-unit-android:1.7.5) with ExtractAarTransform
Transforming ui-unit-release.aar (androidx.compose.ui:ui-unit-android:1.7.5) with AarResourcesCompilerTransform
Transforming ui-geometry-release.aar (androidx.compose.ui:ui-geometry-android:1.7.5) with ExtractAarTransform
Transforming ui-geometry-release.aar (androidx.compose.ui:ui-geometry-android:1.7.5) with AarResourcesCompilerTransform
Transforming ui-util-release.aar (androidx.compose.ui:ui-util-android:1.7.5) with ExtractAarTransform
Transforming ui-util-release.aar (androidx.compose.ui:ui-util-android:1.7.5) with AarResourcesCompilerTransform
Transforming ui-text-release.aar (androidx.compose.ui:ui-text-android:1.7.5) with ExtractAarTransform
Transforming ui-text-release.aar (androidx.compose.ui:ui-text-android:1.7.5) with AarResourcesCompilerTransform
Transforming ui-tooling-preview-release.aar (androidx.compose.ui:ui-tooling-preview-android:1.7.5) with ExtractAarTransform
Transforming ui-tooling-preview-release.aar (androidx.compose.ui:ui-tooling-preview-android:1.7.5) with AarResourcesCompilerTransform
Transforming ui-graphics-release.aar (androidx.compose.ui:ui-graphics-android:1.7.5) with ExtractAarTransform
Transforming ui-graphics-release.aar (androidx.compose.ui:ui-graphics-android:1.7.5) with AarResourcesCompilerTransform
Transforming ui-tooling-release.aar (androidx.compose.ui:ui-tooling-android:1.7.5) with ExtractAarTransform
Transforming ui-tooling-release.aar (androidx.compose.ui:ui-tooling-android:1.7.5) with AarResourcesCompilerTransform
Transforming activity-compose-1.9.3.aar (androidx.activity:activity-compose:1.9.3) with ExtractAarTransform
Transforming activity-compose-1.9.3.aar (androidx.activity:activity-compose:1.9.3) with AarResourcesCompilerTransform
Transforming savedstate-ktx-1.2.1.aar (androidx.savedstate:savedstate-ktx:1.2.1) with ExtractAarTransform
Transforming savedstate-ktx-1.2.1.aar (androidx.savedstate:savedstate-ktx:1.2.1) with AarResourcesCompilerTransform
Transforming savedstate-1.2.1.aar (androidx.savedstate:savedstate:1.2.1) with ExtractAarTransform
Transforming savedstate-1.2.1.aar (androidx.savedstate:savedstate:1.2.1) with AarResourcesCompilerTransform
Transforming loader-1.0.0.aar (androidx.loader:loader:1.0.0) with ExtractAarTransform
Transforming loader-1.0.0.aar (androidx.loader:loader:1.0.0) with AarResourcesCompilerTransform
Transforming emoji2-1.3.0.aar (androidx.emoji2:emoji2:1.3.0) with ExtractAarTransform
Transforming emoji2-1.3.0.aar (androidx.emoji2:emoji2:1.3.0) with AarResourcesCompilerTransform
Transforming lifecycle-process-2.8.6.aar (androidx.lifecycle:lifecycle-process:2.8.6) with ExtractAarTransform
Transforming lifecycle-process-2.8.6.aar (androidx.lifecycle:lifecycle-process:2.8.6) with AarResourcesCompilerTransform
Transforming lifecycle-livedata-core-ktx-2.8.6.aar (androidx.lifecycle:lifecycle-livedata-core-ktx:2.8.6) with ExtractAarTransform
Transforming lifecycle-livedata-core-ktx-2.8.6.aar (androidx.lifecycle:lifecycle-livedata-core-ktx:2.8.6) with AarResourcesCompilerTransform
Transforming lifecycle-livedata-2.8.6.aar (androidx.lifecycle:lifecycle-livedata:2.8.6) with ExtractAarTransform
Transforming lifecycle-livedata-2.8.6.aar (androidx.lifecycle:lifecycle-livedata:2.8.6) with AarResourcesCompilerTransform
Transforming lifecycle-viewmodel-2.8.6.aar (androidx.lifecycle:lifecycle-viewmodel:2.8.6) with ExtractAarTransform
Transforming lifecycle-viewmodel-2.8.6.aar (androidx.lifecycle:lifecycle-viewmodel:2.8.6) with AarResourcesCompilerTransform
Transforming lifecycle-viewmodel-release.aar (androidx.lifecycle:lifecycle-viewmodel-android:2.8.6) with ExtractAarTransform
Transforming lifecycle-viewmodel-release.aar (androidx.lifecycle:lifecycle-viewmodel-android:2.8.6) with AarResourcesCompilerTransform
Transforming lifecycle-runtime-release.aar (androidx.lifecycle:lifecycle-runtime-android:2.8.6) with ExtractAarTransform
Transforming lifecycle-runtime-release.aar (androidx.lifecycle:lifecycle-runtime-android:2.8.6) with AarResourcesCompilerTransform
Transforming lifecycle-livedata-core-2.8.6.aar (androidx.lifecycle:lifecycle-livedata-core:2.8.6) with ExtractAarTransform
Transforming lifecycle-livedata-core-2.8.6.aar (androidx.lifecycle:lifecycle-livedata-core:2.8.6) with AarResourcesCompilerTransform
Transforming lifecycle-viewmodel-ktx-2.8.6.aar (androidx.lifecycle:lifecycle-viewmodel-ktx:2.8.6) with ExtractAarTransform
Transforming lifecycle-viewmodel-ktx-2.8.6.aar (androidx.lifecycle:lifecycle-viewmodel-ktx:2.8.6) with AarResourcesCompilerTransform
Transforming lifecycle-viewmodel-savedstate-2.8.6.aar (androidx.lifecycle:lifecycle-viewmodel-savedstate:2.8.6) with ExtractAarTransform
Transforming lifecycle-viewmodel-savedstate-2.8.6.aar (androidx.lifecycle:lifecycle-viewmodel-savedstate:2.8.6) with AarResourcesCompilerTransform
Transforming lifecycle-runtime-compose-release.aar (androidx.lifecycle:lifecycle-runtime-compose-android:2.8.6) with ExtractAarTransform
Transforming lifecycle-runtime-compose-release.aar (androidx.lifecycle:lifecycle-runtime-compose-android:2.8.6) with AarResourcesCompilerTransform
Transforming lifecycle-runtime-ktx-release.aar (androidx.lifecycle:lifecycle-runtime-ktx-android:2.8.6) with ExtractAarTransform
Transforming lifecycle-runtime-ktx-release.aar (androidx.lifecycle:lifecycle-runtime-ktx-android:2.8.6) with AarResourcesCompilerTransform
Transforming lifecycle-viewmodel-compose-release.aar (androidx.lifecycle:lifecycle-viewmodel-compose-android:2.8.6) with ExtractAarTransform
Transforming lifecycle-viewmodel-compose-release.aar (androidx.lifecycle:lifecycle-viewmodel-compose-android:2.8.6) with AarResourcesCompilerTransform
Transforming material-icons-extended-release.aar (androidx.compose.material:material-icons-extended-android:1.7.5) with ExtractAarTransform
Transforming material-icons-extended-release.aar (androidx.compose.material:material-icons-extended-android:1.7.5) with AarResourcesCompilerTransform
Transforming material-icons-core-release.aar (androidx.compose.material:material-icons-core-android:1.7.5) with ExtractAarTransform
Transforming material-icons-core-release.aar (androidx.compose.material:material-icons-core-android:1.7.5) with AarResourcesCompilerTransform
Transforming ui-release.aar (androidx.compose.ui:ui-android:1.7.5) with ExtractAarTransform
Transforming ui-release.aar (androidx.compose.ui:ui-android:1.7.5) with AarResourcesCompilerTransform
Transforming viewpager-1.0.0.aar (androidx.viewpager:viewpager:1.0.0) with ExtractAarTransform
Transforming viewpager-1.0.0.aar (androidx.viewpager:viewpager:1.0.0) with AarResourcesCompilerTransform
Transforming autofill-1.0.0.aar (androidx.autofill:autofill:1.0.0) with ExtractAarTransform
Transforming autofill-1.0.0.aar (androidx.autofill:autofill:1.0.0) with AarResourcesCompilerTransform
Transforming graphics-path-1.0.1.aar (androidx.graphics:graphics-path:1.0.1) with ExtractAarTransform
Transforming graphics-path-1.0.1.aar (androidx.graphics:graphics-path:1.0.1) with AarResourcesCompilerTransform
Transforming customview-1.0.0.aar (androidx.customview:customview:1.0.0) with ExtractAarTransform
Transforming customview-1.0.0.aar (androidx.customview:customview:1.0.0) with AarResourcesCompilerTransform
Transforming core-1.13.1.aar (androidx.core:core:1.13.1) with ExtractAarTransform
Transforming core-1.13.1.aar (androidx.core:core:1.13.1) with AarResourcesCompilerTransform
Transforming core-1.13.1.aar (androidx.core:core:1.13.1) with ExtractAarTransform
Transforming core-1.13.1.aar (androidx.core:core:1.13.1) with AarResourcesCompilerTransform
Transforming core-1.13.1.aar (androidx.core:core:1.13.1) with ExtractAarTransform
Transforming core-1.13.1.aar (androidx.core:core:1.13.1) with AarResourcesCompilerTransform
Transforming core-1.13.1.aar (androidx.core:core:1.13.1) with ExtractAarTransform
Transforming core-1.13.1.aar (androidx.core:core:1.13.1) with AarResourcesCompilerTransform
Transforming core-1.13.1.aar (androidx.core:core:1.13.1) with ExtractAarTransform
Transforming core-1.13.1.aar (androidx.core:core:1.13.1) with AarResourcesCompilerTransform
Transforming customview-poolingcontainer-1.0.0.aar (androidx.customview:customview-poolingcontainer:1.0.0) with ExtractAarTransform
Transforming customview-poolingcontainer-1.0.0.aar (androidx.customview:customview-poolingcontainer:1.0.0) with AarResourcesCompilerTransform
Transforming core-ktx-1.13.1.aar (androidx.core:core-ktx:1.13.1) with ExtractAarTransform
Transforming core-ktx-1.13.1.aar (androidx.core:core-ktx:1.13.1) with AarResourcesCompilerTransform
Transforming room-runtime-2.6.1.aar (androidx.room:room-runtime:2.6.1) with ExtractAarTransform
Transforming room-runtime-2.6.1.aar (androidx.room:room-runtime:2.6.1) with AarResourcesCompilerTransform
Transforming room-ktx-2.6.1.aar (androidx.room:room-ktx:2.6.1) with ExtractAarTransform
Transforming room-ktx-2.6.1.aar (androidx.room:room-ktx:2.6.1) with AarResourcesCompilerTransform
Transforming runtime-saveable-release.aar (androidx.compose.runtime:runtime-saveable-android:1.7.5) with ExtractAarTransform
Transforming runtime-saveable-release.aar (androidx.compose.runtime:runtime-saveable-android:1.7.5) with AarResourcesCompilerTransform
Transforming runtime-release.aar (androidx.compose.runtime:runtime-android:1.7.5) with ExtractAarTransform
Transforming runtime-release.aar (androidx.compose.runtime:runtime-android:1.7.5) with AarResourcesCompilerTransform
Transforming sqlite-framework-2.4.0.aar (androidx.sqlite:sqlite-framework:2.4.0) with ExtractAarTransform
Transforming sqlite-framework-2.4.0.aar (androidx.sqlite:sqlite-framework:2.4.0) with AarResourcesCompilerTransform
Transforming sqlite-2.4.0.aar (androidx.sqlite:sqlite:2.4.0) with ExtractAarTransform
Transforming sqlite-2.4.0.aar (androidx.sqlite:sqlite:2.4.0) with AarResourcesCompilerTransform
Transforming annotation-experimental-1.4.1.aar (androidx.annotation:annotation-experimental:1.4.1) with ExtractAarTransform
Transforming annotation-experimental-1.4.1.aar (androidx.annotation:annotation-experimental:1.4.1) with AarResourcesCompilerTransform
Transforming versionedparcelable-1.1.1.aar (androidx.versionedparcelable:versionedparcelable:1.1.1) with ExtractAarTransform
Transforming versionedparcelable-1.1.1.aar (androidx.versionedparcelable:versionedparcelable:1.1.1) with AarResourcesCompilerTransform
Transforming core-runtime-2.2.0.aar (androidx.arch.core:core-runtime:2.2.0) with ExtractAarTransform
Transforming core-runtime-2.2.0.aar (androidx.arch.core:core-runtime:2.2.0) with AarResourcesCompilerTransform
Transforming interpolator-1.0.0.aar (androidx.interpolator:interpolator:1.0.0) with ExtractAarTransform
Transforming interpolator-1.0.0.aar (androidx.interpolator:interpolator:1.0.0) with AarResourcesCompilerTransform
Transforming profileinstaller-1.3.1.aar (androidx.profileinstaller:profileinstaller:1.3.1) with ExtractAarTransform
Transforming profileinstaller-1.3.1.aar (androidx.profileinstaller:profileinstaller:1.3.1) with AarResourcesCompilerTransform
Transforming startup-runtime-1.1.1.aar (androidx.startup:startup-runtime:1.1.1) with ExtractAarTransform
Transforming startup-runtime-1.1.1.aar (androidx.startup:startup-runtime:1.1.1) with AarResourcesCompilerTransform
Transforming tracing-1.0.0.aar (androidx.tracing:tracing:1.0.0) with ExtractAarTransform
Transforming tracing-1.0.0.aar (androidx.tracing:tracing:1.0.0) with AarResourcesCompilerTransform
Transforming dagger-lint-aar-2.52.aar (com.google.dagger:dagger-lint-aar:2.52) with ExtractAarTransform
Transforming dagger-lint-aar-2.52.aar (com.google.dagger:dagger-lint-aar:2.52) with AarResourcesCompilerTransform
Build cache key for AarResourcesCompilerTransform: /home/runner/.gradle/caches/8.9/transforms/465ee5133dca15b43b94624bb822b2d7/transformed/navigation-runtime-2.8.3 is 349a41d4e75b81210378ff84f80c61b8
Stored cache entry for AarResourcesCompilerTransform: /home/runner/.gradle/caches/8.9/transforms/465ee5133dca15b43b94624bb822b2d7/transformed/navigation-runtime-2.8.3 with cache key 349a41d4e75b81210378ff84f80c61b8
Stored cache entry for AarResourcesCompilerTransform: /home/runner/.gradle/caches/8.9/transforms/ad4d9f30753e121dfdf5f15fa8c11043/transformed/hilt-navigation-1.2.0 with cache key 194eef0da4ed55c88755ef122daf3716
Stored cache entry for AarResourcesCompilerTransform: /home/runner/.gradle/caches/8.9/transforms/d4d33e906d3b0080609dfa0c474308fb/transformed/navigation-common-2.8.3 with cache key 3540b4e33ef5806648d8947f4dfa8aec
Build cache key for AarResourcesCompilerTransform: /home/runner/.gradle/caches/8.9/transforms/2dbc64239e4ac921dde2a8d4de940749/transformed/navigation-common-ktx-2.8.3 is 26e7a0cf60f47ab32635fc02c265ae79
Build cache key for AarResourcesCompilerTransform: /home/runner/.gradle/caches/8.9/transforms/b195ca1dc782125628d31fb0d6b49e45/transformed/navigation-runtime-ktx-2.8.3 is 7c6bd4a37c494431ec7e3510c3e9f2f3
Stored cache entry for AarResourcesCompilerTransform: /home/runner/.gradle/caches/8.9/transforms/12ec77c8f0ef27e9e667039aa0010280/transformed/hilt-navigation-compose-1.2.0 with cache key 9a8693dcb70961b781b29029456216bb
Build cache key for AarResourcesCompilerTransform: /home/runner/.gradle/caches/8.9/transforms/9003ebf40ec55734251a0dd9f6377fea/transformed/hilt-android-2.52 is 461e887c2f2c1f265943a1de98d12e86
Build cache key for AarResourcesCompilerTransform: /home/runner/.gradle/caches/8.9/transforms/ceea842d00899f361805d255c52abba2/transformed/navigation-compose-2.8.3 is 8567b7c1f46d90378a441167b846730f
Stored cache entry for AarResourcesCompilerTransform: /home/runner/.gradle/caches/8.9/transforms/9003ebf40ec55734251a0dd9f6377fea/transformed/hilt-android-2.52 with cache key 461e887c2f2c1f265943a1de98d12e86
Stored cache entry for AarResourcesCompilerTransform: /home/runner/.gradle/caches/8.9/transforms/2dbc64239e4ac921dde2a8d4de940749/transformed/navigation-common-ktx-2.8.3 with cache key 26e7a0cf60f47ab32635fc02c265ae79
Stored cache entry for AarResourcesCompilerTransform: /home/runner/.gradle/caches/8.9/transforms/b195ca1dc782125628d31fb0d6b49e45/transformed/navigation-runtime-ktx-2.8.3 with cache key 7c6bd4a37c494431ec7e3510c3e9f2f3
Stored cache entry for AarResourcesCompilerTransform: /home/runner/.gradle/caches/8.9/transforms/ceea842d00899f361805d255c52abba2/transformed/navigation-compose-2.8.3 with cache key 8567b7c1f46d90378a441167b846730f
Build cache key for AarResourcesCompilerTransform: /home/runner/.gradle/caches/8.9/transforms/78122b888a0a07babc3ab9bf6045b0c1/transformed/fragment-1.5.1 is 52bfd56384e6626bbee22c094e3c6a2b
Build cache key for AarResourcesCompilerTransform: /home/runner/.gradle/caches/8.9/transforms/7b17aaf8774922eca7cac21bd968c99a/transformed/activity-1.9.3 is 866bf142b25e355bc7faf251db8d613f
Compiling xml file /home/runner/.gradle/caches/8.9/transforms/78122b888a0a07babc3ab9bf6045b0c1/transformed/fragment-1.5.1/res/animator/fragment_open_enter.xml to /home/runner/.gradle/caches/8.9/transforms/e656a67d0ad4a822bf5966fc320e7841-876abdc6-faca-4e71-b9d7-0f9f6ce4715b/transformed/androidx.fragment/animator_fragment_open_enter.xml.flat
Build cache key for AarResourcesCompilerTransform: /home/runner/.gradle/caches/8.9/transforms/1ba716ea9832f4cdd27a3af6b046f466/transformed/activity-ktx-1.9.3 is ab64315f6d28ea72fdc5de625ef42e53
Build cache key for AarResourcesCompilerTransform: /home/runner/.gradle/caches/8.9/transforms/6beccf4f767597a191fb31811f827858/transformed/material3-release is 21458fbe36d4803fc221ae29c1389685
Stored cache entry for AarResourcesCompilerTransform: /home/runner/.gradle/caches/8.9/transforms/1ba716ea9832f4cdd27a3af6b046f466/transformed/activity-ktx-1.9.3 with cache key ab64315f6d28ea72fdc5de625ef42e53
Stored cache entry for AarResourcesCompilerTransform: /home/runner/.gradle/caches/8.9/transforms/7b17aaf8774922eca7cac21bd968c99a/transformed/activity-1.9.3 with cache key 866bf142b25e355bc7faf251db8d613f
Compiling xml file /home/runner/.gradle/caches/8.9/transforms/78122b888a0a07babc3ab9bf6045b0c1/transformed/fragment-1.5.1/res/animator/fragment_close_exit.xml to /home/runner/.gradle/caches/8.9/transforms/e656a67d0ad4a822bf5966fc320e7841-876abdc6-faca-4e71-b9d7-0f9f6ce4715b/transformed/androidx.fragment/animator_fragment_close_exit.xml.flat
Compiling xml file /home/runner/.gradle/caches/8.9/transforms/78122b888a0a07babc3ab9bf6045b0c1/transformed/fragment-1.5.1/res/animator/fragment_open_exit.xml to /home/runner/.gradle/caches/8.9/transforms/e656a67d0ad4a822bf5966fc320e7841-876abdc6-faca-4e71-b9d7-0f9f6ce4715b/transformed/androidx.fragment/animator_fragment_open_exit.xml.flat
Compiling xml file /home/runner/.gradle/caches/8.9/transforms/78122b888a0a07babc3ab9bf6045b0c1/transformed/fragment-1.5.1/res/animator/fragment_fade_exit.xml to /home/runner/.gradle/caches/8.9/transforms/e656a67d0ad4a822bf5966fc320e7841-876abdc6-faca-4e71-b9d7-0f9f6ce4715b/transformed/androidx.fragment/animator_fragment_fade_exit.xml.flat
Compiling xml file /home/runner/.gradle/caches/8.9/transforms/78122b888a0a07babc3ab9bf6045b0c1/transformed/fragment-1.5.1/res/animator/fragment_fade_enter.xml to /home/runner/.gradle/caches/8.9/transforms/e656a67d0ad4a822bf5966fc320e7841-876abdc6-faca-4e71-b9d7-0f9f6ce4715b/transformed/androidx.fragment/animator_fragment_fade_enter.xml.flat
Compiling xml file /home/runner/.gradle/caches/8.9/transforms/78122b888a0a07babc3ab9bf6045b0c1/transformed/fragment-1.5.1/res/animator/fragment_close_enter.xml to /home/runner/.gradle/caches/8.9/transforms/e656a67d0ad4a822bf5966fc320e7841-876abdc6-faca-4e71-b9d7-0f9f6ce4715b/transformed/androidx.fragment/animator_fragment_close_enter.xml.flat
Compiling xml file /home/runner/.gradle/caches/8.9/transforms/78122b888a0a07babc3ab9bf6045b0c1/transformed/fragment-1.5.1/res/anim-v21/fragment_fast_out_extra_slow_in.xml to /home/runner/.gradle/caches/8.9/transforms/e656a67d0ad4a822bf5966fc320e7841-876abdc6-faca-4e71-b9d7-0f9f6ce4715b/transformed/androidx.fragment/anim-v21_fragment_fast_out_extra_slow_in.xml.flat
Compiling xml file /home/runner/.gradle/caches/8.9/transforms/78122b888a0a07babc3ab9bf6045b0c1/transformed/fragment-1.5.1/res/anim/fragment_fast_out_extra_slow_in.xml to /home/runner/.gradle/caches/8.9/transforms/e656a67d0ad4a822bf5966fc320e7841-876abdc6-faca-4e71-b9d7-0f9f6ce4715b/transformed/androidx.fragment/anim_fragment_fast_out_extra_slow_in.xml.flat
Stored cache entry for AarResourcesCompilerTransform: /home/runner/.gradle/caches/8.9/transforms/6beccf4f767597a191fb31811f827858/transformed/material3-release with cache key 21458fbe36d4803fc221ae29c1389685
Build cache key for AarResourcesCompilerTransform: /home/runner/.gradle/caches/8.9/transforms/20bb4ecb2d1f41d90f8c372638e8eda8/transformed/material-release is 4ca4e7814211d6f5b67df11762c9f94c
Build cache key for AarResourcesCompilerTransform: /home/runner/.gradle/caches/8.9/transforms/4d064680c13678dbc92ea204272de3ee/transformed/animation-core-release is df115857ee659bc1bab781c528b0179e
Build cache key for AarResourcesCompilerTransform: /home/runner/.gradle/caches/8.9/transforms/0e158db0061a783b86bf474f52255b87/transformed/material-ripple-release is 6242e7a157d253f3a7b762bc8040fe74
Stored cache entry for AarResourcesCompilerTransform: /home/runner/.gradle/caches/8.9/transforms/0e158db0061a783b86bf474f52255b87/transformed/material-ripple-release with cache key 6242e7a157d253f3a7b762bc8040fe74
Stored cache entry for AarResourcesCompilerTransform: /home/runner/.gradle/caches/8.9/transforms/4d064680c13678dbc92ea204272de3ee/transformed/animation-core-release with cache key df115857ee659bc1bab781c528b0179e
Stored cache entry for AarResourcesCompilerTransform: /home/runner/.gradle/caches/8.9/transforms/78122b888a0a07babc3ab9bf6045b0c1/transformed/fragment-1.5.1 with cache key 52bfd56384e6626bbee22c094e3c6a2b
Build cache key for AarResourcesCompilerTransform: /home/runner/.gradle/caches/8.9/transforms/8f70f32cd13cf03b0ec4aa41fd018749/transformed/animation-release is ac53aabe2cca0d50219e2cdb75d30066
Build cache key for AarResourcesCompilerTransform: /home/runner/.gradle/caches/8.9/transforms/ecd05d80285a118575803319a89dc0c4/transformed/foundation-layout-release is 9601ba98ad673c9b25542fb4367fe9ae
Stored cache entry for AarResourcesCompilerTransform: /home/runner/.gradle/caches/8.9/transforms/20bb4ecb2d1f41d90f8c372638e8eda8/transformed/material-release with cache key 4ca4e7814211d6f5b67df11762c9f94c
Build cache key for AarResourcesCompilerTransform: /home/runner/.gradle/caches/8.9/transforms/eedd67be0846ef762844f8ff3075834a/transformed/ui-tooling-data-release is 08090c83520dbc070a209e0d4e0da267
Stored cache entry for AarResourcesCompilerTransform: /home/runner/.gradle/caches/8.9/transforms/8f70f32cd13cf03b0ec4aa41fd018749/transformed/animation-release with cache key ac53aabe2cca0d50219e2cdb75d30066
Build cache key for AarResourcesCompilerTransform: /home/runner/.gradle/caches/8.9/transforms/50b1902f5ec20fc13023b76fb9a599e6/transformed/foundation-release is c1e5ec270b16d2ca7d229e3330eb8348
Stored cache entry for AarResourcesCompilerTransform: /home/runner/.gradle/caches/8.9/transforms/ecd05d80285a118575803319a89dc0c4/transformed/foundation-layout-release with cache key 9601ba98ad673c9b25542fb4367fe9ae
Build cache key for AarResourcesCompilerTransform: /home/runner/.gradle/caches/8.9/transforms/9034bd43e79c9a519026d1cdfa19a03d/transformed/ui-geometry-release is 863033f9d34835ae171bdd357974e10c
Stored cache entry for AarResourcesCompilerTransform: /home/runner/.gradle/caches/8.9/transforms/eedd67be0846ef762844f8ff3075834a/transformed/ui-tooling-data-release with cache key 08090c83520dbc070a209e0d4e0da267
Build cache key for AarResourcesCompilerTransform: /home/runner/.gradle/caches/8.9/transforms/3fd716325c88c28b9a5f8e9eb9c70beb/transformed/ui-unit-release is 1ac7e206ca98c517e9454b46211669de
Stored cache entry for AarResourcesCompilerTransform: /home/runner/.gradle/caches/8.9/transforms/50b1902f5ec20fc13023b76fb9a599e6/transformed/foundation-release with cache key c1e5ec270b16d2ca7d229e3330eb8348
Build cache key for AarResourcesCompilerTransform: /home/runner/.gradle/caches/8.9/transforms/4ba26746e6a3026741c16394a3db0817/transformed/ui-util-release is 75e5d7c38c1deffe71558ef265c45894
Stored cache entry for AarResourcesCompilerTransform: /home/runner/.gradle/caches/8.9/transforms/9034bd43e79c9a519026d1cdfa19a03d/transformed/ui-geometry-release with cache key 863033f9d34835ae171bdd357974e10c
Stored cache entry for AarResourcesCompilerTransform: /home/runner/.gradle/caches/8.9/transforms/3fd716325c88c28b9a5f8e9eb9c70beb/transformed/ui-unit-release with cache key 1ac7e206ca98c517e9454b46211669de
Build cache key for AarResourcesCompilerTransform: /home/runner/.gradle/caches/8.9/transforms/ed652a239617376d903bece965b72e0c/transformed/ui-text-release is e2fa67cc5d003a38df43975e9eda5457
Stored cache entry for AarResourcesCompilerTransform: /home/runner/.gradle/caches/8.9/transforms/4ba26746e6a3026741c16394a3db0817/transformed/ui-util-release with cache key 75e5d7c38c1deffe71558ef265c45894
Build cache key for AarResourcesCompilerTransform: /home/runner/.gradle/caches/8.9/transforms/eb8ee0b21d6aa966a80bc93f20959e1d/transformed/ui-graphics-release is 69f2435ee511a375440a05eccd1d259d
Build cache key for AarResourcesCompilerTransform: /home/runner/.gradle/caches/8.9/transforms/1a6c894bd7d73e041f848716192bee60/transformed/ui-tooling-preview-release is 30d11f27a402f47857ebdc0f646bd310
Stored cache entry for AarResourcesCompilerTransform: /home/runner/.gradle/caches/8.9/transforms/ed652a239617376d903bece965b72e0c/transformed/ui-text-release with cache key e2fa67cc5d003a38df43975e9eda5457
Stored cache entry for AarResourcesCompilerTransform: /home/runner/.gradle/caches/8.9/transforms/eb8ee0b21d6aa966a80bc93f20959e1d/transformed/ui-graphics-release with cache key 69f2435ee511a375440a05eccd1d259d
Build cache key for AarResourcesCompilerTransform: /home/runner/.gradle/caches/8.9/transforms/377064f6a8a637067f11c20dccf96de9/transformed/ui-tooling-release is 2fd6e01dfaec4a774667e0a65a37f205
Stored cache entry for AarResourcesCompilerTransform: /home/runner/.gradle/caches/8.9/transforms/1a6c894bd7d73e041f848716192bee60/transformed/ui-tooling-preview-release with cache key 30d11f27a402f47857ebdc0f646bd310
Build cache key for AarResourcesCompilerTransform: /home/runner/.gradle/caches/8.9/transforms/90932bdf55a6bc176d49667881ec7843/transformed/savedstate-ktx-1.2.1 is fca9b94a203f5dbaaaea5a20498261a7
Build cache key for AarResourcesCompilerTransform: /home/runner/.gradle/caches/8.9/transforms/0b22198a7488454fa14b7735f0f509eb/transformed/activity-compose-1.9.3 is 5806f2e2fa2d3133033099d0bb402fe8
Build cache key for AarResourcesCompilerTransform: /home/runner/.gradle/caches/8.9/transforms/aa31e808e1b8b69495c21ddfdfea88cc/transformed/savedstate-1.2.1 is ad46f1a6e36ae183949a9b91df46f969
Stored cache entry for AarResourcesCompilerTransform: /home/runner/.gradle/caches/8.9/transforms/377064f6a8a637067f11c20dccf96de9/transformed/ui-tooling-release with cache key 2fd6e01dfaec4a774667e0a65a37f205
Stored cache entry for AarResourcesCompilerTransform: /home/runner/.gradle/caches/8.9/transforms/90932bdf55a6bc176d49667881ec7843/transformed/savedstate-ktx-1.2.1 with cache key fca9b94a203f5dbaaaea5a20498261a7
Stored cache entry for AarResourcesCompilerTransform: /home/runner/.gradle/caches/8.9/transforms/0b22198a7488454fa14b7735f0f509eb/transformed/activity-compose-1.9.3 with cache key 5806f2e2fa2d3133033099d0bb402fe8
Stored cache entry for AarResourcesCompilerTransform: /home/runner/.gradle/caches/8.9/transforms/aa31e808e1b8b69495c21ddfdfea88cc/transformed/savedstate-1.2.1 with cache key ad46f1a6e36ae183949a9b91df46f969
Build cache key for AarResourcesCompilerTransform: /home/runner/.gradle/caches/8.9/transforms/e7dacae607132f83ac84f78c820c58db/transformed/emoji2-1.3.0 is 5c65bdd2a9dc647ef22fc327cae06572
Build cache key for AarResourcesCompilerTransform: /home/runner/.gradle/caches/8.9/transforms/0522020dde5581db3657b7a4e1d103b5/transformed/lifecycle-livedata-core-ktx-2.8.6 is 1503a76c68091926fddc87eda2f26c1d
Build cache key for AarResourcesCompilerTransform: /home/runner/.gradle/caches/8.9/transforms/a06a20b09cfe9d50558996bed72b9bac/transformed/loader-1.0.0 is df112437553d365f9c53bfce65807a3a
Build cache key for AarResourcesCompilerTransform: /home/runner/.gradle/caches/8.9/transforms/962d0c0f47f07b6b05e11de92b7c147f/transformed/lifecycle-process-2.8.6 is eebec0ae5bbf0971aaff2c661508de43
Stored cache entry for AarResourcesCompilerTransform: /home/runner/.gradle/caches/8.9/transforms/a06a20b09cfe9d50558996bed72b9bac/transformed/loader-1.0.0 with cache key df112437553d365f9c53bfce65807a3a
Stored cache entry for AarResourcesCompilerTransform: /home/runner/.gradle/caches/8.9/transforms/e7dacae607132f83ac84f78c820c58db/transformed/emoji2-1.3.0 with cache key 5c65bdd2a9dc647ef22fc327cae06572
Build cache key for AarResourcesCompilerTransform: /home/runner/.gradle/caches/8.9/transforms/90b89a176e7ec2395e669ca023f26edf/transformed/lifecycle-viewmodel-2.8.6 is 89050fcbbaf8d775ede25ca07506f754
Build cache key for AarResourcesCompilerTransform: /home/runner/.gradle/caches/8.9/transforms/0b564fb7dcdb48d095b445cc31899d2f/transformed/lifecycle-livedata-2.8.6 is 545578bf698c34579e180179a226b063
Stored cache entry for AarResourcesCompilerTransform: /home/runner/.gradle/caches/8.9/transforms/0522020dde5581db3657b7a4e1d103b5/transformed/lifecycle-livedata-core-ktx-2.8.6 with cache key 1503a76c68091926fddc87eda2f26c1d
Stored cache entry for AarResourcesCompilerTransform: /home/runner/.gradle/caches/8.9/transforms/962d0c0f47f07b6b05e11de92b7c147f/transformed/lifecycle-process-2.8.6 with cache key eebec0ae5bbf0971aaff2c661508de43
Build cache key for AarResourcesCompilerTransform: /home/runner/.gradle/caches/8.9/transforms/17fc0bc7bc5aa3696d5d672a2565c57a/transformed/lifecycle-viewmodel-release is d0a686e14e8151456ad6f99526f03750
Build cache key for AarResourcesCompilerTransform: /home/runner/.gradle/caches/8.9/transforms/a01d1204b2223af9f8c26a2648120f4d/transformed/lifecycle-runtime-release is e9be73995a9b0e29029637ceab5b3b9b
Stored cache entry for AarResourcesCompilerTransform: /home/runner/.gradle/caches/8.9/transforms/0b564fb7dcdb48d095b445cc31899d2f/transformed/lifecycle-livedata-2.8.6 with cache key 545578bf698c34579e180179a226b063
Stored cache entry for AarResourcesCompilerTransform: /home/runner/.gradle/caches/8.9/transforms/90b89a176e7ec2395e669ca023f26edf/transformed/lifecycle-viewmodel-2.8.6 with cache key 89050fcbbaf8d775ede25ca07506f754
Build cache key for AarResourcesCompilerTransform: /home/runner/.gradle/caches/8.9/transforms/0a3cd9da5b5b76b08145565a0b64e378/transformed/lifecycle-livedata-core-2.8.6 is 179b14adb2216412b1d27b871bb121d7
Build cache key for AarResourcesCompilerTransform: /home/runner/.gradle/caches/8.9/transforms/8b3d9602325ce4c2847a5ecc8178e8c0/transformed/lifecycle-viewmodel-ktx-2.8.6 is 3eed412874e6c393259a8dfa1c58b08f
Stored cache entry for AarResourcesCompilerTransform: /home/runner/.gradle/caches/8.9/transforms/a01d1204b2223af9f8c26a2648120f4d/transformed/lifecycle-runtime-release with cache key e9be73995a9b0e29029637ceab5b3b9b
Stored cache entry for AarResourcesCompilerTransform: /home/runner/.gradle/caches/8.9/transforms/17fc0bc7bc5aa3696d5d672a2565c57a/transformed/lifecycle-viewmodel-release with cache key d0a686e14e8151456ad6f99526f03750
Stored cache entry for AarResourcesCompilerTransform: /home/runner/.gradle/caches/8.9/transforms/0a3cd9da5b5b76b08145565a0b64e378/transformed/lifecycle-livedata-core-2.8.6 with cache key 179b14adb2216412b1d27b871bb121d7
Build cache key for AarResourcesCompilerTransform: /home/runner/.gradle/caches/8.9/transforms/bd48baa61b5e8859e94b8182a0905745/transformed/lifecycle-viewmodel-savedstate-2.8.6 is b3746a8b51759b65988864befa837936
Stored cache entry for AarResourcesCompilerTransform: /home/runner/.gradle/caches/8.9/transforms/8b3d9602325ce4c2847a5ecc8178e8c0/transformed/lifecycle-viewmodel-ktx-2.8.6 with cache key 3eed412874e6c393259a8dfa1c58b08f
Build cache key for AarResourcesCompilerTransform: /home/runner/.gradle/caches/8.9/transforms/32e6e848fb1ddd1db586378d1f473645/transformed/lifecycle-runtime-compose-release is f052edab5172ef867426aa3f0e56cd47
Build cache key for AarResourcesCompilerTransform: /home/runner/.gradle/caches/8.9/transforms/36c7df64eee3e12d89ac1ab86f5a80db/transformed/lifecycle-runtime-ktx-release is e3f1fa5962b99b35670945c33e01ace9
Stored cache entry for AarResourcesCompilerTransform: /home/runner/.gradle/caches/8.9/transforms/bd48baa61b5e8859e94b8182a0905745/transformed/lifecycle-viewmodel-savedstate-2.8.6 with cache key b3746a8b51759b65988864befa837936
Stored cache entry for AarResourcesCompilerTransform: /home/runner/.gradle/caches/8.9/transforms/36c7df64eee3e12d89ac1ab86f5a80db/transformed/lifecycle-runtime-ktx-release with cache key e3f1fa5962b99b35670945c33e01ace9
Build cache key for AarResourcesCompilerTransform: /home/runner/.gradle/caches/8.9/transforms/c92df85f6d2f30283dc663aea998868a/transformed/lifecycle-viewmodel-compose-release is 54b4756fa301b286244f73789208cd5f
Build cache key for AarResourcesCompilerTransform: /home/runner/.gradle/caches/8.9/transforms/f2dd91c7336c7cd395adedc68ed77786/transformed/material-icons-core-release is b414f6e00ae6e08fea806d8f15df95ee
Build cache key for AarResourcesCompilerTransform: /home/runner/.gradle/caches/8.9/transforms/bc12b5e8392d2688d2deea964b07e9a6/transformed/material-icons-extended-release is 3957ec4c82cb4842d47e60eacbad5f82
Stored cache entry for AarResourcesCompilerTransform: /home/runner/.gradle/caches/8.9/transforms/32e6e848fb1ddd1db586378d1f473645/transformed/lifecycle-runtime-compose-release with cache key f052edab5172ef867426aa3f0e56cd47
Stored cache entry for AarResourcesCompilerTransform: /home/runner/.gradle/caches/8.9/transforms/bc12b5e8392d2688d2deea964b07e9a6/transformed/material-icons-extended-release with cache key 3957ec4c82cb4842d47e60eacbad5f82
Build cache key for AarResourcesCompilerTransform: /home/runner/.gradle/caches/8.9/transforms/fb395d79e2d72c7e008ece765567391a/transformed/ui-release is c26ecf3f79accac7e1f8c5eb27f47125
Stored cache entry for AarResourcesCompilerTransform: /home/runner/.gradle/caches/8.9/transforms/f2dd91c7336c7cd395adedc68ed77786/transformed/material-icons-core-release with cache key b414f6e00ae6e08fea806d8f15df95ee
Build cache key for AarResourcesCompilerTransform: /home/runner/.gradle/caches/8.9/transforms/e7da36e077eb0da19a460aac69da9908/transformed/viewpager-1.0.0 is bd4e5401bbc1770ac32fd48047aa1c28
Stored cache entry for AarResourcesCompilerTransform: /home/runner/.gradle/caches/8.9/transforms/c92df85f6d2f30283dc663aea998868a/transformed/lifecycle-viewmodel-compose-release with cache key 54b4756fa301b286244f73789208cd5f
Build cache key for AarResourcesCompilerTransform: /home/runner/.gradle/caches/8.9/transforms/1b582b7df9024784fcac930316c18bce/transformed/autofill-1.0.0 is b4eb8f783e869ae000cbda8b0712381b
Build cache key for AarResourcesCompilerTransform: /home/runner/.gradle/caches/8.9/transforms/338142dbc7d5dd547654c03215036f9e/transformed/graphics-path-1.0.1 is f48534c2e3736e572942e63f18a4344d
Compiling xml file /home/runner/.gradle/caches/8.9/transforms/fb395d79e2d72c7e008ece765567391a/transformed/ui-release/res/color/vector_tint_theme_color.xml to /home/runner/.gradle/caches/8.9/transforms/6d45b31b2c981016a2a18bccd39ac2ab-185687be-acb7-4070-addc-5426891abcf2/transformed/androidx.compose.ui/color_vector_tint_theme_color.xml.flat
Compiling xml file /home/runner/.gradle/caches/8.9/transforms/fb395d79e2d72c7e008ece765567391a/transformed/ui-release/res/color/vector_tint_color.xml to /home/runner/.gradle/caches/8.9/transforms/6d45b31b2c981016a2a18bccd39ac2ab-185687be-acb7-4070-addc-5426891abcf2/transformed/androidx.compose.ui/color_vector_tint_color.xml.flat
Stored cache entry for AarResourcesCompilerTransform: /home/runner/.gradle/caches/8.9/transforms/e7da36e077eb0da19a460aac69da9908/transformed/viewpager-1.0.0 with cache key bd4e5401bbc1770ac32fd48047aa1c28
Build cache key for AarResourcesCompilerTransform: /home/runner/.gradle/caches/8.9/transforms/4c14aaf8029480c22ef47249c536049a/transformed/customview-1.0.0 is 120f45595ac0941cb275df07bdee7769
Stored cache entry for AarResourcesCompilerTransform: /home/runner/.gradle/caches/8.9/transforms/338142dbc7d5dd547654c03215036f9e/transformed/graphics-path-1.0.1 with cache key f48534c2e3736e572942e63f18a4344d
Stored cache entry for AarResourcesCompilerTransform: /home/runner/.gradle/caches/8.9/transforms/1b582b7df9024784fcac930316c18bce/transformed/autofill-1.0.0 with cache key b4eb8f783e869ae000cbda8b0712381b
Build cache key for AarResourcesCompilerTransform: /home/runner/.gradle/caches/8.9/transforms/6bb7b87146d1e8f53e3dcff3d9228836/transformed/core-1.13.1 is e0e54fe99d115cc80ea4d43de9716608
Stored cache entry for AarResourcesCompilerTransform: /home/runner/.gradle/caches/8.9/transforms/fb395d79e2d72c7e008ece765567391a/transformed/ui-release with cache key c26ecf3f79accac7e1f8c5eb27f47125
Compiling xml file /home/runner/.gradle/caches/8.9/transforms/6bb7b87146d1e8f53e3dcff3d9228836/transformed/core-1.13.1/res/layout-v21/notification_action_tombstone.xml to /home/runner/.gradle/caches/8.9/transforms/cd49c96339cad217106d690dff702d32-e51c4af5-23fb-4e04-8a8c-1404a3a86355/transformed/androidx.core/layout-v21_notification_action_tombstone.xml.flat
Stored cache entry for AarResourcesCompilerTransform: /home/runner/.gradle/caches/8.9/transforms/4c14aaf8029480c22ef47249c536049a/transformed/customview-1.0.0 with cache key 120f45595ac0941cb275df07bdee7769
Compiling xml file /home/runner/.gradle/caches/8.9/transforms/6bb7b87146d1e8f53e3dcff3d9228836/transformed/core-1.13.1/res/layout-v21/notification_template_custom_big.xml to /home/runner/.gradle/caches/8.9/transforms/cd49c96339cad217106d690dff702d32-e51c4af5-23fb-4e04-8a8c-1404a3a86355/transformed/androidx.core/layout-v21_notification_template_custom_big.xml.flat
Compiling xml file /home/runner/.gradle/caches/8.9/transforms/6bb7b87146d1e8f53e3dcff3d9228836/transformed/core-1.13.1/res/layout-v21/notification_action.xml to /home/runner/.gradle/caches/8.9/transforms/cd49c96339cad217106d690dff702d32-e51c4af5-23fb-4e04-8a8c-1404a3a86355/transformed/androidx.core/layout-v21_notification_action.xml.flat
Compiling xml file /home/runner/.gradle/caches/8.9/transforms/6bb7b87146d1e8f53e3dcff3d9228836/transformed/core-1.13.1/res/layout-v21/notification_template_icon_group.xml to /home/runner/.gradle/caches/8.9/transforms/cd49c96339cad217106d690dff702d32-e51c4af5-23fb-4e04-8a8c-1404a3a86355/transformed/androidx.core/layout-v21_notification_template_icon_group.xml.flat
AAPT2 aapt2-8.7.3-12006047-linux Daemon #0: starting
Compiling xml file /home/runner/.gradle/caches/8.9/transforms/6bb7b87146d1e8f53e3dcff3d9228836/transformed/core-1.13.1/res/drawable-v21/notification_action_background.xml to /home/runner/.gradle/caches/8.9/transforms/cd49c96339cad217106d690dff702d32-e51c4af5-23fb-4e04-8a8c-1404a3a86355/transformed/androidx.core/drawable-v21_notification_action_background.xml.flat
Compiling xml file /home/runner/.gradle/caches/8.9/transforms/6bb7b87146d1e8f53e3dcff3d9228836/transformed/core-1.13.1/res/layout/notification_action_tombstone.xml to /home/runner/.gradle/caches/8.9/transforms/cd49c96339cad217106d690dff702d32-e51c4af5-23fb-4e04-8a8c-1404a3a86355/transformed/androidx.core/layout_notification_action_tombstone.xml.flat
Compiling xml file /home/runner/.gradle/caches/8.9/transforms/6bb7b87146d1e8f53e3dcff3d9228836/transformed/core-1.13.1/res/layout/notification_template_custom_big.xml to /home/runner/.gradle/caches/8.9/transforms/cd49c96339cad217106d690dff702d32-e51c4af5-23fb-4e04-8a8c-1404a3a86355/transformed/androidx.core/layout_notification_template_custom_big.xml.flat
Compiling xml file /home/runner/.gradle/caches/8.9/transforms/6bb7b87146d1e8f53e3dcff3d9228836/transformed/core-1.13.1/res/layout/notification_action.xml to /home/runner/.gradle/caches/8.9/transforms/cd49c96339cad217106d690dff702d32-e51c4af5-23fb-4e04-8a8c-1404a3a86355/transformed/androidx.core/layout_notification_action.xml.flat
Compiling xml file /home/runner/.gradle/caches/8.9/transforms/6bb7b87146d1e8f53e3dcff3d9228836/transformed/core-1.13.1/res/layout/notification_template_part_chronometer.xml to /home/runner/.gradle/caches/8.9/transforms/cd49c96339cad217106d690dff702d32-e51c4af5-23fb-4e04-8a8c-1404a3a86355/transformed/androidx.core/layout_notification_template_part_chronometer.xml.flat
Compiling xml file /home/runner/.gradle/caches/8.9/transforms/6bb7b87146d1e8f53e3dcff3d9228836/transformed/core-1.13.1/res/layout/custom_dialog.xml to /home/runner/.gradle/caches/8.9/transforms/cd49c96339cad217106d690dff702d32-e51c4af5-23fb-4e04-8a8c-1404a3a86355/transformed/androidx.core/layout_custom_dialog.xml.flat
Compiling xml file /home/runner/.gradle/caches/8.9/transforms/6bb7b87146d1e8f53e3dcff3d9228836/transformed/core-1.13.1/res/layout/ime_secondary_split_test_activity.xml to /home/runner/.gradle/caches/8.9/transforms/cd49c96339cad217106d690dff702d32-e51c4af5-23fb-4e04-8a8c-1404a3a86355/transformed/androidx.core/layout_ime_secondary_split_test_activity.xml.flat
Compiling xml file /home/runner/.gradle/caches/8.9/transforms/6bb7b87146d1e8f53e3dcff3d9228836/transformed/core-1.13.1/res/layout/notification_template_part_time.xml to /home/runner/.gradle/caches/8.9/transforms/cd49c96339cad217106d690dff702d32-e51c4af5-23fb-4e04-8a8c-1404a3a86355/transformed/androidx.core/layout_notification_template_part_time.xml.flat
Compiling xml file /home/runner/.gradle/caches/8.9/transforms/6bb7b87146d1e8f53e3dcff3d9228836/transformed/core-1.13.1/res/layout/notification_template_icon_group.xml to /home/runner/.gradle/caches/8.9/transforms/cd49c96339cad217106d690dff702d32-e51c4af5-23fb-4e04-8a8c-1404a3a86355/transformed/androidx.core/layout_notification_template_icon_group.xml.flat
Compiling xml file /home/runner/.gradle/caches/8.9/transforms/6bb7b87146d1e8f53e3dcff3d9228836/transformed/core-1.13.1/res/layout/ime_base_split_test_activity.xml to /home/runner/.gradle/caches/8.9/transforms/cd49c96339cad217106d690dff702d32-e51c4af5-23fb-4e04-8a8c-1404a3a86355/transformed/androidx.core/layout_ime_base_split_test_activity.xml.flat
Compiling xml file /home/runner/.gradle/caches/8.9/transforms/6bb7b87146d1e8f53e3dcff3d9228836/transformed/core-1.13.1/res/drawable-anydpi-v21/ic_call_answer_low.xml to /home/runner/.gradle/caches/8.9/transforms/cd49c96339cad217106d690dff702d32-e51c4af5-23fb-4e04-8a8c-1404a3a86355/transformed/androidx.core/drawable-anydpi-v21_ic_call_answer_low.xml.flat
Compiling xml file /home/runner/.gradle/caches/8.9/transforms/6bb7b87146d1e8f53e3dcff3d9228836/transformed/core-1.13.1/res/drawable-anydpi-v21/ic_call_decline_low.xml to /home/runner/.gradle/caches/8.9/transforms/cd49c96339cad217106d690dff702d32-e51c4af5-23fb-4e04-8a8c-1404a3a86355/transformed/androidx.core/drawable-anydpi-v21_ic_call_decline_low.xml.flat
Compiling xml file /home/runner/.gradle/caches/8.9/transforms/6bb7b87146d1e8f53e3dcff3d9228836/transformed/core-1.13.1/res/drawable-anydpi-v21/ic_call_answer_video.xml to /home/runner/.gradle/caches/8.9/transforms/cd49c96339cad217106d690dff702d32-e51c4af5-23fb-4e04-8a8c-1404a3a86355/transformed/androidx.core/drawable-anydpi-v21_ic_call_answer_video.xml.flat
Compiling xml file /home/runner/.gradle/caches/8.9/transforms/6bb7b87146d1e8f53e3dcff3d9228836/transformed/core-1.13.1/res/drawable-anydpi-v21/ic_call_decline.xml to /home/runner/.gradle/caches/8.9/transforms/cd49c96339cad217106d690dff702d32-e51c4af5-23fb-4e04-8a8c-1404a3a86355/transformed/androidx.core/drawable-anydpi-v21_ic_call_decline.xml.flat
Compiling xml file /home/runner/.gradle/caches/8.9/transforms/6bb7b87146d1e8f53e3dcff3d9228836/transformed/core-1.13.1/res/drawable-anydpi-v21/ic_call_answer.xml to /home/runner/.gradle/caches/8.9/transforms/cd49c96339cad217106d690dff702d32-e51c4af5-23fb-4e04-8a8c-1404a3a86355/transformed/androidx.core/drawable-anydpi-v21_ic_call_answer.xml.flat
Compiling xml file /home/runner/.gradle/caches/8.9/transforms/6bb7b87146d1e8f53e3dcff3d9228836/transformed/core-1.13.1/res/drawable-anydpi-v21/ic_call_answer_video_low.xml to /home/runner/.gradle/caches/8.9/transforms/cd49c96339cad217106d690dff702d32-e51c4af5-23fb-4e04-8a8c-1404a3a86355/transformed/androidx.core/drawable-anydpi-v21_ic_call_answer_video_low.xml.flat
Compiling xml file /home/runner/.gradle/caches/8.9/transforms/6bb7b87146d1e8f53e3dcff3d9228836/transformed/core-1.13.1/res/drawable/notification_tile_bg.xml to /home/runner/.gradle/caches/8.9/transforms/cd49c96339cad217106d690dff702d32-e51c4af5-23fb-4e04-8a8c-1404a3a86355/transformed/androidx.core/drawable_notification_tile_bg.xml.flat
Compiling xml file /home/runner/.gradle/caches/8.9/transforms/6bb7b87146d1e8f53e3dcff3d9228836/transformed/core-1.13.1/res/drawable/notification_icon_background.xml to /home/runner/.gradle/caches/8.9/transforms/cd49c96339cad217106d690dff702d32-e51c4af5-23fb-4e04-8a8c-1404a3a86355/transformed/androidx.core/drawable_notification_icon_background.xml.flat
Compiling xml file /home/runner/.gradle/caches/8.9/transforms/6bb7b87146d1e8f53e3dcff3d9228836/transformed/core-1.13.1/res/drawable/notification_bg_low.xml to /home/runner/.gradle/caches/8.9/transforms/cd49c96339cad217106d690dff702d32-e51c4af5-23fb-4e04-8a8c-1404a3a86355/transformed/androidx.core/drawable_notification_bg_low.xml.flat
Compiling xml file /home/runner/.gradle/caches/8.9/transforms/6bb7b87146d1e8f53e3dcff3d9228836/transformed/core-1.13.1/res/drawable/notification_bg.xml to /home/runner/.gradle/caches/8.9/transforms/cd49c96339cad217106d690dff702d32-e51c4af5-23fb-4e04-8a8c-1404a3a86355/transformed/androidx.core/drawable_notification_bg.xml.flat
Stored cache entry for AarResourcesCompilerTransform: /home/runner/.gradle/caches/8.9/transforms/6bb7b87146d1e8f53e3dcff3d9228836/transformed/core-1.13.1 with cache key e0e54fe99d115cc80ea4d43de9716608
Build cache key for AarResourcesCompilerTransform: /home/runner/.gradle/caches/8.9/transforms/6f7a4f248d0d4b58cb58dea0baf15ed9/transformed/customview-poolingcontainer-1.0.0 is d37f00478d3681e7d63d3882fda5e9c4
Build cache key for AarResourcesCompilerTransform: /home/runner/.gradle/caches/8.9/transforms/51e90ff84cd5fef82aca80c6b8df3077/transformed/core-ktx-1.13.1 is 5546a9ac82acda402b646c41fe1ce0c8
Build cache key for AarResourcesCompilerTransform: /home/runner/.gradle/caches/8.9/transforms/4771675c2ad91221a74ebcde08c3d2e7/transformed/room-runtime-2.6.1 is 851549cc6042a0b7cb46880937e14d45
Build cache key for AarResourcesCompilerTransform: /home/runner/.gradle/caches/8.9/transforms/1f2a64687fc539c15dce7cfbca954f60/transformed/room-ktx-2.6.1 is ddca87b2d11333890253bfbd9716cd2d
Stored cache entry for AarResourcesCompilerTransform: /home/runner/.gradle/caches/8.9/transforms/6f7a4f248d0d4b58cb58dea0baf15ed9/transformed/customview-poolingcontainer-1.0.0 with cache key d37f00478d3681e7d63d3882fda5e9c4
Build cache key for AarResourcesCompilerTransform: /home/runner/.gradle/caches/8.9/transforms/00245606247db813ebab22482ea4f8d7/transformed/runtime-saveable-release is c6eec8a0d7049fdf479f1d1434acf009
Stored cache entry for AarResourcesCompilerTransform: /home/runner/.gradle/caches/8.9/transforms/4771675c2ad91221a74ebcde08c3d2e7/transformed/room-runtime-2.6.1 with cache key 851549cc6042a0b7cb46880937e14d45
Stored cache entry for AarResourcesCompilerTransform: /home/runner/.gradle/caches/8.9/transforms/51e90ff84cd5fef82aca80c6b8df3077/transformed/core-ktx-1.13.1 with cache key 5546a9ac82acda402b646c41fe1ce0c8
Stored cache entry for AarResourcesCompilerTransform: /home/runner/.gradle/caches/8.9/transforms/1f2a64687fc539c15dce7cfbca954f60/transformed/room-ktx-2.6.1 with cache key ddca87b2d11333890253bfbd9716cd2d
Build cache key for AarResourcesCompilerTransform: /home/runner/.gradle/caches/8.9/transforms/df4013943e66f1429b5a2e86bf045b3a/transformed/runtime-release is bad9beb821c59f000bf88fab9af90d5b
Build cache key for AarResourcesCompilerTransform: /home/runner/.gradle/caches/8.9/transforms/3f2696bb538fb0b131221edd46a4f7b5/transformed/sqlite-framework-2.4.0 is ceff8ea029faf2841023a02c9b98f362
Stored cache entry for AarResourcesCompilerTransform: /home/runner/.gradle/caches/8.9/transforms/00245606247db813ebab22482ea4f8d7/transformed/runtime-saveable-release with cache key c6eec8a0d7049fdf479f1d1434acf009
Build cache key for AarResourcesCompilerTransform: /home/runner/.gradle/caches/8.9/transforms/e0fce34334d8005a80bf909fb8965fe0/transformed/sqlite-2.4.0 is 9ec382755e2eb87c75b4c73dcf5e5fab
Build cache key for AarResourcesCompilerTransform: /home/runner/.gradle/caches/8.9/transforms/9cc5beac71432b0c6f2e25728a1cf157/transformed/annotation-experimental-1.4.1 is eb95bd0c7a03a051433b8389ae612a23
Stored cache entry for AarResourcesCompilerTransform: /home/runner/.gradle/caches/8.9/transforms/df4013943e66f1429b5a2e86bf045b3a/transformed/runtime-release with cache key bad9beb821c59f000bf88fab9af90d5b
Build cache key for AarResourcesCompilerTransform: /home/runner/.gradle/caches/8.9/transforms/26521b8577051a04bc5676e0dc51bde1/transformed/versionedparcelable-1.1.1 is d5afce8adc8be3171d8075da6c8a031f
Stored cache entry for AarResourcesCompilerTransform: /home/runner/.gradle/caches/8.9/transforms/9cc5beac71432b0c6f2e25728a1cf157/transformed/annotation-experimental-1.4.1 with cache key eb95bd0c7a03a051433b8389ae612a23
Stored cache entry for AarResourcesCompilerTransform: /home/runner/.gradle/caches/8.9/transforms/3f2696bb538fb0b131221edd46a4f7b5/transformed/sqlite-framework-2.4.0 with cache key ceff8ea029faf2841023a02c9b98f362
Build cache key for AarResourcesCompilerTransform: /home/runner/.gradle/caches/8.9/transforms/74c50b0611733beee6223550345399db/transformed/core-runtime-2.2.0 is 8f9f6d4a7b14370b16d0e9a8d54afa15
Build cache key for AarResourcesCompilerTransform: /home/runner/.gradle/caches/8.9/transforms/a4f557f063ee99600f1e6f12798dbe7c/transformed/interpolator-1.0.0 is ef3597d84cde2ea499ea87363fc722d7
Stored cache entry for AarResourcesCompilerTransform: /home/runner/.gradle/caches/8.9/transforms/26521b8577051a04bc5676e0dc51bde1/transformed/versionedparcelable-1.1.1 with cache key d5afce8adc8be3171d8075da6c8a031f
Stored cache entry for AarResourcesCompilerTransform: /home/runner/.gradle/caches/8.9/transforms/e0fce34334d8005a80bf909fb8965fe0/transformed/sqlite-2.4.0 with cache key 9ec382755e2eb87c75b4c73dcf5e5fab
Build cache key for AarResourcesCompilerTransform: /home/runner/.gradle/caches/8.9/transforms/53dfbc140237e96b44247be42456c9e3/transformed/profileinstaller-1.3.1 is d55db7275ad4693437d8f4793f74a135
Build cache key for AarResourcesCompilerTransform: /home/runner/.gradle/caches/8.9/transforms/497791f0725a98193454277ae9dee35b/transformed/startup-runtime-1.1.1 is 76855037133ceb1add1cea5e24b1b35f
Stored cache entry for AarResourcesCompilerTransform: /home/runner/.gradle/caches/8.9/transforms/74c50b0611733beee6223550345399db/transformed/core-runtime-2.2.0 with cache key 8f9f6d4a7b14370b16d0e9a8d54afa15
Stored cache entry for AarResourcesCompilerTransform: /home/runner/.gradle/caches/8.9/transforms/53dfbc140237e96b44247be42456c9e3/transformed/profileinstaller-1.3.1 with cache key d55db7275ad4693437d8f4793f74a135
Build cache key for AarResourcesCompilerTransform: /home/runner/.gradle/caches/8.9/transforms/cd9ad7fcd4eb9a21b34852de4022b6d0/transformed/tracing-1.0.0 is 2204bd54130e19637635474b9babd02c
Stored cache entry for AarResourcesCompilerTransform: /home/runner/.gradle/caches/8.9/transforms/a4f557f063ee99600f1e6f12798dbe7c/transformed/interpolator-1.0.0 with cache key ef3597d84cde2ea499ea87363fc722d7
Build cache key for AarResourcesCompilerTransform: /home/runner/.gradle/caches/8.9/transforms/b405d1de32934466a5d6fb0ed11cecfd/transformed/dagger-lint-aar-2.52 is c29c7c760493e9c2bb3da364b4cfef71
Stored cache entry for AarResourcesCompilerTransform: /home/runner/.gradle/caches/8.9/transforms/497791f0725a98193454277ae9dee35b/transformed/startup-runtime-1.1.1 with cache key 76855037133ceb1add1cea5e24b1b35f
Stored cache entry for AarResourcesCompilerTransform: /home/runner/.gradle/caches/8.9/transforms/cd9ad7fcd4eb9a21b34852de4022b6d0/transformed/tracing-1.0.0 with cache key 2204bd54130e19637635474b9babd02c
Stored cache entry for AarResourcesCompilerTransform: /home/runner/.gradle/caches/8.9/transforms/b405d1de32934466a5d6fb0ed11cecfd/transformed/dagger-lint-aar-2.52 with cache key c29c7c760493e9c2bb3da364b4cfef71
Transforming hilt-navigation-compose-1.2.0.aar (androidx.hilt:hilt-navigation-compose:1.2.0) with ExtractAarTransform
Transforming hilt-navigation-compose-1.2.0.aar (androidx.hilt:hilt-navigation-compose:1.2.0) with LibrarySymbolTableTransform
Transforming hilt-navigation-1.2.0.aar (androidx.hilt:hilt-navigation:1.2.0) with ExtractAarTransform
Transforming hilt-navigation-1.2.0.aar (androidx.hilt:hilt-navigation:1.2.0) with LibrarySymbolTableTransform
Transforming navigation-common-2.8.3.aar (androidx.navigation:navigation-common:2.8.3) with ExtractAarTransform
Transforming navigation-common-2.8.3.aar (androidx.navigation:navigation-common:2.8.3) with LibrarySymbolTableTransform
Transforming navigation-runtime-2.8.3.aar (androidx.navigation:navigation-runtime:2.8.3) with ExtractAarTransform
Transforming navigation-runtime-2.8.3.aar (androidx.navigation:navigation-runtime:2.8.3) with LibrarySymbolTableTransform
Transforming navigation-common-ktx-2.8.3.aar (androidx.navigation:navigation-common-ktx:2.8.3) with ExtractAarTransform
Transforming navigation-common-ktx-2.8.3.aar (androidx.navigation:navigation-common-ktx:2.8.3) with LibrarySymbolTableTransform
Caching disabled for LibrarySymbolTableTransform: /home/runner/.gradle/caches/8.9/transforms/12ec77c8f0ef27e9e667039aa0010280/transformed/hilt-navigation-compose-1.2.0 because:
  Caching not enabled.
Transforming navigation-runtime-ktx-2.8.3.aar (androidx.navigation:navigation-runtime-ktx:2.8.3) with ExtractAarTransform
Transforming navigation-runtime-ktx-2.8.3.aar (androidx.navigation:navigation-runtime-ktx:2.8.3) with LibrarySymbolTableTransform
Transforming navigation-compose-2.8.3.aar (androidx.navigation:navigation-compose:2.8.3) with ExtractAarTransform
Transforming navigation-compose-2.8.3.aar (androidx.navigation:navigation-compose:2.8.3) with LibrarySymbolTableTransform
Transforming hilt-android-2.52.aar (com.google.dagger:hilt-android:2.52) with ExtractAarTransform
Transforming hilt-android-2.52.aar (com.google.dagger:hilt-android:2.52) with LibrarySymbolTableTransform
Transforming fragment-1.5.1.aar (androidx.fragment:fragment:1.5.1) with ExtractAarTransform
Transforming fragment-1.5.1.aar (androidx.fragment:fragment:1.5.1) with LibrarySymbolTableTransform
Transforming activity-1.9.3.aar (androidx.activity:activity:1.9.3) with ExtractAarTransform
Transforming activity-1.9.3.aar (androidx.activity:activity:1.9.3) with LibrarySymbolTableTransform
Transforming activity-ktx-1.9.3.aar (androidx.activity:activity-ktx:1.9.3) with ExtractAarTransform
Transforming activity-ktx-1.9.3.aar (androidx.activity:activity-ktx:1.9.3) with LibrarySymbolTableTransform
Transforming material3-release.aar (androidx.compose.material3:material3-android:1.3.1) with ExtractAarTransform
Transforming material3-release.aar (androidx.compose.material3:material3-android:1.3.1) with LibrarySymbolTableTransform
Transforming material-release.aar (androidx.compose.material:material-android:1.7.5) with ExtractAarTransform
Transforming material-release.aar (androidx.compose.material:material-android:1.7.5) with LibrarySymbolTableTransform
Transforming animation-core-release.aar (androidx.compose.animation:animation-core-android:1.7.5) with ExtractAarTransform
Transforming animation-core-release.aar (androidx.compose.animation:animation-core-android:1.7.5) with LibrarySymbolTableTransform
Transforming material-ripple-release.aar (androidx.compose.material:material-ripple-android:1.7.5) with ExtractAarTransform
Transforming material-ripple-release.aar (androidx.compose.material:material-ripple-android:1.7.5) with LibrarySymbolTableTransform
Transforming animation-release.aar (androidx.compose.animation:animation-android:1.7.5) with ExtractAarTransform
Transforming animation-release.aar (androidx.compose.animation:animation-android:1.7.5) with LibrarySymbolTableTransform
Transforming foundation-layout-release.aar (androidx.compose.foundation:foundation-layout-android:1.7.5) with ExtractAarTransform
Transforming foundation-layout-release.aar (androidx.compose.foundation:foundation-layout-android:1.7.5) with LibrarySymbolTableTransform
Transforming foundation-release.aar (androidx.compose.foundation:foundation-android:1.7.5) with ExtractAarTransform
Transforming foundation-release.aar (androidx.compose.foundation:foundation-android:1.7.5) with LibrarySymbolTableTransform
Transforming ui-tooling-data-release.aar (androidx.compose.ui:ui-tooling-data-android:1.7.5) with ExtractAarTransform
Transforming ui-tooling-data-release.aar (androidx.compose.ui:ui-tooling-data-android:1.7.5) with LibrarySymbolTableTransform
Transforming ui-unit-release.aar (androidx.compose.ui:ui-unit-android:1.7.5) with ExtractAarTransform
Transforming ui-unit-release.aar (androidx.compose.ui:ui-unit-android:1.7.5) with LibrarySymbolTableTransform
Transforming ui-geometry-release.aar (androidx.compose.ui:ui-geometry-android:1.7.5) with ExtractAarTransform
Transforming ui-geometry-release.aar (androidx.compose.ui:ui-geometry-android:1.7.5) with LibrarySymbolTableTransform
Transforming ui-util-release.aar (androidx.compose.ui:ui-util-android:1.7.5) with ExtractAarTransform
Transforming ui-util-release.aar (androidx.compose.ui:ui-util-android:1.7.5) with LibrarySymbolTableTransform
Transforming ui-text-release.aar (androidx.compose.ui:ui-text-android:1.7.5) with ExtractAarTransform
Transforming ui-text-release.aar (androidx.compose.ui:ui-text-android:1.7.5) with LibrarySymbolTableTransform
Transforming ui-tooling-preview-release.aar (androidx.compose.ui:ui-tooling-preview-android:1.7.5) with ExtractAarTransform
Caching disabled for LibrarySymbolTableTransform: /home/runner/.gradle/caches/8.9/transforms/ad4d9f30753e121dfdf5f15fa8c11043/transformed/hilt-navigation-1.2.0 because:
  Caching not enabled.
Transforming ui-tooling-preview-release.aar (androidx.compose.ui:ui-tooling-preview-android:1.7.5) with LibrarySymbolTableTransform
Transforming ui-graphics-release.aar (androidx.compose.ui:ui-graphics-android:1.7.5) with ExtractAarTransform
Transforming ui-graphics-release.aar (androidx.compose.ui:ui-graphics-android:1.7.5) with LibrarySymbolTableTransform
Transforming ui-tooling-release.aar (androidx.compose.ui:ui-tooling-android:1.7.5) with ExtractAarTransform
Transforming ui-tooling-release.aar (androidx.compose.ui:ui-tooling-android:1.7.5) with LibrarySymbolTableTransform
Transforming activity-compose-1.9.3.aar (androidx.activity:activity-compose:1.9.3) with ExtractAarTransform
Transforming activity-compose-1.9.3.aar (androidx.activity:activity-compose:1.9.3) with LibrarySymbolTableTransform
Transforming savedstate-ktx-1.2.1.aar (androidx.savedstate:savedstate-ktx:1.2.1) with ExtractAarTransform
Transforming savedstate-ktx-1.2.1.aar (androidx.savedstate:savedstate-ktx:1.2.1) with LibrarySymbolTableTransform
Transforming savedstate-1.2.1.aar (androidx.savedstate:savedstate:1.2.1) with ExtractAarTransform
Transforming savedstate-1.2.1.aar (androidx.savedstate:savedstate:1.2.1) with LibrarySymbolTableTransform
Transforming loader-1.0.0.aar (androidx.loader:loader:1.0.0) with ExtractAarTransform
Transforming loader-1.0.0.aar (androidx.loader:loader:1.0.0) with LibrarySymbolTableTransform
Transforming emoji2-1.3.0.aar (androidx.emoji2:emoji2:1.3.0) with ExtractAarTransform
Transforming emoji2-1.3.0.aar (androidx.emoji2:emoji2:1.3.0) with LibrarySymbolTableTransform
Transforming lifecycle-process-2.8.6.aar (androidx.lifecycle:lifecycle-process:2.8.6) with ExtractAarTransform
Transforming lifecycle-process-2.8.6.aar (androidx.lifecycle:lifecycle-process:2.8.6) with LibrarySymbolTableTransform
Transforming lifecycle-livedata-core-ktx-2.8.6.aar (androidx.lifecycle:lifecycle-livedata-core-ktx:2.8.6) with ExtractAarTransform
Transforming lifecycle-livedata-core-ktx-2.8.6.aar (androidx.lifecycle:lifecycle-livedata-core-ktx:2.8.6) with LibrarySymbolTableTransform
Transforming lifecycle-livedata-2.8.6.aar (androidx.lifecycle:lifecycle-livedata:2.8.6) with ExtractAarTransform
Transforming lifecycle-livedata-2.8.6.aar (androidx.lifecycle:lifecycle-livedata:2.8.6) with LibrarySymbolTableTransform
Transforming lifecycle-viewmodel-2.8.6.aar (androidx.lifecycle:lifecycle-viewmodel:2.8.6) with ExtractAarTransform
Transforming lifecycle-viewmodel-2.8.6.aar (androidx.lifecycle:lifecycle-viewmodel:2.8.6) with LibrarySymbolTableTransform
Transforming lifecycle-viewmodel-release.aar (androidx.lifecycle:lifecycle-viewmodel-android:2.8.6) with ExtractAarTransform
Transforming lifecycle-viewmodel-release.aar (androidx.lifecycle:lifecycle-viewmodel-android:2.8.6) with LibrarySymbolTableTransform
Transforming lifecycle-runtime-release.aar (androidx.lifecycle:lifecycle-runtime-android:2.8.6) with ExtractAarTransform
Transforming lifecycle-runtime-release.aar (androidx.lifecycle:lifecycle-runtime-android:2.8.6) with LibrarySymbolTableTransform
Transforming lifecycle-livedata-core-2.8.6.aar (androidx.lifecycle:lifecycle-livedata-core:2.8.6) with ExtractAarTransform
Transforming lifecycle-livedata-core-2.8.6.aar (androidx.lifecycle:lifecycle-livedata-core:2.8.6) with LibrarySymbolTableTransform
Transforming lifecycle-viewmodel-ktx-2.8.6.aar (androidx.lifecycle:lifecycle-viewmodel-ktx:2.8.6) with ExtractAarTransform
Transforming lifecycle-viewmodel-ktx-2.8.6.aar (androidx.lifecycle:lifecycle-viewmodel-ktx:2.8.6) with LibrarySymbolTableTransform
Transforming lifecycle-viewmodel-savedstate-2.8.6.aar (androidx.lifecycle:lifecycle-viewmodel-savedstate:2.8.6) with ExtractAarTransform
Transforming lifecycle-viewmodel-savedstate-2.8.6.aar (androidx.lifecycle:lifecycle-viewmodel-savedstate:2.8.6) with LibrarySymbolTableTransform
Transforming lifecycle-runtime-compose-release.aar (androidx.lifecycle:lifecycle-runtime-compose-android:2.8.6) with ExtractAarTransform
Transforming lifecycle-runtime-compose-release.aar (androidx.lifecycle:lifecycle-runtime-compose-android:2.8.6) with LibrarySymbolTableTransform
Transforming lifecycle-runtime-ktx-release.aar (androidx.lifecycle:lifecycle-runtime-ktx-android:2.8.6) with ExtractAarTransform
Transforming lifecycle-runtime-ktx-release.aar (androidx.lifecycle:lifecycle-runtime-ktx-android:2.8.6) with LibrarySymbolTableTransform
Transforming lifecycle-viewmodel-compose-release.aar (androidx.lifecycle:lifecycle-viewmodel-compose-android:2.8.6) with ExtractAarTransform
Transforming lifecycle-viewmodel-compose-release.aar (androidx.lifecycle:lifecycle-viewmodel-compose-android:2.8.6) with LibrarySymbolTableTransform
Transforming material-icons-extended-release.aar (androidx.compose.material:material-icons-extended-android:1.7.5) with ExtractAarTransform
Caching disabled for LibrarySymbolTableTransform: /home/runner/.gradle/caches/8.9/transforms/465ee5133dca15b43b94624bb822b2d7/transformed/navigation-runtime-2.8.3 because:
  Caching not enabled.
Caching disabled for LibrarySymbolTableTransform: /home/runner/.gradle/caches/8.9/transforms/d4d33e906d3b0080609dfa0c474308fb/transformed/navigation-common-2.8.3 because:
  Caching not enabled.
Transforming material-icons-extended-release.aar (androidx.compose.material:material-icons-extended-android:1.7.5) with LibrarySymbolTableTransform
Transforming material-icons-core-release.aar (androidx.compose.material:material-icons-core-android:1.7.5) with ExtractAarTransform
Transforming material-icons-core-release.aar (androidx.compose.material:material-icons-core-android:1.7.5) with LibrarySymbolTableTransform
Transforming ui-release.aar (androidx.compose.ui:ui-android:1.7.5) with ExtractAarTransform
Transforming ui-release.aar (androidx.compose.ui:ui-android:1.7.5) with LibrarySymbolTableTransform
Transforming viewpager-1.0.0.aar (androidx.viewpager:viewpager:1.0.0) with ExtractAarTransform
Transforming viewpager-1.0.0.aar (androidx.viewpager:viewpager:1.0.0) with LibrarySymbolTableTransform
Transforming autofill-1.0.0.aar (androidx.autofill:autofill:1.0.0) with ExtractAarTransform
Transforming autofill-1.0.0.aar (androidx.autofill:autofill:1.0.0) with LibrarySymbolTableTransform
Transforming graphics-path-1.0.1.aar (androidx.graphics:graphics-path:1.0.1) with ExtractAarTransform
Transforming graphics-path-1.0.1.aar (androidx.graphics:graphics-path:1.0.1) with LibrarySymbolTableTransform
Transforming customview-1.0.0.aar (androidx.customview:customview:1.0.0) with ExtractAarTransform
Transforming customview-1.0.0.aar (androidx.customview:customview:1.0.0) with LibrarySymbolTableTransform
Transforming core-1.13.1.aar (androidx.core:core:1.13.1) with ExtractAarTransform
Transforming core-1.13.1.aar (androidx.core:core:1.13.1) with LibrarySymbolTableTransform
Transforming core-1.13.1.aar (androidx.core:core:1.13.1) with ExtractAarTransform
Transforming core-1.13.1.aar (androidx.core:core:1.13.1) with LibrarySymbolTableTransform
Transforming core-1.13.1.aar (androidx.core:core:1.13.1) with ExtractAarTransform
Transforming core-1.13.1.aar (androidx.core:core:1.13.1) with LibrarySymbolTableTransform
Transforming core-1.13.1.aar (androidx.core:core:1.13.1) with ExtractAarTransform
Transforming core-1.13.1.aar (androidx.core:core:1.13.1) with LibrarySymbolTableTransform
Transforming core-1.13.1.aar (androidx.core:core:1.13.1) with ExtractAarTransform
Transforming core-1.13.1.aar (androidx.core:core:1.13.1) with LibrarySymbolTableTransform
Transforming customview-poolingcontainer-1.0.0.aar (androidx.customview:customview-poolingcontainer:1.0.0) with ExtractAarTransform
Transforming customview-poolingcontainer-1.0.0.aar (androidx.customview:customview-poolingcontainer:1.0.0) with LibrarySymbolTableTransform
Transforming core-ktx-1.13.1.aar (androidx.core:core-ktx:1.13.1) with ExtractAarTransform
Transforming core-ktx-1.13.1.aar (androidx.core:core-ktx:1.13.1) with LibrarySymbolTableTransform
Transforming room-runtime-2.6.1.aar (androidx.room:room-runtime:2.6.1) with ExtractAarTransform
Transforming room-runtime-2.6.1.aar (androidx.room:room-runtime:2.6.1) with LibrarySymbolTableTransform
Transforming room-ktx-2.6.1.aar (androidx.room:room-ktx:2.6.1) with ExtractAarTransform
Transforming room-ktx-2.6.1.aar (androidx.room:room-ktx:2.6.1) with LibrarySymbolTableTransform
Transforming runtime-saveable-release.aar (androidx.compose.runtime:runtime-saveable-android:1.7.5) with ExtractAarTransform
Transforming runtime-saveable-release.aar (androidx.compose.runtime:runtime-saveable-android:1.7.5) with LibrarySymbolTableTransform
Transforming runtime-release.aar (androidx.compose.runtime:runtime-android:1.7.5) with ExtractAarTransform
Transforming runtime-release.aar (androidx.compose.runtime:runtime-android:1.7.5) with LibrarySymbolTableTransform
Transforming sqlite-framework-2.4.0.aar (androidx.sqlite:sqlite-framework:2.4.0) with ExtractAarTransform
Transforming sqlite-framework-2.4.0.aar (androidx.sqlite:sqlite-framework:2.4.0) with LibrarySymbolTableTransform
Transforming sqlite-2.4.0.aar (androidx.sqlite:sqlite:2.4.0) with ExtractAarTransform
Transforming sqlite-2.4.0.aar (androidx.sqlite:sqlite:2.4.0) with LibrarySymbolTableTransform
Transforming annotation-experimental-1.4.1.aar (androidx.annotation:annotation-experimental:1.4.1) with ExtractAarTransform
Transforming annotation-experimental-1.4.1.aar (androidx.annotation:annotation-experimental:1.4.1) with LibrarySymbolTableTransform
Transforming versionedparcelable-1.1.1.aar (androidx.versionedparcelable:versionedparcelable:1.1.1) with ExtractAarTransform
Transforming versionedparcelable-1.1.1.aar (androidx.versionedparcelable:versionedparcelable:1.1.1) with LibrarySymbolTableTransform
Transforming core-runtime-2.2.0.aar (androidx.arch.core:core-runtime:2.2.0) with ExtractAarTransform
Transforming core-runtime-2.2.0.aar (androidx.arch.core:core-runtime:2.2.0) with LibrarySymbolTableTransform
Transforming interpolator-1.0.0.aar (androidx.interpolator:interpolator:1.0.0) with ExtractAarTransform
Transforming interpolator-1.0.0.aar (androidx.interpolator:interpolator:1.0.0) with LibrarySymbolTableTransform
Transforming profileinstaller-1.3.1.aar (androidx.profileinstaller:profileinstaller:1.3.1) with ExtractAarTransform
Transforming profileinstaller-1.3.1.aar (androidx.profileinstaller:profileinstaller:1.3.1) with LibrarySymbolTableTransform
Transforming startup-runtime-1.1.1.aar (androidx.startup:startup-runtime:1.1.1) with ExtractAarTransform
Transforming startup-runtime-1.1.1.aar (androidx.startup:startup-runtime:1.1.1) with LibrarySymbolTableTransform
Transforming tracing-1.0.0.aar (androidx.tracing:tracing:1.0.0) with ExtractAarTransform
Transforming tracing-1.0.0.aar (androidx.tracing:tracing:1.0.0) with LibrarySymbolTableTransform
Transforming dagger-lint-aar-2.52.aar (com.google.dagger:dagger-lint-aar:2.52) with ExtractAarTransform
Transforming dagger-lint-aar-2.52.aar (com.google.dagger:dagger-lint-aar:2.52) with LibrarySymbolTableTransform
Caching disabled for LibrarySymbolTableTransform: /home/runner/.gradle/caches/8.9/transforms/2dbc64239e4ac921dde2a8d4de940749/transformed/navigation-common-ktx-2.8.3 because:
  Caching not enabled.
Caching disabled for LibrarySymbolTableTransform: /home/runner/.gradle/caches/8.9/transforms/b195ca1dc782125628d31fb0d6b49e45/transformed/navigation-runtime-ktx-2.8.3 because:
  Caching not enabled.
Caching disabled for LibrarySymbolTableTransform: /home/runner/.gradle/caches/8.9/transforms/ceea842d00899f361805d255c52abba2/transformed/navigation-compose-2.8.3 because:
  Caching not enabled.
Caching disabled for LibrarySymbolTableTransform: /home/runner/.gradle/caches/8.9/transforms/9003ebf40ec55734251a0dd9f6377fea/transformed/hilt-android-2.52 because:
  Caching not enabled.
Caching disabled for LibrarySymbolTableTransform: /home/runner/.gradle/caches/8.9/transforms/78122b888a0a07babc3ab9bf6045b0c1/transformed/fragment-1.5.1 because:
  Caching not enabled.
Caching disabled for LibrarySymbolTableTransform: /home/runner/.gradle/caches/8.9/transforms/7b17aaf8774922eca7cac21bd968c99a/transformed/activity-1.9.3 because:
  Caching not enabled.
Caching disabled for LibrarySymbolTableTransform: /home/runner/.gradle/caches/8.9/transforms/1ba716ea9832f4cdd27a3af6b046f466/transformed/activity-ktx-1.9.3 because:
  Caching not enabled.
Caching disabled for LibrarySymbolTableTransform: /home/runner/.gradle/caches/8.9/transforms/20bb4ecb2d1f41d90f8c372638e8eda8/transformed/material-release because:
  Caching not enabled.
Caching disabled for LibrarySymbolTableTransform: /home/runner/.gradle/caches/8.9/transforms/6beccf4f767597a191fb31811f827858/transformed/material3-release because:
  Caching not enabled.
Caching disabled for LibrarySymbolTableTransform: /home/runner/.gradle/caches/8.9/transforms/0e158db0061a783b86bf474f52255b87/transformed/material-ripple-release because:
  Caching not enabled.
Caching disabled for LibrarySymbolTableTransform: /home/runner/.gradle/caches/8.9/transforms/8f70f32cd13cf03b0ec4aa41fd018749/transformed/animation-release because:
  Caching not enabled.
Caching disabled for LibrarySymbolTableTransform: /home/runner/.gradle/caches/8.9/transforms/ecd05d80285a118575803319a89dc0c4/transformed/foundation-layout-release because:
  Caching not enabled.
Caching disabled for LibrarySymbolTableTransform: /home/runner/.gradle/caches/8.9/transforms/4d064680c13678dbc92ea204272de3ee/transformed/animation-core-release because:
  Caching not enabled.
Caching disabled for LibrarySymbolTableTransform: /home/runner/.gradle/caches/8.9/transforms/50b1902f5ec20fc13023b76fb9a599e6/transformed/foundation-release because:
  Caching not enabled.
Caching disabled for LibrarySymbolTableTransform: /home/runner/.gradle/caches/8.9/transforms/eedd67be0846ef762844f8ff3075834a/transformed/ui-tooling-data-release because:
  Caching not enabled.
Caching disabled for LibrarySymbolTableTransform: /home/runner/.gradle/caches/8.9/transforms/3fd716325c88c28b9a5f8e9eb9c70beb/transformed/ui-unit-release because:
  Caching not enabled.
Caching disabled for LibrarySymbolTableTransform: /home/runner/.gradle/caches/8.9/transforms/9034bd43e79c9a519026d1cdfa19a03d/transformed/ui-geometry-release because:
  Caching not enabled.
Caching disabled for LibrarySymbolTableTransform: /home/runner/.gradle/caches/8.9/transforms/ed652a239617376d903bece965b72e0c/transformed/ui-text-release because:
  Caching not enabled.
Caching disabled for LibrarySymbolTableTransform: /home/runner/.gradle/caches/8.9/transforms/4ba26746e6a3026741c16394a3db0817/transformed/ui-util-release because:
  Caching not enabled.
Caching disabled for LibrarySymbolTableTransform: /home/runner/.gradle/caches/8.9/transforms/1a6c894bd7d73e041f848716192bee60/transformed/ui-tooling-preview-release because:
  Caching not enabled.
Caching disabled for LibrarySymbolTableTransform: /home/runner/.gradle/caches/8.9/transforms/eb8ee0b21d6aa966a80bc93f20959e1d/transformed/ui-graphics-release because:
  Caching not enabled.
Caching disabled for LibrarySymbolTableTransform: /home/runner/.gradle/caches/8.9/transforms/377064f6a8a637067f11c20dccf96de9/transformed/ui-tooling-release because:
  Caching not enabled.
Caching disabled for LibrarySymbolTableTransform: /home/runner/.gradle/caches/8.9/transforms/0b22198a7488454fa14b7735f0f509eb/transformed/activity-compose-1.9.3 because:
  Caching not enabled.
Caching disabled for LibrarySymbolTableTransform: /home/runner/.gradle/caches/8.9/transforms/90932bdf55a6bc176d49667881ec7843/transformed/savedstate-ktx-1.2.1 because:
  Caching not enabled.
Caching disabled for LibrarySymbolTableTransform: /home/runner/.gradle/caches/8.9/transforms/aa31e808e1b8b69495c21ddfdfea88cc/transformed/savedstate-1.2.1 because:
  Caching not enabled.
Caching disabled for LibrarySymbolTableTransform: /home/runner/.gradle/caches/8.9/transforms/a06a20b09cfe9d50558996bed72b9bac/transformed/loader-1.0.0 because:
  Caching not enabled.
Caching disabled for LibrarySymbolTableTransform: /home/runner/.gradle/caches/8.9/transforms/962d0c0f47f07b6b05e11de92b7c147f/transformed/lifecycle-process-2.8.6 because:
  Caching not enabled.
Caching disabled for LibrarySymbolTableTransform: /home/runner/.gradle/caches/8.9/transforms/e7dacae607132f83ac84f78c820c58db/transformed/emoji2-1.3.0 because:
  Caching not enabled.
Caching disabled for LibrarySymbolTableTransform: /home/runner/.gradle/caches/8.9/transforms/0522020dde5581db3657b7a4e1d103b5/transformed/lifecycle-livedata-core-ktx-2.8.6 because:
  Caching not enabled.
Caching disabled for LibrarySymbolTableTransform: /home/runner/.gradle/caches/8.9/transforms/90b89a176e7ec2395e669ca023f26edf/transformed/lifecycle-viewmodel-2.8.6 because:
  Caching not enabled.
Caching disabled for LibrarySymbolTableTransform: /home/runner/.gradle/caches/8.9/transforms/17fc0bc7bc5aa3696d5d672a2565c57a/transformed/lifecycle-viewmodel-release because:
  Caching not enabled.
Caching disabled for LibrarySymbolTableTransform: /home/runner/.gradle/caches/8.9/transforms/a01d1204b2223af9f8c26a2648120f4d/transformed/lifecycle-runtime-release because:
  Caching not enabled.
Caching disabled for LibrarySymbolTableTransform: /home/runner/.gradle/caches/8.9/transforms/0b564fb7dcdb48d095b445cc31899d2f/transformed/lifecycle-livedata-2.8.6 because:
  Caching not enabled.
Caching disabled for LibrarySymbolTableTransform: /home/runner/.gradle/caches/8.9/transforms/0a3cd9da5b5b76b08145565a0b64e378/transformed/lifecycle-livedata-core-2.8.6 because:
  Caching not enabled.
Caching disabled for LibrarySymbolTableTransform: /home/runner/.gradle/caches/8.9/transforms/8b3d9602325ce4c2847a5ecc8178e8c0/transformed/lifecycle-viewmodel-ktx-2.8.6 because:
  Caching not enabled.
Caching disabled for LibrarySymbolTableTransform: /home/runner/.gradle/caches/8.9/transforms/32e6e848fb1ddd1db586378d1f473645/transformed/lifecycle-runtime-compose-release because:
  Caching not enabled.
Caching disabled for LibrarySymbolTableTransform: /home/runner/.gradle/caches/8.9/transforms/bd48baa61b5e8859e94b8182a0905745/transformed/lifecycle-viewmodel-savedstate-2.8.6 because:
  Caching not enabled.
Caching disabled for LibrarySymbolTableTransform: /home/runner/.gradle/caches/8.9/transforms/36c7df64eee3e12d89ac1ab86f5a80db/transformed/lifecycle-runtime-ktx-release because:
  Caching not enabled.
Caching disabled for LibrarySymbolTableTransform: /home/runner/.gradle/caches/8.9/transforms/c92df85f6d2f30283dc663aea998868a/transformed/lifecycle-viewmodel-compose-release because:
  Caching not enabled.
Caching disabled for LibrarySymbolTableTransform: /home/runner/.gradle/caches/8.9/transforms/bc12b5e8392d2688d2deea964b07e9a6/transformed/material-icons-extended-release because:
  Caching not enabled.
Caching disabled for LibrarySymbolTableTransform: /home/runner/.gradle/caches/8.9/transforms/fb395d79e2d72c7e008ece765567391a/transformed/ui-release because:
  Caching not enabled.
Caching disabled for LibrarySymbolTableTransform: /home/runner/.gradle/caches/8.9/transforms/f2dd91c7336c7cd395adedc68ed77786/transformed/material-icons-core-release because:
  Caching not enabled.
Caching disabled for LibrarySymbolTableTransform: /home/runner/.gradle/caches/8.9/transforms/e7da36e077eb0da19a460aac69da9908/transformed/viewpager-1.0.0 because:
  Caching not enabled.
Caching disabled for LibrarySymbolTableTransform: /home/runner/.gradle/caches/8.9/transforms/1b582b7df9024784fcac930316c18bce/transformed/autofill-1.0.0 because:
  Caching not enabled.
Caching disabled for LibrarySymbolTableTransform: /home/runner/.gradle/caches/8.9/transforms/4c14aaf8029480c22ef47249c536049a/transformed/customview-1.0.0 because:
  Caching not enabled.
Caching disabled for LibrarySymbolTableTransform: /home/runner/.gradle/caches/8.9/transforms/338142dbc7d5dd547654c03215036f9e/transformed/graphics-path-1.0.1 because:
  Caching not enabled.
Caching disabled for LibrarySymbolTableTransform: /home/runner/.gradle/caches/8.9/transforms/6bb7b87146d1e8f53e3dcff3d9228836/transformed/core-1.13.1 because:
  Caching not enabled.
Caching disabled for LibrarySymbolTableTransform: /home/runner/.gradle/caches/8.9/transforms/51e90ff84cd5fef82aca80c6b8df3077/transformed/core-ktx-1.13.1 because:
  Caching not enabled.
Caching disabled for LibrarySymbolTableTransform: /home/runner/.gradle/caches/8.9/transforms/4771675c2ad91221a74ebcde08c3d2e7/transformed/room-runtime-2.6.1 because:
  Caching not enabled.
Caching disabled for LibrarySymbolTableTransform: /home/runner/.gradle/caches/8.9/transforms/6f7a4f248d0d4b58cb58dea0baf15ed9/transformed/customview-poolingcontainer-1.0.0 because:
  Caching not enabled.
Caching disabled for LibrarySymbolTableTransform: /home/runner/.gradle/caches/8.9/transforms/1f2a64687fc539c15dce7cfbca954f60/transformed/room-ktx-2.6.1 because:
  Caching not enabled.
Caching disabled for LibrarySymbolTableTransform: /home/runner/.gradle/caches/8.9/transforms/00245606247db813ebab22482ea4f8d7/transformed/runtime-saveable-release because:
  Caching not enabled.
Caching disabled for LibrarySymbolTableTransform: /home/runner/.gradle/caches/8.9/transforms/df4013943e66f1429b5a2e86bf045b3a/transformed/runtime-release because:
  Caching not enabled.
Caching disabled for LibrarySymbolTableTransform: /home/runner/.gradle/caches/8.9/transforms/3f2696bb538fb0b131221edd46a4f7b5/transformed/sqlite-framework-2.4.0 because:
  Caching not enabled.
Caching disabled for LibrarySymbolTableTransform: /home/runner/.gradle/caches/8.9/transforms/e0fce34334d8005a80bf909fb8965fe0/transformed/sqlite-2.4.0 because:
  Caching not enabled.
Caching disabled for LibrarySymbolTableTransform: /home/runner/.gradle/caches/8.9/transforms/9cc5beac71432b0c6f2e25728a1cf157/transformed/annotation-experimental-1.4.1 because:
  Caching not enabled.
Caching disabled for LibrarySymbolTableTransform: /home/runner/.gradle/caches/8.9/transforms/26521b8577051a04bc5676e0dc51bde1/transformed/versionedparcelable-1.1.1 because:
  Caching not enabled.
Caching disabled for LibrarySymbolTableTransform: /home/runner/.gradle/caches/8.9/transforms/74c50b0611733beee6223550345399db/transformed/core-runtime-2.2.0 because:
  Caching not enabled.
Caching disabled for LibrarySymbolTableTransform: /home/runner/.gradle/caches/8.9/transforms/a4f557f063ee99600f1e6f12798dbe7c/transformed/interpolator-1.0.0 because:
  Caching not enabled.
Caching disabled for LibrarySymbolTableTransform: /home/runner/.gradle/caches/8.9/transforms/53dfbc140237e96b44247be42456c9e3/transformed/profileinstaller-1.3.1 because:
  Caching not enabled.
Caching disabled for LibrarySymbolTableTransform: /home/runner/.gradle/caches/8.9/transforms/cd9ad7fcd4eb9a21b34852de4022b6d0/transformed/tracing-1.0.0 because:
  Caching not enabled.
Caching disabled for LibrarySymbolTableTransform: /home/runner/.gradle/caches/8.9/transforms/b405d1de32934466a5d6fb0ed11cecfd/transformed/dagger-lint-aar-2.52 because:
  Caching not enabled.
Caching disabled for LibrarySymbolTableTransform: /home/runner/.gradle/caches/8.9/transforms/497791f0725a98193454277ae9dee35b/transformed/startup-runtime-1.1.1 because:
  Caching not enabled.
Build cache key for task ':app:processDebugResources' is 8d06c8282ac5aa14ec2c8b611d885d0c
Task ':app:processDebugResources' is not up-to-date because:
  No history is available.
The input changes require a full rebuild for incremental task ':app:processDebugResources'.
Aapt output file /home/runner/work/SiteManager/SiteManager/app/build/intermediates/linked_resources_binary_format/debug/processDebugResources/linked-resources-binary-format-debug.ap_

> Task :app:mergeExtDexDebug
Transforming hilt-navigation-compose-1.2.0.aar (androidx.hilt:hilt-navigation-compose:1.2.0) with AarToClassTransform
Transforming hilt-navigation-compose-1.2.0.aar (androidx.hilt:hilt-navigation-compose:1.2.0) with IdentityTransform
Transforming hilt-navigation-1.2.0.aar (androidx.hilt:hilt-navigation:1.2.0) with AarToClassTransform
Transforming hilt-navigation-1.2.0.aar (androidx.hilt:hilt-navigation:1.2.0) with IdentityTransform
Transforming navigation-common-2.8.3.aar (androidx.navigation:navigation-common:2.8.3) with AarToClassTransform
Transforming navigation-common-2.8.3.aar (androidx.navigation:navigation-common:2.8.3) with IdentityTransform
Transforming navigation-runtime-2.8.3.aar (androidx.navigation:navigation-runtime:2.8.3) with AarToClassTransform
Transforming navigation-runtime-2.8.3.aar (androidx.navigation:navigation-runtime:2.8.3) with IdentityTransform
Transforming navigation-common-ktx-2.8.3.aar (androidx.navigation:navigation-common-ktx:2.8.3) with AarToClassTransform
Transforming navigation-common-ktx-2.8.3.aar (androidx.navigation:navigation-common-ktx:2.8.3) with IdentityTransform
Transforming navigation-runtime-ktx-2.8.3.aar (androidx.navigation:navigation-runtime-ktx:2.8.3) with AarToClassTransform
Transforming navigation-runtime-ktx-2.8.3.aar (androidx.navigation:navigation-runtime-ktx:2.8.3) with IdentityTransform
Transforming navigation-compose-2.8.3.aar (androidx.navigation:navigation-compose:2.8.3) with AarToClassTransform
Transforming navigation-compose-2.8.3.aar (androidx.navigation:navigation-compose:2.8.3) with IdentityTransform
Transforming hilt-android-2.52.aar (com.google.dagger:hilt-android:2.52) with AarToClassTransform
Transforming hilt-android-2.52.aar (com.google.dagger:hilt-android:2.52) with IdentityTransform
Transforming fragment-1.5.1.aar (androidx.fragment:fragment:1.5.1) with AarToClassTransform
Transforming fragment-1.5.1.aar (androidx.fragment:fragment:1.5.1) with IdentityTransform
Transforming activity-1.9.3.aar (androidx.activity:activity:1.9.3) with AarToClassTransform
Transforming activity-1.9.3.aar (androidx.activity:activity:1.9.3) with IdentityTransform
Transforming activity-ktx-1.9.3.aar (androidx.activity:activity-ktx:1.9.3) with AarToClassTransform
Transforming activity-ktx-1.9.3.aar (androidx.activity:activity-ktx:1.9.3) with IdentityTransform
Transforming material3-release.aar (androidx.compose.material3:material3-android:1.3.1) with AarToClassTransform
Transforming material3-release.aar (androidx.compose.material3:material3-android:1.3.1) with IdentityTransform
Transforming material-release.aar (androidx.compose.material:material-android:1.7.5) with AarToClassTransform
Transforming material-release.aar (androidx.compose.material:material-android:1.7.5) with IdentityTransform
Transforming animation-core-release.aar (androidx.compose.animation:animation-core-android:1.7.5) with AarToClassTransform
Transforming animation-core-release.aar (androidx.compose.animation:animation-core-android:1.7.5) with IdentityTransform
Transforming material-ripple-release.aar (androidx.compose.material:material-ripple-android:1.7.5) with AarToClassTransform
Transforming material-ripple-release.aar (androidx.compose.material:material-ripple-android:1.7.5) with IdentityTransform
Transforming animation-release.aar (androidx.compose.animation:animation-android:1.7.5) with AarToClassTransform
Transforming animation-release.aar (androidx.compose.animation:animation-android:1.7.5) with IdentityTransform
Transforming foundation-layout-release.aar (androidx.compose.foundation:foundation-layout-android:1.7.5) with AarToClassTransform
Transforming foundation-layout-release.aar (androidx.compose.foundation:foundation-layout-android:1.7.5) with IdentityTransform
Caching disabled for IdentityTransform: /home/runner/.gradle/caches/8.9/transforms/eaa8b5be14eddcbca0754fa7508a84fd/transformed/hilt-navigation-compose-1.2.0-runtime.jar because:
  Caching not enabled.
Caching disabled for IdentityTransform: /home/runner/.gradle/caches/8.9/transforms/98dd79f08e845431a97eef6ad15f95e4/transformed/hilt-navigation-1.2.0-runtime.jar because:
  Caching not enabled.
Transforming foundation-release.aar (androidx.compose.foundation:foundation-android:1.7.5) with AarToClassTransform
Transforming foundation-release.aar (androidx.compose.foundation:foundation-android:1.7.5) with IdentityTransform
Transforming ui-tooling-data-release.aar (androidx.compose.ui:ui-tooling-data-android:1.7.5) with AarToClassTransform
Transforming ui-tooling-data-release.aar (androidx.compose.ui:ui-tooling-data-android:1.7.5) with IdentityTransform
Transforming ui-unit-release.aar (androidx.compose.ui:ui-unit-android:1.7.5) with AarToClassTransform
Transforming ui-unit-release.aar (androidx.compose.ui:ui-unit-android:1.7.5) with IdentityTransform
Transforming ui-geometry-release.aar (androidx.compose.ui:ui-geometry-android:1.7.5) with AarToClassTransform
Transforming ui-geometry-release.aar (androidx.compose.ui:ui-geometry-android:1.7.5) with IdentityTransform
Transforming ui-util-release.aar (androidx.compose.ui:ui-util-android:1.7.5) with AarToClassTransform
Transforming ui-util-release.aar (androidx.compose.ui:ui-util-android:1.7.5) with IdentityTransform
Transforming ui-text-release.aar (androidx.compose.ui:ui-text-android:1.7.5) with AarToClassTransform
Transforming ui-text-release.aar (androidx.compose.ui:ui-text-android:1.7.5) with IdentityTransform
Transforming ui-tooling-preview-release.aar (androidx.compose.ui:ui-tooling-preview-android:1.7.5) with AarToClassTransform
Transforming ui-tooling-preview-release.aar (androidx.compose.ui:ui-tooling-preview-android:1.7.5) with IdentityTransform
Transforming ui-graphics-release.aar (androidx.compose.ui:ui-graphics-android:1.7.5) with AarToClassTransform
Transforming ui-graphics-release.aar (androidx.compose.ui:ui-graphics-android:1.7.5) with IdentityTransform
Transforming ui-tooling-release.aar (androidx.compose.ui:ui-tooling-android:1.7.5) with AarToClassTransform
Transforming ui-tooling-release.aar (androidx.compose.ui:ui-tooling-android:1.7.5) with IdentityTransform
Transforming activity-compose-1.9.3.aar (androidx.activity:activity-compose:1.9.3) with AarToClassTransform
Transforming activity-compose-1.9.3.aar (androidx.activity:activity-compose:1.9.3) with IdentityTransform
Transforming savedstate-ktx-1.2.1.aar (androidx.savedstate:savedstate-ktx:1.2.1) with AarToClassTransform
Transforming savedstate-ktx-1.2.1.aar (androidx.savedstate:savedstate-ktx:1.2.1) with IdentityTransform
Transforming savedstate-1.2.1.aar (androidx.savedstate:savedstate:1.2.1) with AarToClassTransform
Transforming savedstate-1.2.1.aar (androidx.savedstate:savedstate:1.2.1) with IdentityTransform
Transforming loader-1.0.0.aar (androidx.loader:loader:1.0.0) with AarToClassTransform
Transforming loader-1.0.0.aar (androidx.loader:loader:1.0.0) with IdentityTransform
Transforming emoji2-1.3.0.aar (androidx.emoji2:emoji2:1.3.0) with AarToClassTransform
Transforming emoji2-1.3.0.aar (androidx.emoji2:emoji2:1.3.0) with IdentityTransform
Transforming lifecycle-process-2.8.6.aar (androidx.lifecycle:lifecycle-process:2.8.6) with AarToClassTransform
Transforming lifecycle-process-2.8.6.aar (androidx.lifecycle:lifecycle-process:2.8.6) with IdentityTransform
Transforming lifecycle-livedata-core-ktx-2.8.6.aar (androidx.lifecycle:lifecycle-livedata-core-ktx:2.8.6) with AarToClassTransform
Transforming lifecycle-livedata-core-ktx-2.8.6.aar (androidx.lifecycle:lifecycle-livedata-core-ktx:2.8.6) with IdentityTransform
Transforming lifecycle-livedata-2.8.6.aar (androidx.lifecycle:lifecycle-livedata:2.8.6) with AarToClassTransform
Transforming lifecycle-livedata-2.8.6.aar (androidx.lifecycle:lifecycle-livedata:2.8.6) with IdentityTransform
Transforming lifecycle-viewmodel-2.8.6.aar (androidx.lifecycle:lifecycle-viewmodel:2.8.6) with AarToClassTransform
Transforming lifecycle-viewmodel-2.8.6.aar (androidx.lifecycle:lifecycle-viewmodel:2.8.6) with IdentityTransform
Transforming lifecycle-viewmodel-release.aar (androidx.lifecycle:lifecycle-viewmodel-android:2.8.6) with AarToClassTransform
Transforming lifecycle-viewmodel-release.aar (androidx.lifecycle:lifecycle-viewmodel-android:2.8.6) with IdentityTransform
Transforming lifecycle-common-jvm-2.8.6.jar (androidx.lifecycle:lifecycle-common-jvm:2.8.6) with IdentityTransform
Transforming hilt-navigation-compose-1.2.0.aar (androidx.hilt:hilt-navigation-compose:1.2.0) with DexingNoClasspathTransform
Build cache key for DexingNoClasspathTransform: /home/runner/.gradle/caches/8.9/transforms/eaa8b5be14eddcbca0754fa7508a84fd/transformed/hilt-navigation-compose-1.2.0-runtime.jar is f7a0da86d165189dcacb049da9d80178
Transforming hilt-navigation-1.2.0.aar (androidx.hilt:hilt-navigation:1.2.0) with DexingNoClasspathTransform
Build cache key for DexingNoClasspathTransform: /home/runner/.gradle/caches/8.9/transforms/98dd79f08e845431a97eef6ad15f95e4/transformed/hilt-navigation-1.2.0-runtime.jar is e72f5c01a3e6669eed42084561df5f0c
Transforming lifecycle-common-jvm-2.8.6.jar (androidx.lifecycle:lifecycle-common-jvm:2.8.6) with IdentityTransform
Transforming lifecycle-common-jvm-2.8.6.jar (androidx.lifecycle:lifecycle-common-jvm:2.8.6) with DexingNoClasspathTransform
Transforming lifecycle-runtime-release.aar (androidx.lifecycle:lifecycle-runtime-android:2.8.6) with AarToClassTransform
Transforming lifecycle-runtime-release.aar (androidx.lifecycle:lifecycle-runtime-android:2.8.6) with IdentityTransform
Transforming lifecycle-common-java8-2.8.6.jar (androidx.lifecycle:lifecycle-common-java8:2.8.6) with IdentityTransform
Transforming lifecycle-common-java8-2.8.6.jar (androidx.lifecycle:lifecycle-common-java8:2.8.6) with IdentityTransform
Transforming lifecycle-common-java8-2.8.6.jar (androidx.lifecycle:lifecycle-common-java8:2.8.6) with DexingNoClasspathTransform
Transforming lifecycle-livedata-core-2.8.6.aar (androidx.lifecycle:lifecycle-livedata-core:2.8.6) with AarToClassTransform
Transforming lifecycle-livedata-core-2.8.6.aar (androidx.lifecycle:lifecycle-livedata-core:2.8.6) with IdentityTransform
Transforming lifecycle-viewmodel-ktx-2.8.6.aar (androidx.lifecycle:lifecycle-viewmodel-ktx:2.8.6) with AarToClassTransform
Transforming lifecycle-viewmodel-ktx-2.8.6.aar (androidx.lifecycle:lifecycle-viewmodel-ktx:2.8.6) with IdentityTransform
Transforming lifecycle-viewmodel-savedstate-2.8.6.aar (androidx.lifecycle:lifecycle-viewmodel-savedstate:2.8.6) with AarToClassTransform
Transforming lifecycle-viewmodel-savedstate-2.8.6.aar (androidx.lifecycle:lifecycle-viewmodel-savedstate:2.8.6) with IdentityTransform
Transforming lifecycle-runtime-compose-release.aar (androidx.lifecycle:lifecycle-runtime-compose-android:2.8.6) with AarToClassTransform
Transforming lifecycle-runtime-compose-release.aar (androidx.lifecycle:lifecycle-runtime-compose-android:2.8.6) with IdentityTransform
Transforming lifecycle-runtime-ktx-release.aar (androidx.lifecycle:lifecycle-runtime-ktx-android:2.8.6) with AarToClassTransform
Running dexing transform non-incrementally for '/home/runner/.gradle/caches/8.9/transforms/eaa8b5be14eddcbca0754fa7508a84fd/transformed/hilt-navigation-compose-1.2.0-runtime.jar'
Running dexing transform non-incrementally for '/home/runner/.gradle/caches/8.9/transforms/98dd79f08e845431a97eef6ad15f95e4/transformed/hilt-navigation-1.2.0-runtime.jar'
Transforming lifecycle-runtime-ktx-release.aar (androidx.lifecycle:lifecycle-runtime-ktx-android:2.8.6) with IdentityTransform
Transforming lifecycle-viewmodel-compose-release.aar (androidx.lifecycle:lifecycle-viewmodel-compose-android:2.8.6) with AarToClassTransform
Transforming lifecycle-viewmodel-compose-release.aar (androidx.lifecycle:lifecycle-viewmodel-compose-android:2.8.6) with IdentityTransform
Transforming material-icons-extended-release.aar (androidx.compose.material:material-icons-extended-android:1.7.5) with AarToClassTransform
Transforming material-icons-extended-release.aar (androidx.compose.material:material-icons-extended-android:1.7.5) with IdentityTransform
Transforming material-icons-core-release.aar (androidx.compose.material:material-icons-core-android:1.7.5) with AarToClassTransform
Transforming material-icons-core-release.aar (androidx.compose.material:material-icons-core-android:1.7.5) with IdentityTransform
Transforming ui-release.aar (androidx.compose.ui:ui-android:1.7.5) with AarToClassTransform
Transforming ui-release.aar (androidx.compose.ui:ui-android:1.7.5) with IdentityTransform
Transforming viewpager-1.0.0.aar (androidx.viewpager:viewpager:1.0.0) with AarToClassTransform
Transforming viewpager-1.0.0.aar (androidx.viewpager:viewpager:1.0.0) with IdentityTransform
Transforming autofill-1.0.0.aar (androidx.autofill:autofill:1.0.0) with AarToClassTransform
Transforming autofill-1.0.0.aar (androidx.autofill:autofill:1.0.0) with IdentityTransform
Transforming graphics-path-1.0.1.aar (androidx.graphics:graphics-path:1.0.1) with AarToClassTransform
Transforming graphics-path-1.0.1.aar (androidx.graphics:graphics-path:1.0.1) with IdentityTransform
Transforming customview-1.0.0.aar (androidx.customview:customview:1.0.0) with AarToClassTransform
Transforming customview-1.0.0.aar (androidx.customview:customview:1.0.0) with IdentityTransform
Transforming core-1.13.1.aar (androidx.core:core:1.13.1) with AarToClassTransform
Transforming core-1.13.1.aar (androidx.core:core:1.13.1) with IdentityTransform
Transforming core-1.13.1.aar (androidx.core:core:1.13.1) with AarToClassTransform
Transforming core-1.13.1.aar (androidx.core:core:1.13.1) with IdentityTransform
Transforming core-1.13.1.aar (androidx.core:core:1.13.1) with AarToClassTransform
Transforming core-1.13.1.aar (androidx.core:core:1.13.1) with IdentityTransform
Transforming core-1.13.1.aar (androidx.core:core:1.13.1) with AarToClassTransform
Transforming core-1.13.1.aar (androidx.core:core:1.13.1) with IdentityTransform
Transforming core-1.13.1.aar (androidx.core:core:1.13.1) with AarToClassTransform
Transforming core-1.13.1.aar (androidx.core:core:1.13.1) with IdentityTransform
Transforming customview-poolingcontainer-1.0.0.aar (androidx.customview:customview-poolingcontainer:1.0.0) with AarToClassTransform
Transforming customview-poolingcontainer-1.0.0.aar (androidx.customview:customview-poolingcontainer:1.0.0) with IdentityTransform
Transforming core-ktx-1.13.1.aar (androidx.core:core-ktx:1.13.1) with AarToClassTransform
Transforming core-ktx-1.13.1.aar (androidx.core:core-ktx:1.13.1) with IdentityTransform
Transforming room-common-2.6.1.jar (androidx.room:room-common:2.6.1) with IdentityTransform
Transforming room-common-2.6.1.jar (androidx.room:room-common:2.6.1) with IdentityTransform
Transforming room-common-2.6.1.jar (androidx.room:room-common:2.6.1) with DexingNoClasspathTransform
Transforming room-runtime-2.6.1.aar (androidx.room:room-runtime:2.6.1) with AarToClassTransform
Transforming room-runtime-2.6.1.aar (androidx.room:room-runtime:2.6.1) with IdentityTransform
Transforming room-ktx-2.6.1.aar (androidx.room:room-ktx:2.6.1) with AarToClassTransform
Transforming room-ktx-2.6.1.aar (androidx.room:room-ktx:2.6.1) with IdentityTransform
Transforming runtime-saveable-release.aar (androidx.compose.runtime:runtime-saveable-android:1.7.5) with AarToClassTransform
Transforming runtime-saveable-release.aar (androidx.compose.runtime:runtime-saveable-android:1.7.5) with IdentityTransform
Transforming runtime-release.aar (androidx.compose.runtime:runtime-android:1.7.5) with AarToClassTransform
Transforming runtime-release.aar (androidx.compose.runtime:runtime-android:1.7.5) with IdentityTransform
Transforming kotlinx-coroutines-core-jvm-1.8.1.jar (org.jetbrains.kotlinx:kotlinx-coroutines-core-jvm:1.8.1) with IdentityTransform
Transforming kotlinx-coroutines-core-jvm-1.8.1.jar (org.jetbrains.kotlinx:kotlinx-coroutines-core-jvm:1.8.1) with IdentityTransform
Transforming kotlinx-coroutines-core-jvm-1.8.1.jar (org.jetbrains.kotlinx:kotlinx-coroutines-core-jvm:1.8.1) with DexingNoClasspathTransform
Transforming kotlinx-coroutines-android-1.8.1.jar (org.jetbrains.kotlinx:kotlinx-coroutines-android:1.8.1) with IdentityTransform
Transforming kotlinx-coroutines-android-1.8.1.jar (org.jetbrains.kotlinx:kotlinx-coroutines-android:1.8.1) with IdentityTransform
Transforming kotlinx-coroutines-android-1.8.1.jar (org.jetbrains.kotlinx:kotlinx-coroutines-android:1.8.1) with DexingNoClasspathTransform
Transforming sqlite-framework-2.4.0.aar (androidx.sqlite:sqlite-framework:2.4.0) with AarToClassTransform
Transforming sqlite-framework-2.4.0.aar (androidx.sqlite:sqlite-framework:2.4.0) with IdentityTransform
Transforming sqlite-2.4.0.aar (androidx.sqlite:sqlite:2.4.0) with AarToClassTransform
Transforming sqlite-2.4.0.aar (androidx.sqlite:sqlite:2.4.0) with IdentityTransform
Transforming kotlinx-serialization-core-jvm-1.6.3.jar (org.jetbrains.kotlinx:kotlinx-serialization-core-jvm:1.6.3) with IdentityTransform
Transforming kotlinx-serialization-core-jvm-1.6.3.jar (org.jetbrains.kotlinx:kotlinx-serialization-core-jvm:1.6.3) with IdentityTransform
Transforming kotlinx-serialization-core-jvm-1.6.3.jar (org.jetbrains.kotlinx:kotlinx-serialization-core-jvm:1.6.3) with DexingNoClasspathTransform
Transforming okhttp-4.12.0.jar (com.squareup.okhttp3:okhttp:4.12.0) with IdentityTransform
Transforming okhttp-4.12.0.jar (com.squareup.okhttp3:okhttp:4.12.0) with IdentityTransform
Transforming okhttp-4.12.0.jar (com.squareup.okhttp3:okhttp:4.12.0) with DexingNoClasspathTransform
Transforming okio-jvm-3.6.0.jar (com.squareup.okio:okio-jvm:3.6.0) with IdentityTransform
Transforming okio-jvm-3.6.0.jar (com.squareup.okio:okio-jvm:3.6.0) with IdentityTransform
Transforming okio-jvm-3.6.0.jar (com.squareup.okio:okio-jvm:3.6.0) with DexingNoClasspathTransform
Transforming annotation-experimental-1.4.1.aar (androidx.annotation:annotation-experimental:1.4.1) with AarToClassTransform
Transforming annotation-experimental-1.4.1.aar (androidx.annotation:annotation-experimental:1.4.1) with IdentityTransform
Transforming kotlin-stdlib-jdk8-1.9.10.jar (org.jetbrains.kotlin:kotlin-stdlib-jdk8:1.9.10) with IdentityTransform
Transforming kotlin-stdlib-jdk8-1.9.10.jar (org.jetbrains.kotlin:kotlin-stdlib-jdk8:1.9.10) with IdentityTransform
Transforming kotlin-stdlib-jdk8-1.9.10.jar (org.jetbrains.kotlin:kotlin-stdlib-jdk8:1.9.10) with DexingNoClasspathTransform
Transforming versionedparcelable-1.1.1.aar (androidx.versionedparcelable:versionedparcelable:1.1.1) with AarToClassTransform
Transforming versionedparcelable-1.1.1.aar (androidx.versionedparcelable:versionedparcelable:1.1.1) with IdentityTransform
Transforming collection-ktx-1.4.4.jar (androidx.collection:collection-ktx:1.4.4) with IdentityTransform
Transforming collection-ktx-1.4.4.jar (androidx.collection:collection-ktx:1.4.4) with IdentityTransform
Transforming collection-ktx-1.4.4.jar (androidx.collection:collection-ktx:1.4.4) with DexingNoClasspathTransform
Transforming collection-jvm-1.4.4.jar (androidx.collection:collection-jvm:1.4.4) with IdentityTransform
Transforming collection-jvm-1.4.4.jar (androidx.collection:collection-jvm:1.4.4) with IdentityTransform
Transforming collection-jvm-1.4.4.jar (androidx.collection:collection-jvm:1.4.4) with DexingNoClasspathTransform
Transforming kotlin-stdlib-jdk7-1.9.10.jar (org.jetbrains.kotlin:kotlin-stdlib-jdk7:1.9.10) with IdentityTransform
Transforming kotlin-stdlib-jdk7-1.9.10.jar (org.jetbrains.kotlin:kotlin-stdlib-jdk7:1.9.10) with IdentityTransform
Transforming kotlin-stdlib-jdk7-1.9.10.jar (org.jetbrains.kotlin:kotlin-stdlib-jdk7:1.9.10) with DexingNoClasspathTransform
Transforming core-runtime-2.2.0.aar (androidx.arch.core:core-runtime:2.2.0) with AarToClassTransform
Transforming core-runtime-2.2.0.aar (androidx.arch.core:core-runtime:2.2.0) with IdentityTransform
Transforming interpolator-1.0.0.aar (androidx.interpolator:interpolator:1.0.0) with AarToClassTransform
Transforming interpolator-1.0.0.aar (androidx.interpolator:interpolator:1.0.0) with IdentityTransform
Transforming core-common-2.2.0.jar (androidx.arch.core:core-common:2.2.0) with IdentityTransform
Transforming core-common-2.2.0.jar (androidx.arch.core:core-common:2.2.0) with IdentityTransform
Transforming core-common-2.2.0.jar (androidx.arch.core:core-common:2.2.0) with DexingNoClasspathTransform
Transforming profileinstaller-1.3.1.aar (androidx.profileinstaller:profileinstaller:1.3.1) with AarToClassTransform
Transforming profileinstaller-1.3.1.aar (androidx.profileinstaller:profileinstaller:1.3.1) with IdentityTransform
Transforming startup-runtime-1.1.1.aar (androidx.startup:startup-runtime:1.1.1) with AarToClassTransform
Transforming startup-runtime-1.1.1.aar (androidx.startup:startup-runtime:1.1.1) with IdentityTransform
Transforming tracing-1.0.0.aar (androidx.tracing:tracing:1.0.0) with AarToClassTransform
Transforming tracing-1.0.0.aar (androidx.tracing:tracing:1.0.0) with IdentityTransform
Transforming concurrent-futures-1.1.0.jar (androidx.concurrent:concurrent-futures:1.1.0) with IdentityTransform
Transforming concurrent-futures-1.1.0.jar (androidx.concurrent:concurrent-futures:1.1.0) with IdentityTransform
Transforming concurrent-futures-1.1.0.jar (androidx.concurrent:concurrent-futures:1.1.0) with DexingNoClasspathTransform
Transforming annotation-jvm-1.8.1.jar (androidx.annotation:annotation-jvm:1.8.1) with IdentityTransform
Transforming annotation-jvm-1.8.1.jar (androidx.annotation:annotation-jvm:1.8.1) with IdentityTransform
Transforming annotation-jvm-1.8.1.jar (androidx.annotation:annotation-jvm:1.8.1) with DexingNoClasspathTransform
Transforming kotlin-stdlib-2.0.21.jar (org.jetbrains.kotlin:kotlin-stdlib:2.0.21) with IdentityTransform
Transforming kotlin-stdlib-2.0.21.jar (org.jetbrains.kotlin:kotlin-stdlib:2.0.21) with IdentityTransform
Transforming kotlin-stdlib-2.0.21.jar (org.jetbrains.kotlin:kotlin-stdlib:2.0.21) with DexingNoClasspathTransform
Transforming gson-2.11.0.jar (com.google.code.gson:gson:2.11.0) with IdentityTransform
Transforming gson-2.11.0.jar (com.google.code.gson:gson:2.11.0) with IdentityTransform
Transforming gson-2.11.0.jar (com.google.code.gson:gson:2.11.0) with DexingNoClasspathTransform
Transforming jsoup-1.18.1.jar (org.jsoup:jsoup:1.18.1) with IdentityTransform
Transforming jsoup-1.18.1.jar (org.jsoup:jsoup:1.18.1) with IdentityTransform
Transforming jsoup-1.18.1.jar (org.jsoup:jsoup:1.18.1) with DexingNoClasspathTransform
Transforming annotations-23.0.0.jar (org.jetbrains:annotations:23.0.0) with IdentityTransform
Transforming annotations-23.0.0.jar (org.jetbrains:annotations:23.0.0) with IdentityTransform
Transforming annotations-23.0.0.jar (org.jetbrains:annotations:23.0.0) with DexingNoClasspathTransform
Transforming hilt-core-2.52.jar (com.google.dagger:hilt-core:2.52) with IdentityTransform
Transforming hilt-core-2.52.jar (com.google.dagger:hilt-core:2.52) with IdentityTransform
Transforming hilt-core-2.52.jar (com.google.dagger:hilt-core:2.52) with DexingNoClasspathTransform
Transforming dagger-2.52.jar (com.google.dagger:dagger:2.52) with IdentityTransform
Transforming dagger-2.52.jar (com.google.dagger:dagger:2.52) with IdentityTransform
Transforming dagger-2.52.jar (com.google.dagger:dagger:2.52) with DexingNoClasspathTransform
Transforming dagger-lint-aar-2.52.aar (com.google.dagger:dagger-lint-aar:2.52) with AarToClassTransform
Transforming dagger-lint-aar-2.52.aar (com.google.dagger:dagger-lint-aar:2.52) with IdentityTransform
Transforming jsr305-3.0.2.jar (com.google.code.findbugs:jsr305:3.0.2) with IdentityTransform
Transforming jsr305-3.0.2.jar (com.google.code.findbugs:jsr305:3.0.2) with IdentityTransform
Transforming jsr305-3.0.2.jar (com.google.code.findbugs:jsr305:3.0.2) with DexingNoClasspathTransform
Transforming javax.inject-1.jar (javax.inject:javax.inject:1) with IdentityTransform
Transforming javax.inject-1.jar (javax.inject:javax.inject:1) with IdentityTransform
Transforming javax.inject-1.jar (javax.inject:javax.inject:1) with DexingNoClasspathTransform
Transforming error_prone_annotations-2.27.0.jar (com.google.errorprone:error_prone_annotations:2.27.0) with IdentityTransform
Transforming error_prone_annotations-2.27.0.jar (com.google.errorprone:error_prone_annotations:2.27.0) with IdentityTransform
Transforming error_prone_annotations-2.27.0.jar (com.google.errorprone:error_prone_annotations:2.27.0) with DexingNoClasspathTransform
Transforming jakarta.inject-api-2.0.1.jar (jakarta.inject:jakarta.inject-api:2.0.1) with IdentityTransform
Transforming jakarta.inject-api-2.0.1.jar (jakarta.inject:jakarta.inject-api:2.0.1) with IdentityTransform
Transforming jakarta.inject-api-2.0.1.jar (jakarta.inject:jakarta.inject-api:2.0.1) with DexingNoClasspathTransform
Transforming listenablefuture-1.0.jar (com.google.guava:listenablefuture:1.0) with IdentityTransform
Transforming listenablefuture-1.0.jar (com.google.guava:listenablefuture:1.0) with IdentityTransform
Transforming listenablefuture-1.0.jar (com.google.guava:listenablefuture:1.0) with DexingNoClasspathTransform
Caching disabled for IdentityTransform: /home/runner/.gradle/caches/8.9/transforms/6ed35c4ecbd1b656e7e62f91b8dc514e/transformed/navigation-runtime-2.8.3-runtime.jar because:
  Caching not enabled.
Transforming navigation-runtime-2.8.3.aar (androidx.navigation:navigation-runtime:2.8.3) with DexingNoClasspathTransform
Build cache key for DexingNoClasspathTransform: /home/runner/.gradle/caches/8.9/transforms/6ed35c4ecbd1b656e7e62f91b8dc514e/transformed/navigation-runtime-2.8.3-runtime.jar is 641864baf41341d715da794750608cb2
Running dexing transform non-incrementally for '/home/runner/.gradle/caches/8.9/transforms/6ed35c4ecbd1b656e7e62f91b8dc514e/transformed/navigation-runtime-2.8.3-runtime.jar'
Caching disabled for IdentityTransform: /home/runner/.gradle/caches/8.9/transforms/268ceda788f247b2f131af588c6b361d/transformed/navigation-common-2.8.3-runtime.jar because:
  Caching not enabled.
Transforming navigation-common-2.8.3.aar (androidx.navigation:navigation-common:2.8.3) with DexingNoClasspathTransform
Build cache key for DexingNoClasspathTransform: /home/runner/.gradle/caches/8.9/transforms/268ceda788f247b2f131af588c6b361d/transformed/navigation-common-2.8.3-runtime.jar is 79bba3a0f3685f876b845b05c55e3fa7
Running dexing transform non-incrementally for '/home/runner/.gradle/caches/8.9/transforms/268ceda788f247b2f131af588c6b361d/transformed/navigation-common-2.8.3-runtime.jar'
Stored cache entry for DexingNoClasspathTransform: /home/runner/.gradle/caches/8.9/transforms/98dd79f08e845431a97eef6ad15f95e4/transformed/hilt-navigation-1.2.0-runtime.jar with cache key e72f5c01a3e6669eed42084561df5f0c
Stored cache entry for DexingNoClasspathTransform: /home/runner/.gradle/caches/8.9/transforms/eaa8b5be14eddcbca0754fa7508a84fd/transformed/hilt-navigation-compose-1.2.0-runtime.jar with cache key f7a0da86d165189dcacb049da9d80178
Transforming hilt-navigation-compose-1.2.0.aar (androidx.hilt:hilt-navigation-compose:1.2.0) with DexingOutputSplitTransform
Transforming hilt-navigation-1.2.0.aar (androidx.hilt:hilt-navigation:1.2.0) with DexingOutputSplitTransform
Caching disabled for DexingOutputSplitTransform: /home/runner/.gradle/caches/8.9/transforms/f4f294312a2d9efd27beff85fe24517a/transformed/hilt-navigation-compose-1.2.0-runtime because:
  Caching not enabled.
Caching disabled for DexingOutputSplitTransform: /home/runner/.gradle/caches/8.9/transforms/271b6ad02ce4fcfcda01d7aeaaa1a2fb/transformed/hilt-navigation-1.2.0-runtime because:
  Caching not enabled.
Caching disabled for IdentityTransform: /home/runner/.gradle/caches/8.9/transforms/f3774dad6d51c1b8637ff67d12da1e1c/transformed/navigation-common-ktx-2.8.3-runtime.jar because:
  Caching not enabled.
Caching disabled for IdentityTransform: /home/runner/.gradle/caches/8.9/transforms/e28cdf7b481aa7b16d9872173b701b0a/transformed/navigation-runtime-ktx-2.8.3-runtime.jar because:
  Caching not enabled.
Transforming navigation-runtime-ktx-2.8.3.aar (androidx.navigation:navigation-runtime-ktx:2.8.3) with DexingNoClasspathTransform
Build cache key for DexingNoClasspathTransform: /home/runner/.gradle/caches/8.9/transforms/e28cdf7b481aa7b16d9872173b701b0a/transformed/navigation-runtime-ktx-2.8.3-runtime.jar is f33b7e58a5827d6c2f487f3e04dc0a36
Running dexing transform non-incrementally for '/home/runner/.gradle/caches/8.9/transforms/e28cdf7b481aa7b16d9872173b701b0a/transformed/navigation-runtime-ktx-2.8.3-runtime.jar'
Transforming navigation-common-ktx-2.8.3.aar (androidx.navigation:navigation-common-ktx:2.8.3) with DexingNoClasspathTransform
Build cache key for DexingNoClasspathTransform: /home/runner/.gradle/caches/8.9/transforms/f3774dad6d51c1b8637ff67d12da1e1c/transformed/navigation-common-ktx-2.8.3-runtime.jar is d3f7830b39323ce9d67ce55111df0386
Running dexing transform non-incrementally for '/home/runner/.gradle/caches/8.9/transforms/f3774dad6d51c1b8637ff67d12da1e1c/transformed/navigation-common-ktx-2.8.3-runtime.jar'
Stored cache entry for DexingNoClasspathTransform: /home/runner/.gradle/caches/8.9/transforms/f3774dad6d51c1b8637ff67d12da1e1c/transformed/navigation-common-ktx-2.8.3-runtime.jar with cache key d3f7830b39323ce9d67ce55111df0386
Stored cache entry for DexingNoClasspathTransform: /home/runner/.gradle/caches/8.9/transforms/e28cdf7b481aa7b16d9872173b701b0a/transformed/navigation-runtime-ktx-2.8.3-runtime.jar with cache key f33b7e58a5827d6c2f487f3e04dc0a36
Transforming navigation-runtime-ktx-2.8.3.aar (androidx.navigation:navigation-runtime-ktx:2.8.3) with DexingOutputSplitTransform
Caching disabled for DexingOutputSplitTransform: /home/runner/.gradle/caches/8.9/transforms/f297bb8208cd3eb081229782ead9ae5d/transformed/navigation-runtime-ktx-2.8.3-runtime because:
  Caching not enabled.
Transforming navigation-common-ktx-2.8.3.aar (androidx.navigation:navigation-common-ktx:2.8.3) with DexingOutputSplitTransform
Caching disabled for DexingOutputSplitTransform: /home/runner/.gradle/caches/8.9/transforms/f88bc07c4d592f0a0f7dde0cd0d86050/transformed/navigation-common-ktx-2.8.3-runtime because:
  Caching not enabled.
Caching disabled for IdentityTransform: /home/runner/.gradle/caches/8.9/transforms/8e08d6559ecbc35129fe03bc7d32ebf3/transformed/navigation-compose-2.8.3-runtime.jar because:
  Caching not enabled.
Caching disabled for IdentityTransform: /home/runner/.gradle/caches/8.9/transforms/4cb2b2b4b95e8b88cfe0b8e94115f288/transformed/hilt-android-2.52-runtime.jar because:
  Caching not enabled.
Transforming navigation-compose-2.8.3.aar (androidx.navigation:navigation-compose:2.8.3) with DexingNoClasspathTransform
Build cache key for DexingNoClasspathTransform: /home/runner/.gradle/caches/8.9/transforms/8e08d6559ecbc35129fe03bc7d32ebf3/transformed/navigation-compose-2.8.3-runtime.jar is 66aa5f1c5ea2c0d01f45597820a0de42
Running dexing transform non-incrementally for '/home/runner/.gradle/caches/8.9/transforms/8e08d6559ecbc35129fe03bc7d32ebf3/transformed/navigation-compose-2.8.3-runtime.jar'
Transforming hilt-android-2.52.aar (com.google.dagger:hilt-android:2.52) with DexingNoClasspathTransform
Build cache key for DexingNoClasspathTransform: /home/runner/.gradle/caches/8.9/transforms/4cb2b2b4b95e8b88cfe0b8e94115f288/transformed/hilt-android-2.52-runtime.jar is bcbac8ac3b8ca0547d90658e5b65def1
Running dexing transform non-incrementally for '/home/runner/.gradle/caches/8.9/transforms/4cb2b2b4b95e8b88cfe0b8e94115f288/transformed/hilt-android-2.52-runtime.jar'
Stored cache entry for DexingNoClasspathTransform: /home/runner/.gradle/caches/8.9/transforms/4cb2b2b4b95e8b88cfe0b8e94115f288/transformed/hilt-android-2.52-runtime.jar with cache key bcbac8ac3b8ca0547d90658e5b65def1
Transforming hilt-android-2.52.aar (com.google.dagger:hilt-android:2.52) with DexingOutputSplitTransform
Caching disabled for DexingOutputSplitTransform: /home/runner/.gradle/caches/8.9/transforms/0d6c38524eef03eb6f42e6fde5d980a6/transformed/hilt-android-2.52-runtime because:
  Caching not enabled.
Caching disabled for IdentityTransform: /home/runner/.gradle/caches/8.9/transforms/e61a5b8f2f79590ebc5684d33299235b/transformed/fragment-1.5.1-runtime.jar because:
  Caching not enabled.
Transforming fragment-1.5.1.aar (androidx.fragment:fragment:1.5.1) with DexingNoClasspathTransform
Build cache key for DexingNoClasspathTransform: /home/runner/.gradle/caches/8.9/transforms/e61a5b8f2f79590ebc5684d33299235b/transformed/fragment-1.5.1-runtime.jar is ef1ef700dde64c35961b90df7fb8d448
Running dexing transform non-incrementally for '/home/runner/.gradle/caches/8.9/transforms/e61a5b8f2f79590ebc5684d33299235b/transformed/fragment-1.5.1-runtime.jar'
Stored cache entry for DexingNoClasspathTransform: /home/runner/.gradle/caches/8.9/transforms/6ed35c4ecbd1b656e7e62f91b8dc514e/transformed/navigation-runtime-2.8.3-runtime.jar with cache key 641864baf41341d715da794750608cb2
Transforming navigation-runtime-2.8.3.aar (androidx.navigation:navigation-runtime:2.8.3) with DexingOutputSplitTransform
Caching disabled for DexingOutputSplitTransform: /home/runner/.gradle/caches/8.9/transforms/aa736fe540b6fff6eec3f793257820f2/transformed/navigation-runtime-2.8.3-runtime because:
  Caching not enabled.
Caching disabled for IdentityTransform: /home/runner/.gradle/caches/8.9/transforms/01b190a6ea7e323166a2453d207e7af1/transformed/activity-1.9.3-runtime.jar because:
  Caching not enabled.
Transforming activity-1.9.3.aar (androidx.activity:activity:1.9.3) with DexingNoClasspathTransform
Build cache key for DexingNoClasspathTransform: /home/runner/.gradle/caches/8.9/transforms/01b190a6ea7e323166a2453d207e7af1/transformed/activity-1.9.3-runtime.jar is b093afbaad8002bfc746257dca72ce9a
Running dexing transform non-incrementally for '/home/runner/.gradle/caches/8.9/transforms/01b190a6ea7e323166a2453d207e7af1/transformed/activity-1.9.3-runtime.jar'
Stored cache entry for DexingNoClasspathTransform: /home/runner/.gradle/caches/8.9/transforms/8e08d6559ecbc35129fe03bc7d32ebf3/transformed/navigation-compose-2.8.3-runtime.jar with cache key 66aa5f1c5ea2c0d01f45597820a0de42
Transforming navigation-compose-2.8.3.aar (androidx.navigation:navigation-compose:2.8.3) with DexingOutputSplitTransform
Caching disabled for DexingOutputSplitTransform: /home/runner/.gradle/caches/8.9/transforms/9990c88c8618f9121bbbd88152f896f4/transformed/navigation-compose-2.8.3-runtime because:
  Caching not enabled.
Caching disabled for IdentityTransform: /home/runner/.gradle/caches/8.9/transforms/e2ca63e6c6c5b826e79ae3e0b5c79437/transformed/activity-ktx-1.9.3-runtime.jar because:
  Caching not enabled.
Transforming activity-ktx-1.9.3.aar (androidx.activity:activity-ktx:1.9.3) with DexingNoClasspathTransform
Build cache key for DexingNoClasspathTransform: /home/runner/.gradle/caches/8.9/transforms/e2ca63e6c6c5b826e79ae3e0b5c79437/transformed/activity-ktx-1.9.3-runtime.jar is 678030696dc3e281f7a9be4b3093979b
Running dexing transform non-incrementally for '/home/runner/.gradle/caches/8.9/transforms/e2ca63e6c6c5b826e79ae3e0b5c79437/transformed/activity-ktx-1.9.3-runtime.jar'
Stored cache entry for DexingNoClasspathTransform: /home/runner/.gradle/caches/8.9/transforms/e2ca63e6c6c5b826e79ae3e0b5c79437/transformed/activity-ktx-1.9.3-runtime.jar with cache key 678030696dc3e281f7a9be4b3093979b
Transforming activity-ktx-1.9.3.aar (androidx.activity:activity-ktx:1.9.3) with DexingOutputSplitTransform
Caching disabled for DexingOutputSplitTransform: /home/runner/.gradle/caches/8.9/transforms/e1a15fbc9dabd6f0a5e1d55f09c6286d/transformed/activity-ktx-1.9.3-runtime because:
  Caching not enabled.
Caching disabled for IdentityTransform: /home/runner/.gradle/caches/8.9/transforms/9a4fce06aaee62d3dd574bb3d88c9bfe/transformed/material3-release-runtime.jar because:
  Caching not enabled.
Transforming material3-release.aar (androidx.compose.material3:material3-android:1.3.1) with DexingNoClasspathTransform
Build cache key for DexingNoClasspathTransform: /home/runner/.gradle/caches/8.9/transforms/9a4fce06aaee62d3dd574bb3d88c9bfe/transformed/material3-release-runtime.jar is 46a281127ab3e763588929e2b61e5eb3
Running dexing transform non-incrementally for '/home/runner/.gradle/caches/8.9/transforms/9a4fce06aaee62d3dd574bb3d88c9bfe/transformed/material3-release-runtime.jar'
Stored cache entry for DexingNoClasspathTransform: /home/runner/.gradle/caches/8.9/transforms/268ceda788f247b2f131af588c6b361d/transformed/navigation-common-2.8.3-runtime.jar with cache key 79bba3a0f3685f876b845b05c55e3fa7
Transforming navigation-common-2.8.3.aar (androidx.navigation:navigation-common:2.8.3) with DexingOutputSplitTransform
Caching disabled for DexingOutputSplitTransform: /home/runner/.gradle/caches/8.9/transforms/bffef579e8e16196cb19850e54f1bf5c/transformed/navigation-common-2.8.3-runtime because:
  Caching not enabled.
Caching disabled for IdentityTransform: /home/runner/.gradle/caches/8.9/transforms/389fc5e8ad39a180c631c78524433f1e/transformed/material-release-runtime.jar because:
  Caching not enabled.
Transforming material-release.aar (androidx.compose.material:material-android:1.7.5) with DexingNoClasspathTransform
Build cache key for DexingNoClasspathTransform: /home/runner/.gradle/caches/8.9/transforms/389fc5e8ad39a180c631c78524433f1e/transformed/material-release-runtime.jar is 049f33a372d636405fa4764ea0f445a0
Running dexing transform non-incrementally for '/home/runner/.gradle/caches/8.9/transforms/389fc5e8ad39a180c631c78524433f1e/transformed/material-release-runtime.jar'
Stored cache entry for DexingNoClasspathTransform: /home/runner/.gradle/caches/8.9/transforms/01b190a6ea7e323166a2453d207e7af1/transformed/activity-1.9.3-runtime.jar with cache key b093afbaad8002bfc746257dca72ce9a
Transforming activity-1.9.3.aar (androidx.activity:activity:1.9.3) with DexingOutputSplitTransform
Caching disabled for DexingOutputSplitTransform: /home/runner/.gradle/caches/8.9/transforms/ad30b37eb2c18e493bf34d52cad3aaab/transformed/activity-1.9.3-runtime because:
  Caching not enabled.
Caching disabled for IdentityTransform: /home/runner/.gradle/caches/8.9/transforms/5555cedc04ebf68aa8b864f3fa523775/transformed/animation-core-release-runtime.jar because:
  Caching not enabled.
Transforming animation-core-release.aar (androidx.compose.animation:animation-core-android:1.7.5) with DexingNoClasspathTransform
Build cache key for DexingNoClasspathTransform: /home/runner/.gradle/caches/8.9/transforms/5555cedc04ebf68aa8b864f3fa523775/transformed/animation-core-release-runtime.jar is 8ca979aa7e00acde841ab640734c9199
Running dexing transform non-incrementally for '/home/runner/.gradle/caches/8.9/transforms/5555cedc04ebf68aa8b864f3fa523775/transformed/animation-core-release-runtime.jar'
Stored cache entry for DexingNoClasspathTransform: /home/runner/.gradle/caches/8.9/transforms/e61a5b8f2f79590ebc5684d33299235b/transformed/fragment-1.5.1-runtime.jar with cache key ef1ef700dde64c35961b90df7fb8d448
Transforming fragment-1.5.1.aar (androidx.fragment:fragment:1.5.1) with DexingOutputSplitTransform
Caching disabled for DexingOutputSplitTransform: /home/runner/.gradle/caches/8.9/transforms/a9161e208fa524d329652ca89109cc99/transformed/fragment-1.5.1-runtime because:
  Caching not enabled.
Caching disabled for IdentityTransform: /home/runner/.gradle/caches/8.9/transforms/d96d86a4d4f5cfde43d681fcb30966e6/transformed/material-ripple-release-runtime.jar because:
  Caching not enabled.
Transforming material-ripple-release.aar (androidx.compose.material:material-ripple-android:1.7.5) with DexingNoClasspathTransform
Build cache key for DexingNoClasspathTransform: /home/runner/.gradle/caches/8.9/transforms/d96d86a4d4f5cfde43d681fcb30966e6/transformed/material-ripple-release-runtime.jar is b87246ba1eb9670013fd81275e76bcda
Running dexing transform non-incrementally for '/home/runner/.gradle/caches/8.9/transforms/d96d86a4d4f5cfde43d681fcb30966e6/transformed/material-ripple-release-runtime.jar'
Stored cache entry for DexingNoClasspathTransform: /home/runner/.gradle/caches/8.9/transforms/d96d86a4d4f5cfde43d681fcb30966e6/transformed/material-ripple-release-runtime.jar with cache key b87246ba1eb9670013fd81275e76bcda
Transforming material-ripple-release.aar (androidx.compose.material:material-ripple-android:1.7.5) with DexingOutputSplitTransform
Caching disabled for DexingOutputSplitTransform: /home/runner/.gradle/caches/8.9/transforms/3b0b9acd285c5f4b9992f8ffb7a90ddc/transformed/material-ripple-release-runtime because:
  Caching not enabled.
Caching disabled for IdentityTransform: /home/runner/.gradle/caches/8.9/transforms/2bdf1db01a4a6ed05098435e4e8a935c/transformed/animation-release-runtime.jar because:
  Caching not enabled.
Transforming animation-release.aar (androidx.compose.animation:animation-android:1.7.5) with DexingNoClasspathTransform
Build cache key for DexingNoClasspathTransform: /home/runner/.gradle/caches/8.9/transforms/2bdf1db01a4a6ed05098435e4e8a935c/transformed/animation-release-runtime.jar is a6cbb58528479a8643491e7de35b66d4
Running dexing transform non-incrementally for '/home/runner/.gradle/caches/8.9/transforms/2bdf1db01a4a6ed05098435e4e8a935c/transformed/animation-release-runtime.jar'
Stored cache entry for DexingNoClasspathTransform: /home/runner/.gradle/caches/8.9/transforms/5555cedc04ebf68aa8b864f3fa523775/transformed/animation-core-release-runtime.jar with cache key 8ca979aa7e00acde841ab640734c9199
Transforming animation-core-release.aar (androidx.compose.animation:animation-core-android:1.7.5) with DexingOutputSplitTransform
Caching disabled for DexingOutputSplitTransform: /home/runner/.gradle/caches/8.9/transforms/9fa37f4f4645976115aca88b2af2ab3b/transformed/animation-core-release-runtime because:
  Caching not enabled.
Caching disabled for IdentityTransform: /home/runner/.gradle/caches/8.9/transforms/dc953fecf832cd2921d4b044aab9422f/transformed/foundation-layout-release-runtime.jar because:
  Caching not enabled.
Transforming foundation-layout-release.aar (androidx.compose.foundation:foundation-layout-android:1.7.5) with DexingNoClasspathTransform
Build cache key for DexingNoClasspathTransform: /home/runner/.gradle/caches/8.9/transforms/dc953fecf832cd2921d4b044aab9422f/transformed/foundation-layout-release-runtime.jar is b11a4fcd99a91165e324267b26a97b9d
Running dexing transform non-incrementally for '/home/runner/.gradle/caches/8.9/transforms/dc953fecf832cd2921d4b044aab9422f/transformed/foundation-layout-release-runtime.jar'
Stored cache entry for DexingNoClasspathTransform: /home/runner/.gradle/caches/8.9/transforms/2bdf1db01a4a6ed05098435e4e8a935c/transformed/animation-release-runtime.jar with cache key a6cbb58528479a8643491e7de35b66d4
Transforming animation-release.aar (androidx.compose.animation:animation-android:1.7.5) with DexingOutputSplitTransform
Caching disabled for DexingOutputSplitTransform: /home/runner/.gradle/caches/8.9/transforms/dfe8ca6038e348eb73cde94a8e76ed52/transformed/animation-release-runtime because:
  Caching not enabled.
Caching disabled for IdentityTransform: /home/runner/.gradle/caches/8.9/transforms/9d18f1f9c6c88db622b2ba53c4324149/transformed/foundation-release-runtime.jar because:
  Caching not enabled.
Transforming foundation-release.aar (androidx.compose.foundation:foundation-android:1.7.5) with DexingNoClasspathTransform
Build cache key for DexingNoClasspathTransform: /home/runner/.gradle/caches/8.9/transforms/9d18f1f9c6c88db622b2ba53c4324149/transformed/foundation-release-runtime.jar is 7737874390a4c3ff6a28d763ee645609
Running dexing transform non-incrementally for '/home/runner/.gradle/caches/8.9/transforms/9d18f1f9c6c88db622b2ba53c4324149/transformed/foundation-release-runtime.jar'
Stored cache entry for DexingNoClasspathTransform: /home/runner/.gradle/caches/8.9/transforms/dc953fecf832cd2921d4b044aab9422f/transformed/foundation-layout-release-runtime.jar with cache key b11a4fcd99a91165e324267b26a97b9d
Transforming foundation-layout-release.aar (androidx.compose.foundation:foundation-layout-android:1.7.5) with DexingOutputSplitTransform
Caching disabled for DexingOutputSplitTransform: /home/runner/.gradle/caches/8.9/transforms/c8b9b2d581b63a3191f2c6e723719c1f/transformed/foundation-layout-release-runtime because:
  Caching not enabled.
Caching disabled for IdentityTransform: /home/runner/.gradle/caches/8.9/transforms/a7b25ddee49c31b93c5aad943359fd06/transformed/ui-tooling-data-release-runtime.jar because:
  Caching not enabled.
Transforming ui-tooling-data-release.aar (androidx.compose.ui:ui-tooling-data-android:1.7.5) with DexingNoClasspathTransform
Build cache key for DexingNoClasspathTransform: /home/runner/.gradle/caches/8.9/transforms/a7b25ddee49c31b93c5aad943359fd06/transformed/ui-tooling-data-release-runtime.jar is b7689675d59abf2f2e2c6f2983eb24b3
Running dexing transform non-incrementally for '/home/runner/.gradle/caches/8.9/transforms/a7b25ddee49c31b93c5aad943359fd06/transformed/ui-tooling-data-release-runtime.jar'
Stored cache entry for DexingNoClasspathTransform: /home/runner/.gradle/caches/8.9/transforms/a7b25ddee49c31b93c5aad943359fd06/transformed/ui-tooling-data-release-runtime.jar with cache key b7689675d59abf2f2e2c6f2983eb24b3
Transforming ui-tooling-data-release.aar (androidx.compose.ui:ui-tooling-data-android:1.7.5) with DexingOutputSplitTransform
Caching disabled for DexingOutputSplitTransform: /home/runner/.gradle/caches/8.9/transforms/fe02b435e8f2f79993b60d07192f37fa/transformed/ui-tooling-data-release-runtime because:
  Caching not enabled.
Caching disabled for IdentityTransform: /home/runner/.gradle/caches/8.9/transforms/f765591b12aab4b508dd8a135a2d71a3/transformed/ui-unit-release-runtime.jar because:
  Caching not enabled.
Transforming ui-unit-release.aar (androidx.compose.ui:ui-unit-android:1.7.5) with DexingNoClasspathTransform
Build cache key for DexingNoClasspathTransform: /home/runner/.gradle/caches/8.9/transforms/f765591b12aab4b508dd8a135a2d71a3/transformed/ui-unit-release-runtime.jar is 0fec081050d3d1b59e3577ccdea26e74
Running dexing transform non-incrementally for '/home/runner/.gradle/caches/8.9/transforms/f765591b12aab4b508dd8a135a2d71a3/transformed/ui-unit-release-runtime.jar'
Stored cache entry for DexingNoClasspathTransform: /home/runner/.gradle/caches/8.9/transforms/f765591b12aab4b508dd8a135a2d71a3/transformed/ui-unit-release-runtime.jar with cache key 0fec081050d3d1b59e3577ccdea26e74
Transforming ui-unit-release.aar (androidx.compose.ui:ui-unit-android:1.7.5) with DexingOutputSplitTransform
Caching disabled for DexingOutputSplitTransform: /home/runner/.gradle/caches/8.9/transforms/974160f88636e2a51bd8a0efd710b8fd/transformed/ui-unit-release-runtime because:
  Caching not enabled.
Caching disabled for IdentityTransform: /home/runner/.gradle/caches/8.9/transforms/423915b97f5ad8343ce339e0b12dfc77/transformed/ui-geometry-release-runtime.jar because:
  Caching not enabled.
Transforming ui-geometry-release.aar (androidx.compose.ui:ui-geometry-android:1.7.5) with DexingNoClasspathTransform
Build cache key for DexingNoClasspathTransform: /home/runner/.gradle/caches/8.9/transforms/423915b97f5ad8343ce339e0b12dfc77/transformed/ui-geometry-release-runtime.jar is 61a217f88e883ef1729858764dcdd0b0
Running dexing transform non-incrementally for '/home/runner/.gradle/caches/8.9/transforms/423915b97f5ad8343ce339e0b12dfc77/transformed/ui-geometry-release-runtime.jar'
Stored cache entry for DexingNoClasspathTransform: /home/runner/.gradle/caches/8.9/transforms/423915b97f5ad8343ce339e0b12dfc77/transformed/ui-geometry-release-runtime.jar with cache key 61a217f88e883ef1729858764dcdd0b0
Transforming ui-geometry-release.aar (androidx.compose.ui:ui-geometry-android:1.7.5) with DexingOutputSplitTransform
Caching disabled for DexingOutputSplitTransform: /home/runner/.gradle/caches/8.9/transforms/469bfa3f1ac06a76ac493b58e9482a10/transformed/ui-geometry-release-runtime because:
  Caching not enabled.
Caching disabled for IdentityTransform: /home/runner/.gradle/caches/8.9/transforms/25a5365cfa981668c3b2c9560a6a6e22/transformed/ui-util-release-runtime.jar because:
  Caching not enabled.
Transforming ui-util-release.aar (androidx.compose.ui:ui-util-android:1.7.5) with DexingNoClasspathTransform
Build cache key for DexingNoClasspathTransform: /home/runner/.gradle/caches/8.9/transforms/25a5365cfa981668c3b2c9560a6a6e22/transformed/ui-util-release-runtime.jar is 618af63537ea1297b2c9e4c7cbcbb322
Running dexing transform non-incrementally for '/home/runner/.gradle/caches/8.9/transforms/25a5365cfa981668c3b2c9560a6a6e22/transformed/ui-util-release-runtime.jar'
Stored cache entry for DexingNoClasspathTransform: /home/runner/.gradle/caches/8.9/transforms/25a5365cfa981668c3b2c9560a6a6e22/transformed/ui-util-release-runtime.jar with cache key 618af63537ea1297b2c9e4c7cbcbb322
Transforming ui-util-release.aar (androidx.compose.ui:ui-util-android:1.7.5) with DexingOutputSplitTransform
Caching disabled for DexingOutputSplitTransform: /home/runner/.gradle/caches/8.9/transforms/656a5435bc2dbfb0492319ddc8ee09f7/transformed/ui-util-release-runtime because:
  Caching not enabled.
Caching disabled for IdentityTransform: /home/runner/.gradle/caches/8.9/transforms/cface243e2e468e61dc8fcaed19d1fdd/transformed/ui-text-release-runtime.jar because:
  Caching not enabled.
Transforming ui-text-release.aar (androidx.compose.ui:ui-text-android:1.7.5) with DexingNoClasspathTransform
Build cache key for DexingNoClasspathTransform: /home/runner/.gradle/caches/8.9/transforms/cface243e2e468e61dc8fcaed19d1fdd/transformed/ui-text-release-runtime.jar is 01a36dc83d736941d805c734984353af
Running dexing transform non-incrementally for '/home/runner/.gradle/caches/8.9/transforms/cface243e2e468e61dc8fcaed19d1fdd/transformed/ui-text-release-runtime.jar'
Stored cache entry for DexingNoClasspathTransform: /home/runner/.gradle/caches/8.9/transforms/cface243e2e468e61dc8fcaed19d1fdd/transformed/ui-text-release-runtime.jar with cache key 01a36dc83d736941d805c734984353af
Transforming ui-text-release.aar (androidx.compose.ui:ui-text-android:1.7.5) with DexingOutputSplitTransform
Caching disabled for DexingOutputSplitTransform: /home/runner/.gradle/caches/8.9/transforms/54d1136aab8abda4ef05242fae69b3aa/transformed/ui-text-release-runtime because:
  Caching not enabled.
Caching disabled for IdentityTransform: /home/runner/.gradle/caches/8.9/transforms/a3dc0e69b240c442a8bee4dc28fbf2d3/transformed/ui-tooling-preview-release-runtime.jar because:
  Caching not enabled.
Transforming ui-tooling-preview-release.aar (androidx.compose.ui:ui-tooling-preview-android:1.7.5) with DexingNoClasspathTransform
Build cache key for DexingNoClasspathTransform: /home/runner/.gradle/caches/8.9/transforms/a3dc0e69b240c442a8bee4dc28fbf2d3/transformed/ui-tooling-preview-release-runtime.jar is b6df099b64331dede6f600652909dbb4
Running dexing transform non-incrementally for '/home/runner/.gradle/caches/8.9/transforms/a3dc0e69b240c442a8bee4dc28fbf2d3/transformed/ui-tooling-preview-release-runtime.jar'
Stored cache entry for DexingNoClasspathTransform: /home/runner/.gradle/caches/8.9/transforms/a3dc0e69b240c442a8bee4dc28fbf2d3/transformed/ui-tooling-preview-release-runtime.jar with cache key b6df099b64331dede6f600652909dbb4
Transforming ui-tooling-preview-release.aar (androidx.compose.ui:ui-tooling-preview-android:1.7.5) with DexingOutputSplitTransform
Caching disabled for DexingOutputSplitTransform: /home/runner/.gradle/caches/8.9/transforms/b9e41538be8db0cdfc721721c4216ec7/transformed/ui-tooling-preview-release-runtime because:
  Caching not enabled.
Caching disabled for IdentityTransform: /home/runner/.gradle/caches/8.9/transforms/d8b35aaa5e0e643f9a096f89934ceedb/transformed/ui-graphics-release-runtime.jar because:
  Caching not enabled.
Transforming ui-graphics-release.aar (androidx.compose.ui:ui-graphics-android:1.7.5) with DexingNoClasspathTransform
Build cache key for DexingNoClasspathTransform: /home/runner/.gradle/caches/8.9/transforms/d8b35aaa5e0e643f9a096f89934ceedb/transformed/ui-graphics-release-runtime.jar is e8a5fd31cdc6bb68a19f41de66eb4431
Running dexing transform non-incrementally for '/home/runner/.gradle/caches/8.9/transforms/d8b35aaa5e0e643f9a096f89934ceedb/transformed/ui-graphics-release-runtime.jar'
Stored cache entry for DexingNoClasspathTransform: /home/runner/.gradle/caches/8.9/transforms/389fc5e8ad39a180c631c78524433f1e/transformed/material-release-runtime.jar with cache key 049f33a372d636405fa4764ea0f445a0
Transforming material-release.aar (androidx.compose.material:material-android:1.7.5) with DexingOutputSplitTransform
Caching disabled for DexingOutputSplitTransform: /home/runner/.gradle/caches/8.9/transforms/fa040edd50fe6bec2a52c31d2082ed0b/transformed/material-release-runtime because:
  Caching not enabled.
Caching disabled for IdentityTransform: /home/runner/.gradle/caches/8.9/transforms/ada8ce78912d8477a086137072134969/transformed/ui-tooling-release-runtime.jar because:
  Caching not enabled.
Transforming ui-tooling-release.aar (androidx.compose.ui:ui-tooling-android:1.7.5) with DexingNoClasspathTransform
Build cache key for DexingNoClasspathTransform: /home/runner/.gradle/caches/8.9/transforms/ada8ce78912d8477a086137072134969/transformed/ui-tooling-release-runtime.jar is 37e83103e2c441d8a13507a9eb4802ef
Running dexing transform non-incrementally for '/home/runner/.gradle/caches/8.9/transforms/ada8ce78912d8477a086137072134969/transformed/ui-tooling-release-runtime.jar'
Stored cache entry for DexingNoClasspathTransform: /home/runner/.gradle/caches/8.9/transforms/ada8ce78912d8477a086137072134969/transformed/ui-tooling-release-runtime.jar with cache key 37e83103e2c441d8a13507a9eb4802ef
Transforming ui-tooling-release.aar (androidx.compose.ui:ui-tooling-android:1.7.5) with DexingOutputSplitTransform
Caching disabled for DexingOutputSplitTransform: /home/runner/.gradle/caches/8.9/transforms/1c900fe397ec2af5fe0f20781e2263d7/transformed/ui-tooling-release-runtime because:
  Caching not enabled.
Caching disabled for IdentityTransform: /home/runner/.gradle/caches/8.9/transforms/01d99d8256013b8e056eba9f6fab4773/transformed/activity-compose-1.9.3-runtime.jar because:
  Caching not enabled.
Transforming activity-compose-1.9.3.aar (androidx.activity:activity-compose:1.9.3) with DexingNoClasspathTransform
Build cache key for DexingNoClasspathTransform: /home/runner/.gradle/caches/8.9/transforms/01d99d8256013b8e056eba9f6fab4773/transformed/activity-compose-1.9.3-runtime.jar is fa2a4b70c43ef1bff6aa88f7cfddf390
Running dexing transform non-incrementally for '/home/runner/.gradle/caches/8.9/transforms/01d99d8256013b8e056eba9f6fab4773/transformed/activity-compose-1.9.3-runtime.jar'
Stored cache entry for DexingNoClasspathTransform: /home/runner/.gradle/caches/8.9/transforms/01d99d8256013b8e056eba9f6fab4773/transformed/activity-compose-1.9.3-runtime.jar with cache key fa2a4b70c43ef1bff6aa88f7cfddf390
Transforming activity-compose-1.9.3.aar (androidx.activity:activity-compose:1.9.3) with DexingOutputSplitTransform
Caching disabled for DexingOutputSplitTransform: /home/runner/.gradle/caches/8.9/transforms/ff86004a82e370d5c0785b54fb7a9d0a/transformed/activity-compose-1.9.3-runtime because:
  Caching not enabled.
Caching disabled for IdentityTransform: /home/runner/.gradle/caches/8.9/transforms/709c1a05ac858210f4ba3a9d222a4b11/transformed/savedstate-ktx-1.2.1-runtime.jar because:
  Caching not enabled.
Transforming savedstate-ktx-1.2.1.aar (androidx.savedstate:savedstate-ktx:1.2.1) with DexingNoClasspathTransform
Build cache key for DexingNoClasspathTransform: /home/runner/.gradle/caches/8.9/transforms/709c1a05ac858210f4ba3a9d222a4b11/transformed/savedstate-ktx-1.2.1-runtime.jar is 27053c6cc28378a9188de1c71b22d361
Running dexing transform non-incrementally for '/home/runner/.gradle/caches/8.9/transforms/709c1a05ac858210f4ba3a9d222a4b11/transformed/savedstate-ktx-1.2.1-runtime.jar'
Stored cache entry for DexingNoClasspathTransform: /home/runner/.gradle/caches/8.9/transforms/709c1a05ac858210f4ba3a9d222a4b11/transformed/savedstate-ktx-1.2.1-runtime.jar with cache key 27053c6cc28378a9188de1c71b22d361
Transforming savedstate-ktx-1.2.1.aar (androidx.savedstate:savedstate-ktx:1.2.1) with DexingOutputSplitTransform
Caching disabled for DexingOutputSplitTransform: /home/runner/.gradle/caches/8.9/transforms/4016b13e3ed71b98d8721fdc176328b7/transformed/savedstate-ktx-1.2.1-runtime because:
  Caching not enabled.
Caching disabled for IdentityTransform: /home/runner/.gradle/caches/8.9/transforms/519e30d4993045ce6d49f3cea7cd2605/transformed/savedstate-1.2.1-runtime.jar because:
  Caching not enabled.
Transforming savedstate-1.2.1.aar (androidx.savedstate:savedstate:1.2.1) with DexingNoClasspathTransform
Build cache key for DexingNoClasspathTransform: /home/runner/.gradle/caches/8.9/transforms/519e30d4993045ce6d49f3cea7cd2605/transformed/savedstate-1.2.1-runtime.jar is 285786e2c4f2089d04760b6032a8890d
Running dexing transform non-incrementally for '/home/runner/.gradle/caches/8.9/transforms/519e30d4993045ce6d49f3cea7cd2605/transformed/savedstate-1.2.1-runtime.jar'
Stored cache entry for DexingNoClasspathTransform: /home/runner/.gradle/caches/8.9/transforms/519e30d4993045ce6d49f3cea7cd2605/transformed/savedstate-1.2.1-runtime.jar with cache key 285786e2c4f2089d04760b6032a8890d
Transforming savedstate-1.2.1.aar (androidx.savedstate:savedstate:1.2.1) with DexingOutputSplitTransform
Caching disabled for DexingOutputSplitTransform: /home/runner/.gradle/caches/8.9/transforms/482c16fbd534480649918a74be0115e8/transformed/savedstate-1.2.1-runtime because:
  Caching not enabled.
Caching disabled for IdentityTransform: /home/runner/.gradle/caches/8.9/transforms/279ce42556462d03742a9cc4d4b5184f/transformed/loader-1.0.0-runtime.jar because:
  Caching not enabled.
Transforming loader-1.0.0.aar (androidx.loader:loader:1.0.0) with DexingNoClasspathTransform
Build cache key for DexingNoClasspathTransform: /home/runner/.gradle/caches/8.9/transforms/279ce42556462d03742a9cc4d4b5184f/transformed/loader-1.0.0-runtime.jar is fe9202ae79ebe2057e79bb5f26c0f9c7
Running dexing transform non-incrementally for '/home/runner/.gradle/caches/8.9/transforms/279ce42556462d03742a9cc4d4b5184f/transformed/loader-1.0.0-runtime.jar'
Stored cache entry for DexingNoClasspathTransform: /home/runner/.gradle/caches/8.9/transforms/279ce42556462d03742a9cc4d4b5184f/transformed/loader-1.0.0-runtime.jar with cache key fe9202ae79ebe2057e79bb5f26c0f9c7
Transforming loader-1.0.0.aar (androidx.loader:loader:1.0.0) with DexingOutputSplitTransform
Caching disabled for DexingOutputSplitTransform: /home/runner/.gradle/caches/8.9/transforms/0cea4df7f7d81e2cc5bd39eb14038e29/transformed/loader-1.0.0-runtime because:
  Caching not enabled.
Caching disabled for IdentityTransform: /home/runner/.gradle/caches/8.9/transforms/1f94fdb5750c45a37659d04bbcc743c8/transformed/emoji2-1.3.0-runtime.jar because:
  Caching not enabled.
Transforming emoji2-1.3.0.aar (androidx.emoji2:emoji2:1.3.0) with DexingNoClasspathTransform
Build cache key for DexingNoClasspathTransform: /home/runner/.gradle/caches/8.9/transforms/1f94fdb5750c45a37659d04bbcc743c8/transformed/emoji2-1.3.0-runtime.jar is 3b647521476089263e9c87427df5fe22
Running dexing transform non-incrementally for '/home/runner/.gradle/caches/8.9/transforms/1f94fdb5750c45a37659d04bbcc743c8/transformed/emoji2-1.3.0-runtime.jar'
Stored cache entry for DexingNoClasspathTransform: /home/runner/.gradle/caches/8.9/transforms/1f94fdb5750c45a37659d04bbcc743c8/transformed/emoji2-1.3.0-runtime.jar with cache key 3b647521476089263e9c87427df5fe22
Transforming emoji2-1.3.0.aar (androidx.emoji2:emoji2:1.3.0) with DexingOutputSplitTransform
Caching disabled for DexingOutputSplitTransform: /home/runner/.gradle/caches/8.9/transforms/7ca3e9d8578acd6ccf145fa5ed8017a6/transformed/emoji2-1.3.0-runtime because:
  Caching not enabled.
Caching disabled for IdentityTransform: /home/runner/.gradle/caches/8.9/transforms/30d49537d2a723201176cec4d814bf6d/transformed/lifecycle-process-2.8.6-runtime.jar because:
  Caching not enabled.
Transforming lifecycle-process-2.8.6.aar (androidx.lifecycle:lifecycle-process:2.8.6) with DexingNoClasspathTransform
Build cache key for DexingNoClasspathTransform: /home/runner/.gradle/caches/8.9/transforms/30d49537d2a723201176cec4d814bf6d/transformed/lifecycle-process-2.8.6-runtime.jar is ccda2c468d91400ebf53e8fcf28fc061
Running dexing transform non-incrementally for '/home/runner/.gradle/caches/8.9/transforms/30d49537d2a723201176cec4d814bf6d/transformed/lifecycle-process-2.8.6-runtime.jar'
Stored cache entry for DexingNoClasspathTransform: /home/runner/.gradle/caches/8.9/transforms/30d49537d2a723201176cec4d814bf6d/transformed/lifecycle-process-2.8.6-runtime.jar with cache key ccda2c468d91400ebf53e8fcf28fc061
Transforming lifecycle-process-2.8.6.aar (androidx.lifecycle:lifecycle-process:2.8.6) with DexingOutputSplitTransform
Caching disabled for DexingOutputSplitTransform: /home/runner/.gradle/caches/8.9/transforms/4e9d5771b0e3d6635861c176eb016ed2/transformed/lifecycle-process-2.8.6-runtime because:
  Caching not enabled.
Caching disabled for IdentityTransform: /home/runner/.gradle/caches/8.9/transforms/a3666df95be2364426d0d5e04de99d4f/transformed/lifecycle-livedata-core-ktx-2.8.6-runtime.jar because:
  Caching not enabled.
Transforming lifecycle-livedata-core-ktx-2.8.6.aar (androidx.lifecycle:lifecycle-livedata-core-ktx:2.8.6) with DexingNoClasspathTransform
Build cache key for DexingNoClasspathTransform: /home/runner/.gradle/caches/8.9/transforms/a3666df95be2364426d0d5e04de99d4f/transformed/lifecycle-livedata-core-ktx-2.8.6-runtime.jar is e3fad9db63e88cfe27a4c9f994be6428
Running dexing transform non-incrementally for '/home/runner/.gradle/caches/8.9/transforms/a3666df95be2364426d0d5e04de99d4f/transformed/lifecycle-livedata-core-ktx-2.8.6-runtime.jar'
Stored cache entry for DexingNoClasspathTransform: /home/runner/.gradle/caches/8.9/transforms/a3666df95be2364426d0d5e04de99d4f/transformed/lifecycle-livedata-core-ktx-2.8.6-runtime.jar with cache key e3fad9db63e88cfe27a4c9f994be6428
Transforming lifecycle-livedata-core-ktx-2.8.6.aar (androidx.lifecycle:lifecycle-livedata-core-ktx:2.8.6) with DexingOutputSplitTransform
Caching disabled for DexingOutputSplitTransform: /home/runner/.gradle/caches/8.9/transforms/69a7c74637edd18429265718611acba2/transformed/lifecycle-livedata-core-ktx-2.8.6-runtime because:
  Caching not enabled.
Caching disabled for IdentityTransform: /home/runner/.gradle/caches/8.9/transforms/2d68a2bc074dbbc8fbd5028b0b4b2585/transformed/lifecycle-livedata-2.8.6-runtime.jar because:
  Caching not enabled.
Transforming lifecycle-livedata-2.8.6.aar (androidx.lifecycle:lifecycle-livedata:2.8.6) with DexingNoClasspathTransform
Build cache key for DexingNoClasspathTransform: /home/runner/.gradle/caches/8.9/transforms/2d68a2bc074dbbc8fbd5028b0b4b2585/transformed/lifecycle-livedata-2.8.6-runtime.jar is 0432015c797edf506ad7bb1df101c9cc
Running dexing transform non-incrementally for '/home/runner/.gradle/caches/8.9/transforms/2d68a2bc074dbbc8fbd5028b0b4b2585/transformed/lifecycle-livedata-2.8.6-runtime.jar'
Stored cache entry for DexingNoClasspathTransform: /home/runner/.gradle/caches/8.9/transforms/d8b35aaa5e0e643f9a096f89934ceedb/transformed/ui-graphics-release-runtime.jar with cache key e8a5fd31cdc6bb68a19f41de66eb4431
Transforming ui-graphics-release.aar (androidx.compose.ui:ui-graphics-android:1.7.5) with DexingOutputSplitTransform
Caching disabled for DexingOutputSplitTransform: /home/runner/.gradle/caches/8.9/transforms/849dc9b9432de87963ea0484afbd3823/transformed/ui-graphics-release-runtime because:
  Caching not enabled.
Caching disabled for IdentityTransform: /home/runner/.gradle/caches/8.9/transforms/6e556fc0a21862cfeb8d4774b129d802/transformed/lifecycle-viewmodel-2.8.6-runtime.jar because:
  Caching not enabled.
Transforming lifecycle-viewmodel-2.8.6.aar (androidx.lifecycle:lifecycle-viewmodel:2.8.6) with DexingNoClasspathTransform
Build cache key for DexingNoClasspathTransform: /home/runner/.gradle/caches/8.9/transforms/6e556fc0a21862cfeb8d4774b129d802/transformed/lifecycle-viewmodel-2.8.6-runtime.jar is 7800c23f8e6bb1e68bdde50ac1b4e479
Running dexing transform non-incrementally for '/home/runner/.gradle/caches/8.9/transforms/6e556fc0a21862cfeb8d4774b129d802/transformed/lifecycle-viewmodel-2.8.6-runtime.jar'
Stored cache entry for DexingNoClasspathTransform: /home/runner/.gradle/caches/8.9/transforms/6e556fc0a21862cfeb8d4774b129d802/transformed/lifecycle-viewmodel-2.8.6-runtime.jar with cache key 7800c23f8e6bb1e68bdde50ac1b4e479
Transforming lifecycle-viewmodel-2.8.6.aar (androidx.lifecycle:lifecycle-viewmodel:2.8.6) with DexingOutputSplitTransform
Caching disabled for DexingOutputSplitTransform: /home/runner/.gradle/caches/8.9/transforms/c1da32d9924518e0fe1adbf87dc1670c/transformed/lifecycle-viewmodel-2.8.6-runtime because:
  Caching not enabled.
Caching disabled for IdentityTransform: /home/runner/.gradle/caches/8.9/transforms/0e73e0885b707155d8c7a7d783ea4e40/transformed/lifecycle-viewmodel-release-runtime.jar because:
  Caching not enabled.
Transforming lifecycle-viewmodel-release.aar (androidx.lifecycle:lifecycle-viewmodel-android:2.8.6) with DexingNoClasspathTransform
Build cache key for DexingNoClasspathTransform: /home/runner/.gradle/caches/8.9/transforms/0e73e0885b707155d8c7a7d783ea4e40/transformed/lifecycle-viewmodel-release-runtime.jar is 004cb5e3bbb9bdfccede8cc835653467
Running dexing transform non-incrementally for '/home/runner/.gradle/caches/8.9/transforms/0e73e0885b707155d8c7a7d783ea4e40/transformed/lifecycle-viewmodel-release-runtime.jar'
Stored cache entry for DexingNoClasspathTransform: /home/runner/.gradle/caches/8.9/transforms/2d68a2bc074dbbc8fbd5028b0b4b2585/transformed/lifecycle-livedata-2.8.6-runtime.jar with cache key 0432015c797edf506ad7bb1df101c9cc
Transforming lifecycle-livedata-2.8.6.aar (androidx.lifecycle:lifecycle-livedata:2.8.6) with DexingOutputSplitTransform
Caching disabled for DexingOutputSplitTransform: /home/runner/.gradle/caches/8.9/transforms/4746a1ec889a1c0769023b1d05133805/transformed/lifecycle-livedata-2.8.6-runtime because:
  Caching not enabled.
Build cache key for DexingNoClasspathTransform: /home/runner/.gradle/caches/modules-2/files-2.1/androidx.lifecycle/lifecycle-common-jvm/2.8.6/7174a594afb73a9ad9ac9074ce78b94af3cc52a7/lifecycle-common-jvm-2.8.6.jar is 1ecc3e0772ce2e67aeee471fbb996851
Running dexing transform non-incrementally for '/home/runner/.gradle/caches/modules-2/files-2.1/androidx.lifecycle/lifecycle-common-jvm/2.8.6/7174a594afb73a9ad9ac9074ce78b94af3cc52a7/lifecycle-common-jvm-2.8.6.jar'
Stored cache entry for DexingNoClasspathTransform: /home/runner/.gradle/caches/8.9/transforms/0e73e0885b707155d8c7a7d783ea4e40/transformed/lifecycle-viewmodel-release-runtime.jar with cache key 004cb5e3bbb9bdfccede8cc835653467
Transforming lifecycle-viewmodel-release.aar (androidx.lifecycle:lifecycle-viewmodel-android:2.8.6) with DexingOutputSplitTransform
Caching disabled for DexingOutputSplitTransform: /home/runner/.gradle/caches/8.9/transforms/cea7261189fcbca98a6bd69b80ecb27d/transformed/lifecycle-viewmodel-release-runtime because:
  Caching not enabled.
Caching disabled for IdentityTransform: /home/runner/.gradle/caches/8.9/transforms/23e30ddcf048122f20c47cb883852f4b/transformed/lifecycle-runtime-release-runtime.jar because:
  Caching not enabled.
Transforming lifecycle-runtime-release.aar (androidx.lifecycle:lifecycle-runtime-android:2.8.6) with DexingNoClasspathTransform
Build cache key for DexingNoClasspathTransform: /home/runner/.gradle/caches/8.9/transforms/23e30ddcf048122f20c47cb883852f4b/transformed/lifecycle-runtime-release-runtime.jar is 95793c827978f95c64076dca4ea2ba28
Running dexing transform non-incrementally for '/home/runner/.gradle/caches/8.9/transforms/23e30ddcf048122f20c47cb883852f4b/transformed/lifecycle-runtime-release-runtime.jar'
Stored cache entry for DexingNoClasspathTransform: /home/runner/.gradle/caches/modules-2/files-2.1/androidx.lifecycle/lifecycle-common-jvm/2.8.6/7174a594afb73a9ad9ac9074ce78b94af3cc52a7/lifecycle-common-jvm-2.8.6.jar with cache key 1ecc3e0772ce2e67aeee471fbb996851
Transforming lifecycle-common-jvm-2.8.6.jar (androidx.lifecycle:lifecycle-common-jvm:2.8.6) with DexingOutputSplitTransform
Caching disabled for DexingOutputSplitTransform: /home/runner/.gradle/caches/8.9/transforms/6d3677b270ce47d047b24a847223ac6f/transformed/lifecycle-common-jvm-2.8.6 because:
  Caching not enabled.
Build cache key for DexingNoClasspathTransform: /home/runner/.gradle/caches/modules-2/files-2.1/androidx.lifecycle/lifecycle-common-java8/2.8.6/2ad14aed781c4a73ed4dbb421966d408a0a06686/lifecycle-common-java8-2.8.6.jar is ab5711d80b4d30acd1f1083678e4e4f5
Running dexing transform non-incrementally for '/home/runner/.gradle/caches/modules-2/files-2.1/androidx.lifecycle/lifecycle-common-java8/2.8.6/2ad14aed781c4a73ed4dbb421966d408a0a06686/lifecycle-common-java8-2.8.6.jar'
Stored cache entry for DexingNoClasspathTransform: /home/runner/.gradle/caches/modules-2/files-2.1/androidx.lifecycle/lifecycle-common-java8/2.8.6/2ad14aed781c4a73ed4dbb421966d408a0a06686/lifecycle-common-java8-2.8.6.jar with cache key ab5711d80b4d30acd1f1083678e4e4f5
Transforming lifecycle-common-java8-2.8.6.jar (androidx.lifecycle:lifecycle-common-java8:2.8.6) with DexingOutputSplitTransform
Caching disabled for DexingOutputSplitTransform: /home/runner/.gradle/caches/8.9/transforms/987f4c23c19d9f70a00888e4ca349c2e/transformed/lifecycle-common-java8-2.8.6 because:
  Caching not enabled.
Caching disabled for IdentityTransform: /home/runner/.gradle/caches/8.9/transforms/43f96024b17e0287d88952f86f033a8f/transformed/lifecycle-livedata-core-2.8.6-runtime.jar because:
  Caching not enabled.
Transforming lifecycle-livedata-core-2.8.6.aar (androidx.lifecycle:lifecycle-livedata-core:2.8.6) with DexingNoClasspathTransform
Build cache key for DexingNoClasspathTransform: /home/runner/.gradle/caches/8.9/transforms/43f96024b17e0287d88952f86f033a8f/transformed/lifecycle-livedata-core-2.8.6-runtime.jar is 73130c979f557d88bdf8849589dc7fc1
Running dexing transform non-incrementally for '/home/runner/.gradle/caches/8.9/transforms/43f96024b17e0287d88952f86f033a8f/transformed/lifecycle-livedata-core-2.8.6-runtime.jar'
Stored cache entry for DexingNoClasspathTransform: /home/runner/.gradle/caches/8.9/transforms/43f96024b17e0287d88952f86f033a8f/transformed/lifecycle-livedata-core-2.8.6-runtime.jar with cache key 73130c979f557d88bdf8849589dc7fc1
Transforming lifecycle-livedata-core-2.8.6.aar (androidx.lifecycle:lifecycle-livedata-core:2.8.6) with DexingOutputSplitTransform
Caching disabled for DexingOutputSplitTransform: /home/runner/.gradle/caches/8.9/transforms/4c28c398f930f2664a54e21626d342a7/transformed/lifecycle-livedata-core-2.8.6-runtime because:
  Caching not enabled.
Caching disabled for IdentityTransform: /home/runner/.gradle/caches/8.9/transforms/c969ecd7eb35afb20d1e78ff391bf14b/transformed/lifecycle-viewmodel-ktx-2.8.6-runtime.jar because:
  Caching not enabled.
Transforming lifecycle-viewmodel-ktx-2.8.6.aar (androidx.lifecycle:lifecycle-viewmodel-ktx:2.8.6) with DexingNoClasspathTransform
Build cache key for DexingNoClasspathTransform: /home/runner/.gradle/caches/8.9/transforms/c969ecd7eb35afb20d1e78ff391bf14b/transformed/lifecycle-viewmodel-ktx-2.8.6-runtime.jar is d99534094f44be06dab9141191a18b0b
Running dexing transform non-incrementally for '/home/runner/.gradle/caches/8.9/transforms/c969ecd7eb35afb20d1e78ff391bf14b/transformed/lifecycle-viewmodel-ktx-2.8.6-runtime.jar'
Stored cache entry for DexingNoClasspathTransform: /home/runner/.gradle/caches/8.9/transforms/c969ecd7eb35afb20d1e78ff391bf14b/transformed/lifecycle-viewmodel-ktx-2.8.6-runtime.jar with cache key d99534094f44be06dab9141191a18b0b
Transforming lifecycle-viewmodel-ktx-2.8.6.aar (androidx.lifecycle:lifecycle-viewmodel-ktx:2.8.6) with DexingOutputSplitTransform
Caching disabled for DexingOutputSplitTransform: /home/runner/.gradle/caches/8.9/transforms/175721c15594ee7f1bfd4d649e3ed799/transformed/lifecycle-viewmodel-ktx-2.8.6-runtime because:
  Caching not enabled.
Caching disabled for IdentityTransform: /home/runner/.gradle/caches/8.9/transforms/1f190ba64a1f6dfa347c960653d401de/transformed/lifecycle-viewmodel-savedstate-2.8.6-runtime.jar because:
  Caching not enabled.
Transforming lifecycle-viewmodel-savedstate-2.8.6.aar (androidx.lifecycle:lifecycle-viewmodel-savedstate:2.8.6) with DexingNoClasspathTransform
Build cache key for DexingNoClasspathTransform: /home/runner/.gradle/caches/8.9/transforms/1f190ba64a1f6dfa347c960653d401de/transformed/lifecycle-viewmodel-savedstate-2.8.6-runtime.jar is 2abcf55577e8dbacdb140073fef9300a
Running dexing transform non-incrementally for '/home/runner/.gradle/caches/8.9/transforms/1f190ba64a1f6dfa347c960653d401de/transformed/lifecycle-viewmodel-savedstate-2.8.6-runtime.jar'
Stored cache entry for DexingNoClasspathTransform: /home/runner/.gradle/caches/8.9/transforms/23e30ddcf048122f20c47cb883852f4b/transformed/lifecycle-runtime-release-runtime.jar with cache key 95793c827978f95c64076dca4ea2ba28
Transforming lifecycle-runtime-release.aar (androidx.lifecycle:lifecycle-runtime-android:2.8.6) with DexingOutputSplitTransform
Caching disabled for DexingOutputSplitTransform: /home/runner/.gradle/caches/8.9/transforms/5d6244225ba3e994381b72b78a3bc20d/transformed/lifecycle-runtime-release-runtime because:
  Caching not enabled.
Caching disabled for IdentityTransform: /home/runner/.gradle/caches/8.9/transforms/93980fa6a70df18531792d13f20ee1e1/transformed/lifecycle-runtime-compose-release-runtime.jar because:
  Caching not enabled.
Transforming lifecycle-runtime-compose-release.aar (androidx.lifecycle:lifecycle-runtime-compose-android:2.8.6) with DexingNoClasspathTransform
Build cache key for DexingNoClasspathTransform: /home/runner/.gradle/caches/8.9/transforms/93980fa6a70df18531792d13f20ee1e1/transformed/lifecycle-runtime-compose-release-runtime.jar is d2b4948e60bbe3e416f682f0a63c6440
Running dexing transform non-incrementally for '/home/runner/.gradle/caches/8.9/transforms/93980fa6a70df18531792d13f20ee1e1/transformed/lifecycle-runtime-compose-release-runtime.jar'
Stored cache entry for DexingNoClasspathTransform: /home/runner/.gradle/caches/8.9/transforms/1f190ba64a1f6dfa347c960653d401de/transformed/lifecycle-viewmodel-savedstate-2.8.6-runtime.jar with cache key 2abcf55577e8dbacdb140073fef9300a
Transforming lifecycle-viewmodel-savedstate-2.8.6.aar (androidx.lifecycle:lifecycle-viewmodel-savedstate:2.8.6) with DexingOutputSplitTransform
Caching disabled for DexingOutputSplitTransform: /home/runner/.gradle/caches/8.9/transforms/505905cf5bad31bfaa039d3e30fe737d/transformed/lifecycle-viewmodel-savedstate-2.8.6-runtime because:
  Caching not enabled.
Caching disabled for IdentityTransform: /home/runner/.gradle/caches/8.9/transforms/e6b7014a186bd8273db5c8b74689ff89/transformed/lifecycle-runtime-ktx-release-runtime.jar because:
  Caching not enabled.
Transforming lifecycle-runtime-ktx-release.aar (androidx.lifecycle:lifecycle-runtime-ktx-android:2.8.6) with DexingNoClasspathTransform
Build cache key for DexingNoClasspathTransform: /home/runner/.gradle/caches/8.9/transforms/e6b7014a186bd8273db5c8b74689ff89/transformed/lifecycle-runtime-ktx-release-runtime.jar is 510f2adcde395987460f259cc189e07c
Running dexing transform non-incrementally for '/home/runner/.gradle/caches/8.9/transforms/e6b7014a186bd8273db5c8b74689ff89/transformed/lifecycle-runtime-ktx-release-runtime.jar'
Stored cache entry for DexingNoClasspathTransform: /home/runner/.gradle/caches/8.9/transforms/e6b7014a186bd8273db5c8b74689ff89/transformed/lifecycle-runtime-ktx-release-runtime.jar with cache key 510f2adcde395987460f259cc189e07c
Transforming lifecycle-runtime-ktx-release.aar (androidx.lifecycle:lifecycle-runtime-ktx-android:2.8.6) with DexingOutputSplitTransform
Caching disabled for DexingOutputSplitTransform: /home/runner/.gradle/caches/8.9/transforms/b42aab6141b8c73f1d63a44a8d2bab60/transformed/lifecycle-runtime-ktx-release-runtime because:
  Caching not enabled.
Caching disabled for IdentityTransform: /home/runner/.gradle/caches/8.9/transforms/c6f34b630bf206f163230c59c7983539/transformed/lifecycle-viewmodel-compose-release-runtime.jar because:
  Caching not enabled.
Transforming lifecycle-viewmodel-compose-release.aar (androidx.lifecycle:lifecycle-viewmodel-compose-android:2.8.6) with DexingNoClasspathTransform
Build cache key for DexingNoClasspathTransform: /home/runner/.gradle/caches/8.9/transforms/c6f34b630bf206f163230c59c7983539/transformed/lifecycle-viewmodel-compose-release-runtime.jar is c7807d89533f59e9c0fafbe432b05835
Running dexing transform non-incrementally for '/home/runner/.gradle/caches/8.9/transforms/c6f34b630bf206f163230c59c7983539/transformed/lifecycle-viewmodel-compose-release-runtime.jar'
Stored cache entry for DexingNoClasspathTransform: /home/runner/.gradle/caches/8.9/transforms/c6f34b630bf206f163230c59c7983539/transformed/lifecycle-viewmodel-compose-release-runtime.jar with cache key c7807d89533f59e9c0fafbe432b05835
Transforming lifecycle-viewmodel-compose-release.aar (androidx.lifecycle:lifecycle-viewmodel-compose-android:2.8.6) with DexingOutputSplitTransform
Caching disabled for DexingOutputSplitTransform: /home/runner/.gradle/caches/8.9/transforms/9ae860ff1a1e8279cabee983026347b8/transformed/lifecycle-viewmodel-compose-release-runtime because:
  Caching not enabled.
Caching disabled for IdentityTransform: /home/runner/.gradle/caches/8.9/transforms/ff334b94275f64ca219209bf495c3ab6/transformed/material-icons-extended-release-runtime.jar because:
  Caching not enabled.
Transforming material-icons-extended-release.aar (androidx.compose.material:material-icons-extended-android:1.7.5) with DexingNoClasspathTransform
Build cache key for DexingNoClasspathTransform: /home/runner/.gradle/caches/8.9/transforms/ff334b94275f64ca219209bf495c3ab6/transformed/material-icons-extended-release-runtime.jar is cce84698f33bfe87c24d1e3ccef2787b
Running dexing transform non-incrementally for '/home/runner/.gradle/caches/8.9/transforms/ff334b94275f64ca219209bf495c3ab6/transformed/material-icons-extended-release-runtime.jar'
Stored cache entry for DexingNoClasspathTransform: /home/runner/.gradle/caches/8.9/transforms/93980fa6a70df18531792d13f20ee1e1/transformed/lifecycle-runtime-compose-release-runtime.jar with cache key d2b4948e60bbe3e416f682f0a63c6440
Transforming lifecycle-runtime-compose-release.aar (androidx.lifecycle:lifecycle-runtime-compose-android:2.8.6) with DexingOutputSplitTransform
Caching disabled for DexingOutputSplitTransform: /home/runner/.gradle/caches/8.9/transforms/1c853e0ea579b7b601fc2985ea65e330/transformed/lifecycle-runtime-compose-release-runtime because:
  Caching not enabled.
Caching disabled for IdentityTransform: /home/runner/.gradle/caches/8.9/transforms/ba20c074d5796729cca2d251b89153cb/transformed/material-icons-core-release-runtime.jar because:
  Caching not enabled.
Transforming material-icons-core-release.aar (androidx.compose.material:material-icons-core-android:1.7.5) with DexingNoClasspathTransform
Build cache key for DexingNoClasspathTransform: /home/runner/.gradle/caches/8.9/transforms/ba20c074d5796729cca2d251b89153cb/transformed/material-icons-core-release-runtime.jar is acface9bb59b7ac97982f81bb56682f4
Running dexing transform non-incrementally for '/home/runner/.gradle/caches/8.9/transforms/ba20c074d5796729cca2d251b89153cb/transformed/material-icons-core-release-runtime.jar'
Stored cache entry for DexingNoClasspathTransform: /home/runner/.gradle/caches/8.9/transforms/ba20c074d5796729cca2d251b89153cb/transformed/material-icons-core-release-runtime.jar with cache key acface9bb59b7ac97982f81bb56682f4
Transforming material-icons-core-release.aar (androidx.compose.material:material-icons-core-android:1.7.5) with DexingOutputSplitTransform
Caching disabled for DexingOutputSplitTransform: /home/runner/.gradle/caches/8.9/transforms/d3d73f4892772239062ee411b3486bd3/transformed/material-icons-core-release-runtime because:
  Caching not enabled.
Caching disabled for IdentityTransform: /home/runner/.gradle/caches/8.9/transforms/59fc71cf5dbbea213fae92011c716c4a/transformed/ui-release-runtime.jar because:
  Caching not enabled.
Transforming ui-release.aar (androidx.compose.ui:ui-android:1.7.5) with DexingNoClasspathTransform
Build cache key for DexingNoClasspathTransform: /home/runner/.gradle/caches/8.9/transforms/59fc71cf5dbbea213fae92011c716c4a/transformed/ui-release-runtime.jar is 253d08bce9a11701056d41c949040c32
Running dexing transform non-incrementally for '/home/runner/.gradle/caches/8.9/transforms/59fc71cf5dbbea213fae92011c716c4a/transformed/ui-release-runtime.jar'
Stored cache entry for DexingNoClasspathTransform: /home/runner/.gradle/caches/8.9/transforms/9d18f1f9c6c88db622b2ba53c4324149/transformed/foundation-release-runtime.jar with cache key 7737874390a4c3ff6a28d763ee645609
Transforming foundation-release.aar (androidx.compose.foundation:foundation-android:1.7.5) with DexingOutputSplitTransform
Caching disabled for DexingOutputSplitTransform: /home/runner/.gradle/caches/8.9/transforms/52cfd74848c07d869e40d68d66322f00/transformed/foundation-release-runtime because:
  Caching not enabled.
Caching disabled for IdentityTransform: /home/runner/.gradle/caches/8.9/transforms/73c906d19d06e05eb41c5a51ceed21bd/transformed/viewpager-1.0.0-runtime.jar because:
  Caching not enabled.
Transforming viewpager-1.0.0.aar (androidx.viewpager:viewpager:1.0.0) with DexingNoClasspathTransform
Build cache key for DexingNoClasspathTransform: /home/runner/.gradle/caches/8.9/transforms/73c906d19d06e05eb41c5a51ceed21bd/transformed/viewpager-1.0.0-runtime.jar is caae0775ad6327d0fbbaaf8375cfdd80
Running dexing transform non-incrementally for '/home/runner/.gradle/caches/8.9/transforms/73c906d19d06e05eb41c5a51ceed21bd/transformed/viewpager-1.0.0-runtime.jar'
INFO: D8: Stripped invalid locals information from 1 method.
INFO: /home/runner/.gradle/caches/8.9/transforms/73c906d19d06e05eb41c5a51ceed21bd/transformed/viewpager-1.0.0-runtime.jar: D8: Methods with invalid locals information:
  void androidx.viewpager.widget.PagerTitleStrip.updateTextPositions(int, float, boolean)
  Information in locals-table is invalid with respect to the stack map table. Local refers to non-present stack map type for register: 37 with constraint INT.
INFO: D8: Some warnings are typically a sign of using an outdated Java toolchain. To fix, recompile the source with an updated toolchain.
Stored cache entry for DexingNoClasspathTransform: /home/runner/.gradle/caches/8.9/transforms/73c906d19d06e05eb41c5a51ceed21bd/transformed/viewpager-1.0.0-runtime.jar with cache key caae0775ad6327d0fbbaaf8375cfdd80
Transforming viewpager-1.0.0.aar (androidx.viewpager:viewpager:1.0.0) with DexingOutputSplitTransform
Caching disabled for DexingOutputSplitTransform: /home/runner/.gradle/caches/8.9/transforms/88054368869899a97aa1e61eacef9bd7/transformed/viewpager-1.0.0-runtime because:
  Caching not enabled.
Caching disabled for IdentityTransform: /home/runner/.gradle/caches/8.9/transforms/5de0462788949841531e48444fbcbd71/transformed/autofill-1.0.0-runtime.jar because:
  Caching not enabled.
Transforming autofill-1.0.0.aar (androidx.autofill:autofill:1.0.0) with DexingNoClasspathTransform
Build cache key for DexingNoClasspathTransform: /home/runner/.gradle/caches/8.9/transforms/5de0462788949841531e48444fbcbd71/transformed/autofill-1.0.0-runtime.jar is 9b62267cf2bc8d18d897e7d52e410b0b
Running dexing transform non-incrementally for '/home/runner/.gradle/caches/8.9/transforms/5de0462788949841531e48444fbcbd71/transformed/autofill-1.0.0-runtime.jar'
Stored cache entry for DexingNoClasspathTransform: /home/runner/.gradle/caches/8.9/transforms/5de0462788949841531e48444fbcbd71/transformed/autofill-1.0.0-runtime.jar with cache key 9b62267cf2bc8d18d897e7d52e410b0b
Transforming autofill-1.0.0.aar (androidx.autofill:autofill:1.0.0) with DexingOutputSplitTransform
Caching disabled for DexingOutputSplitTransform: /home/runner/.gradle/caches/8.9/transforms/d83074d08b94376d1027e51d3ea0bc34/transformed/autofill-1.0.0-runtime because:
  Caching not enabled.
Caching disabled for IdentityTransform: /home/runner/.gradle/caches/8.9/transforms/5b5a752b5d709d370022481a613604c1/transformed/graphics-path-1.0.1-runtime.jar because:
  Caching not enabled.
Transforming graphics-path-1.0.1.aar (androidx.graphics:graphics-path:1.0.1) with DexingNoClasspathTransform
Build cache key for DexingNoClasspathTransform: /home/runner/.gradle/caches/8.9/transforms/5b5a752b5d709d370022481a613604c1/transformed/graphics-path-1.0.1-runtime.jar is fe9ad87354df2638704b1d794ebc6f03
Running dexing transform non-incrementally for '/home/runner/.gradle/caches/8.9/transforms/5b5a752b5d709d370022481a613604c1/transformed/graphics-path-1.0.1-runtime.jar'
Stored cache entry for DexingNoClasspathTransform: /home/runner/.gradle/caches/8.9/transforms/5b5a752b5d709d370022481a613604c1/transformed/graphics-path-1.0.1-runtime.jar with cache key fe9ad87354df2638704b1d794ebc6f03
Transforming graphics-path-1.0.1.aar (androidx.graphics:graphics-path:1.0.1) with DexingOutputSplitTransform
Caching disabled for DexingOutputSplitTransform: /home/runner/.gradle/caches/8.9/transforms/79cb7ec37890520ab680bb69709c0a2e/transformed/graphics-path-1.0.1-runtime because:
  Caching not enabled.
Caching disabled for IdentityTransform: /home/runner/.gradle/caches/8.9/transforms/b56e1d5ed496bc453167a642670733b4/transformed/customview-1.0.0-runtime.jar because:
  Caching not enabled.
Transforming customview-1.0.0.aar (androidx.customview:customview:1.0.0) with DexingNoClasspathTransform
Build cache key for DexingNoClasspathTransform: /home/runner/.gradle/caches/8.9/transforms/b56e1d5ed496bc453167a642670733b4/transformed/customview-1.0.0-runtime.jar is 60a955d3d97730d34d9041bbe3c1881a
Running dexing transform non-incrementally for '/home/runner/.gradle/caches/8.9/transforms/b56e1d5ed496bc453167a642670733b4/transformed/customview-1.0.0-runtime.jar'
Stored cache entry for DexingNoClasspathTransform: /home/runner/.gradle/caches/8.9/transforms/b56e1d5ed496bc453167a642670733b4/transformed/customview-1.0.0-runtime.jar with cache key 60a955d3d97730d34d9041bbe3c1881a
Transforming customview-1.0.0.aar (androidx.customview:customview:1.0.0) with DexingOutputSplitTransform
Caching disabled for DexingOutputSplitTransform: /home/runner/.gradle/caches/8.9/transforms/41a9883b04631590f434db996d0aa240/transformed/customview-1.0.0-runtime because:
  Caching not enabled.
Caching disabled for IdentityTransform: /home/runner/.gradle/caches/8.9/transforms/90e0ebffe9bd8085bcdda603759f137f/transformed/core-1.13.1-runtime.jar because:
  Caching not enabled.
Transforming core-1.13.1.aar (androidx.core:core:1.13.1) with DexingNoClasspathTransform
Build cache key for DexingNoClasspathTransform: /home/runner/.gradle/caches/8.9/transforms/90e0ebffe9bd8085bcdda603759f137f/transformed/core-1.13.1-runtime.jar is 94cdec1082674527ccc7bccb15c5548a
Running dexing transform non-incrementally for '/home/runner/.gradle/caches/8.9/transforms/90e0ebffe9bd8085bcdda603759f137f/transformed/core-1.13.1-runtime.jar'
Stored cache entry for DexingNoClasspathTransform: /home/runner/.gradle/caches/8.9/transforms/9a4fce06aaee62d3dd574bb3d88c9bfe/transformed/material3-release-runtime.jar with cache key 46a281127ab3e763588929e2b61e5eb3
Transforming material3-release.aar (androidx.compose.material3:material3-android:1.3.1) with DexingOutputSplitTransform
Caching disabled for DexingOutputSplitTransform: /home/runner/.gradle/caches/8.9/transforms/a72a7b6038194473e9afa89822879d20/transformed/material3-release-runtime because:
  Caching not enabled.
Transforming core-1.13.1.aar (androidx.core:core:1.13.1) with DexingNoClasspathTransform
Stored cache entry for DexingNoClasspathTransform: /home/runner/.gradle/caches/8.9/transforms/90e0ebffe9bd8085bcdda603759f137f/transformed/core-1.13.1-runtime.jar with cache key 94cdec1082674527ccc7bccb15c5548a
Transforming core-1.13.1.aar (androidx.core:core:1.13.1) with DexingOutputSplitTransform
Caching disabled for DexingOutputSplitTransform: /home/runner/.gradle/caches/8.9/transforms/45e40f33ee3e252de537b445c377280f/transformed/core-1.13.1-runtime because:
  Caching not enabled.
Transforming core-1.13.1.aar (androidx.core:core:1.13.1) with DexingOutputSplitTransform
Caching disabled for IdentityTransform: /home/runner/.gradle/caches/8.9/transforms/5d6dd35c01c6d4090f44c2b41bcd0a9c/transformed/customview-poolingcontainer-1.0.0-runtime.jar because:
  Caching not enabled.
Caching disabled for IdentityTransform: /home/runner/.gradle/caches/8.9/transforms/d912ca665604123d9aedbf16078886a2/transformed/core-ktx-1.13.1-runtime.jar because:
  Caching not enabled.
Transforming customview-poolingcontainer-1.0.0.aar (androidx.customview:customview-poolingcontainer:1.0.0) with DexingNoClasspathTransform
Transforming core-ktx-1.13.1.aar (androidx.core:core-ktx:1.13.1) with DexingNoClasspathTransform
Build cache key for DexingNoClasspathTransform: /home/runner/.gradle/caches/8.9/transforms/5d6dd35c01c6d4090f44c2b41bcd0a9c/transformed/customview-poolingcontainer-1.0.0-runtime.jar is 06fab1bd07d093b7fc53cfc62b9d0e6d
Build cache key for DexingNoClasspathTransform: /home/runner/.gradle/caches/8.9/transforms/d912ca665604123d9aedbf16078886a2/transformed/core-ktx-1.13.1-runtime.jar is 2b6aac5cecf9703d9c865e2ecd38f628
Running dexing transform non-incrementally for '/home/runner/.gradle/caches/8.9/transforms/d912ca665604123d9aedbf16078886a2/transformed/core-ktx-1.13.1-runtime.jar'
Running dexing transform non-incrementally for '/home/runner/.gradle/caches/8.9/transforms/5d6dd35c01c6d4090f44c2b41bcd0a9c/transformed/customview-poolingcontainer-1.0.0-runtime.jar'
Stored cache entry for DexingNoClasspathTransform: /home/runner/.gradle/caches/8.9/transforms/5d6dd35c01c6d4090f44c2b41bcd0a9c/transformed/customview-poolingcontainer-1.0.0-runtime.jar with cache key 06fab1bd07d093b7fc53cfc62b9d0e6d
Transforming customview-poolingcontainer-1.0.0.aar (androidx.customview:customview-poolingcontainer:1.0.0) with DexingOutputSplitTransform
Caching disabled for DexingOutputSplitTransform: /home/runner/.gradle/caches/8.9/transforms/11df847f32cd9879d1cfa450e749bd5b/transformed/customview-poolingcontainer-1.0.0-runtime because:
  Caching not enabled.
Build cache key for DexingNoClasspathTransform: /home/runner/.gradle/caches/modules-2/files-2.1/androidx.room/room-common/2.6.1/ff1b9580850a9b7eef56554e356628d225785265/room-common-2.6.1.jar is 381934e0529946fb2d14b7c552bcb460
Running dexing transform non-incrementally for '/home/runner/.gradle/caches/modules-2/files-2.1/androidx.room/room-common/2.6.1/ff1b9580850a9b7eef56554e356628d225785265/room-common-2.6.1.jar'
Stored cache entry for DexingNoClasspathTransform: /home/runner/.gradle/caches/modules-2/files-2.1/androidx.room/room-common/2.6.1/ff1b9580850a9b7eef56554e356628d225785265/room-common-2.6.1.jar with cache key 381934e0529946fb2d14b7c552bcb460
Transforming room-common-2.6.1.jar (androidx.room:room-common:2.6.1) with DexingOutputSplitTransform
Caching disabled for DexingOutputSplitTransform: /home/runner/.gradle/caches/8.9/transforms/6b0507892e66199deb7ad7597292ae33/transformed/room-common-2.6.1 because:
  Caching not enabled.
Caching disabled for IdentityTransform: /home/runner/.gradle/caches/8.9/transforms/c489409e9f1c1e0ab78ff91c4308b0fa/transformed/room-runtime-2.6.1-runtime.jar because:
  Caching not enabled.
Transforming room-runtime-2.6.1.aar (androidx.room:room-runtime:2.6.1) with DexingNoClasspathTransform
Build cache key for DexingNoClasspathTransform: /home/runner/.gradle/caches/8.9/transforms/c489409e9f1c1e0ab78ff91c4308b0fa/transformed/room-runtime-2.6.1-runtime.jar is 96f5c323e03313fb6e0b123d3ddc04d9
Running dexing transform non-incrementally for '/home/runner/.gradle/caches/8.9/transforms/c489409e9f1c1e0ab78ff91c4308b0fa/transformed/room-runtime-2.6.1-runtime.jar'
Stored cache entry for DexingNoClasspathTransform: /home/runner/.gradle/caches/8.9/transforms/d912ca665604123d9aedbf16078886a2/transformed/core-ktx-1.13.1-runtime.jar with cache key 2b6aac5cecf9703d9c865e2ecd38f628
Transforming core-ktx-1.13.1.aar (androidx.core:core-ktx:1.13.1) with DexingOutputSplitTransform
Caching disabled for DexingOutputSplitTransform: /home/runner/.gradle/caches/8.9/transforms/6380d50f1833095b44c89e1948c3bc35/transformed/core-ktx-1.13.1-runtime because:
  Caching not enabled.
Caching disabled for IdentityTransform: /home/runner/.gradle/caches/8.9/transforms/34a2fdbe934420a2f56188a732aa3161/transformed/room-ktx-2.6.1-runtime.jar because:
  Caching not enabled.
Transforming room-ktx-2.6.1.aar (androidx.room:room-ktx:2.6.1) with DexingNoClasspathTransform
Build cache key for DexingNoClasspathTransform: /home/runner/.gradle/caches/8.9/transforms/34a2fdbe934420a2f56188a732aa3161/transformed/room-ktx-2.6.1-runtime.jar is 93885658e527b6f885c2b9a44c05ecea
Running dexing transform non-incrementally for '/home/runner/.gradle/caches/8.9/transforms/34a2fdbe934420a2f56188a732aa3161/transformed/room-ktx-2.6.1-runtime.jar'
Stored cache entry for DexingNoClasspathTransform: /home/runner/.gradle/caches/8.9/transforms/34a2fdbe934420a2f56188a732aa3161/transformed/room-ktx-2.6.1-runtime.jar with cache key 93885658e527b6f885c2b9a44c05ecea
Transforming room-ktx-2.6.1.aar (androidx.room:room-ktx:2.6.1) with DexingOutputSplitTransform
Caching disabled for DexingOutputSplitTransform: /home/runner/.gradle/caches/8.9/transforms/f949a7cf4e81cd48a4e3699a264d7cdf/transformed/room-ktx-2.6.1-runtime because:
  Caching not enabled.
Caching disabled for IdentityTransform: /home/runner/.gradle/caches/8.9/transforms/43c7877d176eb4c4a48c40d8a510a9f9/transformed/runtime-saveable-release-runtime.jar because:
  Caching not enabled.
Transforming runtime-saveable-release.aar (androidx.compose.runtime:runtime-saveable-android:1.7.5) with DexingNoClasspathTransform
Build cache key for DexingNoClasspathTransform: /home/runner/.gradle/caches/8.9/transforms/43c7877d176eb4c4a48c40d8a510a9f9/transformed/runtime-saveable-release-runtime.jar is b74752dd9eb8dddd73a3181f7ea61523
Running dexing transform non-incrementally for '/home/runner/.gradle/caches/8.9/transforms/43c7877d176eb4c4a48c40d8a510a9f9/transformed/runtime-saveable-release-runtime.jar'
Stored cache entry for DexingNoClasspathTransform: /home/runner/.gradle/caches/8.9/transforms/43c7877d176eb4c4a48c40d8a510a9f9/transformed/runtime-saveable-release-runtime.jar with cache key b74752dd9eb8dddd73a3181f7ea61523
Transforming runtime-saveable-release.aar (androidx.compose.runtime:runtime-saveable-android:1.7.5) with DexingOutputSplitTransform
Caching disabled for DexingOutputSplitTransform: /home/runner/.gradle/caches/8.9/transforms/26c21d10addd21db7db4382b33966396/transformed/runtime-saveable-release-runtime because:
  Caching not enabled.
Caching disabled for IdentityTransform: /home/runner/.gradle/caches/8.9/transforms/1971ce40ed2447f2f6c342b7a320d6f5/transformed/runtime-release-runtime.jar because:
  Caching not enabled.
Transforming runtime-release.aar (androidx.compose.runtime:runtime-android:1.7.5) with DexingNoClasspathTransform
Build cache key for DexingNoClasspathTransform: /home/runner/.gradle/caches/8.9/transforms/1971ce40ed2447f2f6c342b7a320d6f5/transformed/runtime-release-runtime.jar is 7fc9c987ac333de4380f16fd4678fa4f
Running dexing transform non-incrementally for '/home/runner/.gradle/caches/8.9/transforms/1971ce40ed2447f2f6c342b7a320d6f5/transformed/runtime-release-runtime.jar'
Stored cache entry for DexingNoClasspathTransform: /home/runner/.gradle/caches/8.9/transforms/c489409e9f1c1e0ab78ff91c4308b0fa/transformed/room-runtime-2.6.1-runtime.jar with cache key 96f5c323e03313fb6e0b123d3ddc04d9
Transforming room-runtime-2.6.1.aar (androidx.room:room-runtime:2.6.1) with DexingOutputSplitTransform
Caching disabled for DexingOutputSplitTransform: /home/runner/.gradle/caches/8.9/transforms/e385e1bf5494e0145d8d2ec97a56d3e4/transformed/room-runtime-2.6.1-runtime because:
  Caching not enabled.
Build cache key for DexingNoClasspathTransform: /home/runner/.gradle/caches/modules-2/files-2.1/org.jetbrains.kotlinx/kotlinx-coroutines-core-jvm/1.8.1/bb0e192bd7c2b6b8217440d36e9758e377e450/kotlinx-coroutines-core-jvm-1.8.1.jar is 9dea366bea41663497222790e73c580b
Running dexing transform non-incrementally for '/home/runner/.gradle/caches/modules-2/files-2.1/org.jetbrains.kotlinx/kotlinx-coroutines-core-jvm/1.8.1/bb0e192bd7c2b6b8217440d36e9758e377e450/kotlinx-coroutines-core-jvm-1.8.1.jar'
Stored cache entry for DexingNoClasspathTransform: /home/runner/.gradle/caches/8.9/transforms/59fc71cf5dbbea213fae92011c716c4a/transformed/ui-release-runtime.jar with cache key 253d08bce9a11701056d41c949040c32
Transforming ui-release.aar (androidx.compose.ui:ui-android:1.7.5) with DexingOutputSplitTransform
Caching disabled for DexingOutputSplitTransform: /home/runner/.gradle/caches/8.9/transforms/2d8c25dae48ec3f0d6f9ea89f31366cb/transformed/ui-release-runtime because:
  Caching not enabled.
Build cache key for DexingNoClasspathTransform: /home/runner/.gradle/caches/modules-2/files-2.1/org.jetbrains.kotlinx/kotlinx-coroutines-android/1.8.1/73e2acdd18df99dd4849d99f188dff529fc0afe0/kotlinx-coroutines-android-1.8.1.jar is 05874223d17dbafd5e08cab1c657f803
Running dexing transform non-incrementally for '/home/runner/.gradle/caches/modules-2/files-2.1/org.jetbrains.kotlinx/kotlinx-coroutines-android/1.8.1/73e2acdd18df99dd4849d99f188dff529fc0afe0/kotlinx-coroutines-android-1.8.1.jar'
Stored cache entry for DexingNoClasspathTransform: /home/runner/.gradle/caches/modules-2/files-2.1/org.jetbrains.kotlinx/kotlinx-coroutines-android/1.8.1/73e2acdd18df99dd4849d99f188dff529fc0afe0/kotlinx-coroutines-android-1.8.1.jar with cache key 05874223d17dbafd5e08cab1c657f803
Transforming kotlinx-coroutines-android-1.8.1.jar (org.jetbrains.kotlinx:kotlinx-coroutines-android:1.8.1) with DexingOutputSplitTransform
Caching disabled for DexingOutputSplitTransform: /home/runner/.gradle/caches/8.9/transforms/8203ae74bd1db2917b020b1714e69f4e/transformed/kotlinx-coroutines-android-1.8.1 because:
  Caching not enabled.
Caching disabled for IdentityTransform: /home/runner/.gradle/caches/8.9/transforms/c2ed9b450640e4c54130f62b42d0cb85/transformed/sqlite-framework-2.4.0-runtime.jar because:
  Caching not enabled.
Transforming sqlite-framework-2.4.0.aar (androidx.sqlite:sqlite-framework:2.4.0) with DexingNoClasspathTransform
Build cache key for DexingNoClasspathTransform: /home/runner/.gradle/caches/8.9/transforms/c2ed9b450640e4c54130f62b42d0cb85/transformed/sqlite-framework-2.4.0-runtime.jar is 63d4349109eec5da27e5ddef34895f17
Running dexing transform non-incrementally for '/home/runner/.gradle/caches/8.9/transforms/c2ed9b450640e4c54130f62b42d0cb85/transformed/sqlite-framework-2.4.0-runtime.jar'
Stored cache entry for DexingNoClasspathTransform: /home/runner/.gradle/caches/8.9/transforms/c2ed9b450640e4c54130f62b42d0cb85/transformed/sqlite-framework-2.4.0-runtime.jar with cache key 63d4349109eec5da27e5ddef34895f17
Transforming sqlite-framework-2.4.0.aar (androidx.sqlite:sqlite-framework:2.4.0) with DexingOutputSplitTransform
Caching disabled for DexingOutputSplitTransform: /home/runner/.gradle/caches/8.9/transforms/714922baaa432553efb241968a284c1a/transformed/sqlite-framework-2.4.0-runtime because:
  Caching not enabled.
Caching disabled for IdentityTransform: /home/runner/.gradle/caches/8.9/transforms/88f919e0d718aa77615cf59e86d41f23/transformed/sqlite-2.4.0-runtime.jar because:
  Caching not enabled.
Transforming sqlite-2.4.0.aar (androidx.sqlite:sqlite:2.4.0) with DexingNoClasspathTransform
Build cache key for DexingNoClasspathTransform: /home/runner/.gradle/caches/8.9/transforms/88f919e0d718aa77615cf59e86d41f23/transformed/sqlite-2.4.0-runtime.jar is f2c20fce8e5ccb3b158b42d12b9f39b4
Running dexing transform non-incrementally for '/home/runner/.gradle/caches/8.9/transforms/88f919e0d718aa77615cf59e86d41f23/transformed/sqlite-2.4.0-runtime.jar'
Stored cache entry for DexingNoClasspathTransform: /home/runner/.gradle/caches/8.9/transforms/88f919e0d718aa77615cf59e86d41f23/transformed/sqlite-2.4.0-runtime.jar with cache key f2c20fce8e5ccb3b158b42d12b9f39b4
Transforming sqlite-2.4.0.aar (androidx.sqlite:sqlite:2.4.0) with DexingOutputSplitTransform
Caching disabled for DexingOutputSplitTransform: /home/runner/.gradle/caches/8.9/transforms/0ca349bd7f5b296aea1878290882f4e4/transformed/sqlite-2.4.0-runtime because:
  Caching not enabled.
Build cache key for DexingNoClasspathTransform: /home/runner/.gradle/caches/modules-2/files-2.1/org.jetbrains.kotlinx/kotlinx-serialization-core-jvm/1.6.3/6b6c17d0312ba7192893adea9d52959941d0119b/kotlinx-serialization-core-jvm-1.6.3.jar is 45e0bf1b992e9cf9cfa94c6036ef6b97
Running dexing transform non-incrementally for '/home/runner/.gradle/caches/modules-2/files-2.1/org.jetbrains.kotlinx/kotlinx-serialization-core-jvm/1.6.3/6b6c17d0312ba7192893adea9d52959941d0119b/kotlinx-serialization-core-jvm-1.6.3.jar'
Stored cache entry for DexingNoClasspathTransform: /home/runner/.gradle/caches/modules-2/files-2.1/org.jetbrains.kotlinx/kotlinx-serialization-core-jvm/1.6.3/6b6c17d0312ba7192893adea9d52959941d0119b/kotlinx-serialization-core-jvm-1.6.3.jar with cache key 45e0bf1b992e9cf9cfa94c6036ef6b97
Transforming kotlinx-serialization-core-jvm-1.6.3.jar (org.jetbrains.kotlinx:kotlinx-serialization-core-jvm:1.6.3) with DexingOutputSplitTransform
Caching disabled for DexingOutputSplitTransform: /home/runner/.gradle/caches/8.9/transforms/33f808f6f854cd7120b546c1c1adba30/transformed/kotlinx-serialization-core-jvm-1.6.3 because:
  Caching not enabled.
Build cache key for DexingNoClasspathTransform: /home/runner/.gradle/caches/modules-2/files-2.1/com.squareup.okhttp3/okhttp/4.12.0/2f4525d4a200e97e1b87449c2cd9bd2e25b7e8cd/okhttp-4.12.0.jar is 33c123431b40d7b3fa05019938303e56
Running dexing transform non-incrementally for '/home/runner/.gradle/caches/modules-2/files-2.1/com.squareup.okhttp3/okhttp/4.12.0/2f4525d4a200e97e1b87449c2cd9bd2e25b7e8cd/okhttp-4.12.0.jar'
INFO: D8: Stripped invalid locals information from 2 methods.
INFO: /home/runner/.gradle/caches/modules-2/files-2.1/org.jetbrains.kotlinx/kotlinx-coroutines-core-jvm/1.8.1/bb0e192bd7c2b6b8217440d36e9758e377e450/kotlinx-coroutines-core-jvm-1.8.1.jar: D8: Methods with invalid locals information:
  java.lang.Object kotlinx.coroutines.flow.FlowKt__BuildersKt$asFlow$$inlined$unsafeFlow$10.collect(kotlinx.coroutines.flow.FlowCollector, kotlin.coroutines.Continuation)
  Attempt to define local of type long as element$iv:java.lang.Object
INFO: /home/runner/.gradle/caches/modules-2/files-2.1/org.jetbrains.kotlinx/kotlinx-coroutines-core-jvm/1.8.1/bb0e192bd7c2b6b8217440d36e9758e377e450/kotlinx-coroutines-core-jvm-1.8.1.jar: D8: Methods with invalid locals information:
  java.lang.Object kotlinx.coroutines.flow.FlowKt__BuildersKt$asFlow$$inlined$unsafeFlow$9.collect(kotlinx.coroutines.flow.FlowCollector, kotlin.coroutines.Continuation)
  Attempt to define local of type int as element$iv:java.lang.Object
INFO: D8: Some warnings are typically a sign of using an outdated Java toolchain. To fix, recompile the source with an updated toolchain.
Stored cache entry for DexingNoClasspathTransform: /home/runner/.gradle/caches/modules-2/files-2.1/org.jetbrains.kotlinx/kotlinx-coroutines-core-jvm/1.8.1/bb0e192bd7c2b6b8217440d36e9758e377e450/kotlinx-coroutines-core-jvm-1.8.1.jar with cache key 9dea366bea41663497222790e73c580b
Transforming kotlinx-coroutines-core-jvm-1.8.1.jar (org.jetbrains.kotlinx:kotlinx-coroutines-core-jvm:1.8.1) with DexingOutputSplitTransform
Caching disabled for DexingOutputSplitTransform: /home/runner/.gradle/caches/8.9/transforms/e61e89746de7cb82e2fddd24dcf488fd/transformed/kotlinx-coroutines-core-jvm-1.8.1 because:
  Caching not enabled.
Build cache key for DexingNoClasspathTransform: /home/runner/.gradle/caches/modules-2/files-2.1/com.squareup.okio/okio-jvm/3.6.0/5600569133b7bdefe1daf9ec7f4abeb6d13e1786/okio-jvm-3.6.0.jar is 81b729d7a7743cc5d269dd2768e3a240
Running dexing transform non-incrementally for '/home/runner/.gradle/caches/modules-2/files-2.1/com.squareup.okio/okio-jvm/3.6.0/5600569133b7bdefe1daf9ec7f4abeb6d13e1786/okio-jvm-3.6.0.jar'
Stored cache entry for DexingNoClasspathTransform: /home/runner/.gradle/caches/8.9/transforms/1971ce40ed2447f2f6c342b7a320d6f5/transformed/runtime-release-runtime.jar with cache key 7fc9c987ac333de4380f16fd4678fa4f
Transforming runtime-release.aar (androidx.compose.runtime:runtime-android:1.7.5) with DexingOutputSplitTransform
Caching disabled for DexingOutputSplitTransform: /home/runner/.gradle/caches/8.9/transforms/eff928170670f904d1d7dcd5fd93e68d/transformed/runtime-release-runtime because:
  Caching not enabled.
Caching disabled for IdentityTransform: /home/runner/.gradle/caches/8.9/transforms/4bcf04b559d3ef2258a0c17fe850b9be/transformed/annotation-experimental-1.4.1-runtime.jar because:
  Caching not enabled.
Transforming annotation-experimental-1.4.1.aar (androidx.annotation:annotation-experimental:1.4.1) with DexingNoClasspathTransform
Build cache key for DexingNoClasspathTransform: /home/runner/.gradle/caches/8.9/transforms/4bcf04b559d3ef2258a0c17fe850b9be/transformed/annotation-experimental-1.4.1-runtime.jar is dba631e564f94eca045bf048c511536a
Running dexing transform non-incrementally for '/home/runner/.gradle/caches/8.9/transforms/4bcf04b559d3ef2258a0c17fe850b9be/transformed/annotation-experimental-1.4.1-runtime.jar'
Stored cache entry for DexingNoClasspathTransform: /home/runner/.gradle/caches/8.9/transforms/4bcf04b559d3ef2258a0c17fe850b9be/transformed/annotation-experimental-1.4.1-runtime.jar with cache key dba631e564f94eca045bf048c511536a
Transforming annotation-experimental-1.4.1.aar (androidx.annotation:annotation-experimental:1.4.1) with DexingOutputSplitTransform
Caching disabled for DexingOutputSplitTransform: /home/runner/.gradle/caches/8.9/transforms/c8e17b2e72ed55ce7d1d2ead27e863ff/transformed/annotation-experimental-1.4.1-runtime because:
  Caching not enabled.
Build cache key for DexingNoClasspathTransform: /home/runner/.gradle/caches/modules-2/files-2.1/org.jetbrains.kotlin/kotlin-stdlib-jdk8/1.9.10/c7510d64a83411a649c76f2778304ddf71d7437b/kotlin-stdlib-jdk8-1.9.10.jar is 4bbc2dbfa8686b28a6d274b00650c51b
Running dexing transform non-incrementally for '/home/runner/.gradle/caches/modules-2/files-2.1/org.jetbrains.kotlin/kotlin-stdlib-jdk8/1.9.10/c7510d64a83411a649c76f2778304ddf71d7437b/kotlin-stdlib-jdk8-1.9.10.jar'
Stored cache entry for DexingNoClasspathTransform: /home/runner/.gradle/caches/modules-2/files-2.1/org.jetbrains.kotlin/kotlin-stdlib-jdk8/1.9.10/c7510d64a83411a649c76f2778304ddf71d7437b/kotlin-stdlib-jdk8-1.9.10.jar with cache key 4bbc2dbfa8686b28a6d274b00650c51b
Transforming kotlin-stdlib-jdk8-1.9.10.jar (org.jetbrains.kotlin:kotlin-stdlib-jdk8:1.9.10) with DexingOutputSplitTransform
Caching disabled for DexingOutputSplitTransform: /home/runner/.gradle/caches/8.9/transforms/6c1e6e503921ba06138f81ad63648cad/transformed/kotlin-stdlib-jdk8-1.9.10 because:
  Caching not enabled.
Caching disabled for IdentityTransform: /home/runner/.gradle/caches/8.9/transforms/38d16ecda390b3c5460b2c2135a95b15/transformed/versionedparcelable-1.1.1-runtime.jar because:
  Caching not enabled.
Transforming versionedparcelable-1.1.1.aar (androidx.versionedparcelable:versionedparcelable:1.1.1) with DexingNoClasspathTransform
Build cache key for DexingNoClasspathTransform: /home/runner/.gradle/caches/8.9/transforms/38d16ecda390b3c5460b2c2135a95b15/transformed/versionedparcelable-1.1.1-runtime.jar is a1561cc6aa9f3a0460deb7894c72e186
Running dexing transform non-incrementally for '/home/runner/.gradle/caches/8.9/transforms/38d16ecda390b3c5460b2c2135a95b15/transformed/versionedparcelable-1.1.1-runtime.jar'
Stored cache entry for DexingNoClasspathTransform: /home/runner/.gradle/caches/8.9/transforms/38d16ecda390b3c5460b2c2135a95b15/transformed/versionedparcelable-1.1.1-runtime.jar with cache key a1561cc6aa9f3a0460deb7894c72e186
Transforming versionedparcelable-1.1.1.aar (androidx.versionedparcelable:versionedparcelable:1.1.1) with DexingOutputSplitTransform
Caching disabled for DexingOutputSplitTransform: /home/runner/.gradle/caches/8.9/transforms/e7ba1c1575f01419af2e434523558235/transformed/versionedparcelable-1.1.1-runtime because:
  Caching not enabled.
Build cache key for DexingNoClasspathTransform: /home/runner/.gradle/caches/modules-2/files-2.1/androidx.collection/collection-ktx/1.4.4/2ad14aed781c4a73ed4dbb421966d408a0a06686/collection-ktx-1.4.4.jar is 0d97f491b5727ff731e5ed79252d9944
Running dexing transform non-incrementally for '/home/runner/.gradle/caches/modules-2/files-2.1/androidx.collection/collection-ktx/1.4.4/2ad14aed781c4a73ed4dbb421966d408a0a06686/collection-ktx-1.4.4.jar'
Stored cache entry for DexingNoClasspathTransform: /home/runner/.gradle/caches/modules-2/files-2.1/androidx.collection/collection-ktx/1.4.4/2ad14aed781c4a73ed4dbb421966d408a0a06686/collection-ktx-1.4.4.jar with cache key 0d97f491b5727ff731e5ed79252d9944
Transforming collection-ktx-1.4.4.jar (androidx.collection:collection-ktx:1.4.4) with DexingOutputSplitTransform
Caching disabled for DexingOutputSplitTransform: /home/runner/.gradle/caches/8.9/transforms/a6d2d2b6c57718192decbfcbc32a68ee/transformed/collection-ktx-1.4.4 because:
  Caching not enabled.
Build cache key for DexingNoClasspathTransform: /home/runner/.gradle/caches/modules-2/files-2.1/androidx.collection/collection-jvm/1.4.4/da13a7e557c430276b8cb490420effebc1398c0d/collection-jvm-1.4.4.jar is 7fb6edbec1ec4b6de26d131e746aac25
Running dexing transform non-incrementally for '/home/runner/.gradle/caches/modules-2/files-2.1/androidx.collection/collection-jvm/1.4.4/da13a7e557c430276b8cb490420effebc1398c0d/collection-jvm-1.4.4.jar'
Stored cache entry for DexingNoClasspathTransform: /home/runner/.gradle/caches/modules-2/files-2.1/com.squareup.okhttp3/okhttp/4.12.0/2f4525d4a200e97e1b87449c2cd9bd2e25b7e8cd/okhttp-4.12.0.jar with cache key 33c123431b40d7b3fa05019938303e56
Transforming okhttp-4.12.0.jar (com.squareup.okhttp3:okhttp:4.12.0) with DexingOutputSplitTransform
Caching disabled for DexingOutputSplitTransform: /home/runner/.gradle/caches/8.9/transforms/5e30a9326a21e77ebe62c7f692e0f294/transformed/okhttp-4.12.0 because:
  Caching not enabled.
Build cache key for DexingNoClasspathTransform: /home/runner/.gradle/caches/modules-2/files-2.1/org.jetbrains.kotlin/kotlin-stdlib-jdk7/1.9.10/bc5bfc2690338defd5195b05c57562f2194eeb10/kotlin-stdlib-jdk7-1.9.10.jar is 8ea94251a8fd6c0d54a5c2e5008f087e
Running dexing transform non-incrementally for '/home/runner/.gradle/caches/modules-2/files-2.1/org.jetbrains.kotlin/kotlin-stdlib-jdk7/1.9.10/bc5bfc2690338defd5195b05c57562f2194eeb10/kotlin-stdlib-jdk7-1.9.10.jar'
Stored cache entry for DexingNoClasspathTransform: /home/runner/.gradle/caches/modules-2/files-2.1/org.jetbrains.kotlin/kotlin-stdlib-jdk7/1.9.10/bc5bfc2690338defd5195b05c57562f2194eeb10/kotlin-stdlib-jdk7-1.9.10.jar with cache key 8ea94251a8fd6c0d54a5c2e5008f087e
Transforming kotlin-stdlib-jdk7-1.9.10.jar (org.jetbrains.kotlin:kotlin-stdlib-jdk7:1.9.10) with DexingOutputSplitTransform
Caching disabled for DexingOutputSplitTransform: /home/runner/.gradle/caches/8.9/transforms/7331fcd07520b490f5b1aeca90ec6e68/transformed/kotlin-stdlib-jdk7-1.9.10 because:
  Caching not enabled.
Caching disabled for IdentityTransform: /home/runner/.gradle/caches/8.9/transforms/d73aa01fd16c2aa63a3175c268c4173b/transformed/core-runtime-2.2.0-runtime.jar because:
  Caching not enabled.
Transforming core-runtime-2.2.0.aar (androidx.arch.core:core-runtime:2.2.0) with DexingNoClasspathTransform
Build cache key for DexingNoClasspathTransform: /home/runner/.gradle/caches/8.9/transforms/d73aa01fd16c2aa63a3175c268c4173b/transformed/core-runtime-2.2.0-runtime.jar is edf7c6c36bf3ac7d968b6c1d018bdd10
Running dexing transform non-incrementally for '/home/runner/.gradle/caches/8.9/transforms/d73aa01fd16c2aa63a3175c268c4173b/transformed/core-runtime-2.2.0-runtime.jar'
Stored cache entry for DexingNoClasspathTransform: /home/runner/.gradle/caches/8.9/transforms/d73aa01fd16c2aa63a3175c268c4173b/transformed/core-runtime-2.2.0-runtime.jar with cache key edf7c6c36bf3ac7d968b6c1d018bdd10
Transforming core-runtime-2.2.0.aar (androidx.arch.core:core-runtime:2.2.0) with DexingOutputSplitTransform
Caching disabled for DexingOutputSplitTransform: /home/runner/.gradle/caches/8.9/transforms/795a7cf034115f3ad3045e41309d9214/transformed/core-runtime-2.2.0-runtime because:
  Caching not enabled.
Caching disabled for IdentityTransform: /home/runner/.gradle/caches/8.9/transforms/4cea39d00df46803600646759b0b3942/transformed/interpolator-1.0.0-runtime.jar because:
  Caching not enabled.
Transforming interpolator-1.0.0.aar (androidx.interpolator:interpolator:1.0.0) with DexingNoClasspathTransform
Build cache key for DexingNoClasspathTransform: /home/runner/.gradle/caches/8.9/transforms/4cea39d00df46803600646759b0b3942/transformed/interpolator-1.0.0-runtime.jar is 58d156d314166820b216c995de6f63d1
Running dexing transform non-incrementally for '/home/runner/.gradle/caches/8.9/transforms/4cea39d00df46803600646759b0b3942/transformed/interpolator-1.0.0-runtime.jar'
Stored cache entry for DexingNoClasspathTransform: /home/runner/.gradle/caches/8.9/transforms/4cea39d00df46803600646759b0b3942/transformed/interpolator-1.0.0-runtime.jar with cache key 58d156d314166820b216c995de6f63d1
Transforming interpolator-1.0.0.aar (androidx.interpolator:interpolator:1.0.0) with DexingOutputSplitTransform
Caching disabled for DexingOutputSplitTransform: /home/runner/.gradle/caches/8.9/transforms/6a9f69f5e04cef5b360ffd11e66f5a9e/transformed/interpolator-1.0.0-runtime because:
  Caching not enabled.
Build cache key for DexingNoClasspathTransform: /home/runner/.gradle/caches/modules-2/files-2.1/androidx.arch.core/core-common/2.2.0/5e1b8b81dfd5f52c56a8d53b18ca759c19a301f3/core-common-2.2.0.jar is 3ff3f277d3bcdff6cfc16702ddaca1b8
Running dexing transform non-incrementally for '/home/runner/.gradle/caches/modules-2/files-2.1/androidx.arch.core/core-common/2.2.0/5e1b8b81dfd5f52c56a8d53b18ca759c19a301f3/core-common-2.2.0.jar'
Stored cache entry for DexingNoClasspathTransform: /home/runner/.gradle/caches/modules-2/files-2.1/androidx.arch.core/core-common/2.2.0/5e1b8b81dfd5f52c56a8d53b18ca759c19a301f3/core-common-2.2.0.jar with cache key 3ff3f277d3bcdff6cfc16702ddaca1b8
Transforming core-common-2.2.0.jar (androidx.arch.core:core-common:2.2.0) with DexingOutputSplitTransform
Caching disabled for DexingOutputSplitTransform: /home/runner/.gradle/caches/8.9/transforms/0980bbbcb15d7037933845f67cbadf2c/transformed/core-common-2.2.0 because:
  Caching not enabled.
Caching disabled for IdentityTransform: /home/runner/.gradle/caches/8.9/transforms/27cb8db4a2ee16561a6493d16fd4e13f/transformed/profileinstaller-1.3.1-runtime.jar because:
  Caching not enabled.
Transforming profileinstaller-1.3.1.aar (androidx.profileinstaller:profileinstaller:1.3.1) with DexingNoClasspathTransform
Build cache key for DexingNoClasspathTransform: /home/runner/.gradle/caches/8.9/transforms/27cb8db4a2ee16561a6493d16fd4e13f/transformed/profileinstaller-1.3.1-runtime.jar is 577d0cd49de4d13d23d24c95281687c7
Running dexing transform non-incrementally for '/home/runner/.gradle/caches/8.9/transforms/27cb8db4a2ee16561a6493d16fd4e13f/transformed/profileinstaller-1.3.1-runtime.jar'
Stored cache entry for DexingNoClasspathTransform: /home/runner/.gradle/caches/8.9/transforms/27cb8db4a2ee16561a6493d16fd4e13f/transformed/profileinstaller-1.3.1-runtime.jar with cache key 577d0cd49de4d13d23d24c95281687c7
Transforming profileinstaller-1.3.1.aar (androidx.profileinstaller:profileinstaller:1.3.1) with DexingOutputSplitTransform
Caching disabled for DexingOutputSplitTransform: /home/runner/.gradle/caches/8.9/transforms/ade48b2073b7813a74e4086f7200da97/transformed/profileinstaller-1.3.1-runtime because:
  Caching not enabled.
Caching disabled for IdentityTransform: /home/runner/.gradle/caches/8.9/transforms/0bb4987a86e9ff31d589bbe4170ddbdb/transformed/startup-runtime-1.1.1-runtime.jar because:
  Caching not enabled.
Stored cache entry for DexingNoClasspathTransform: /home/runner/.gradle/caches/modules-2/files-2.1/com.squareup.okio/okio-jvm/3.6.0/5600569133b7bdefe1daf9ec7f4abeb6d13e1786/okio-jvm-3.6.0.jar with cache key 81b729d7a7743cc5d269dd2768e3a240
Transforming startup-runtime-1.1.1.aar (androidx.startup:startup-runtime:1.1.1) with DexingNoClasspathTransform
Transforming okio-jvm-3.6.0.jar (com.squareup.okio:okio-jvm:3.6.0) with DexingOutputSplitTransform
Build cache key for DexingNoClasspathTransform: /home/runner/.gradle/caches/8.9/transforms/0bb4987a86e9ff31d589bbe4170ddbdb/transformed/startup-runtime-1.1.1-runtime.jar is a86d35757043246efed3d644b29107a8
Caching disabled for DexingOutputSplitTransform: /home/runner/.gradle/caches/8.9/transforms/e94da469d1073fcac9bce01df76cf5a2/transformed/okio-jvm-3.6.0 because:
  Caching not enabled.
Running dexing transform non-incrementally for '/home/runner/.gradle/caches/8.9/transforms/0bb4987a86e9ff31d589bbe4170ddbdb/transformed/startup-runtime-1.1.1-runtime.jar'
Caching disabled for IdentityTransform: /home/runner/.gradle/caches/8.9/transforms/d582e1764e3b9dde3fb150475432ed11/transformed/tracing-1.0.0-runtime.jar because:
  Caching not enabled.
Transforming tracing-1.0.0.aar (androidx.tracing:tracing:1.0.0) with DexingNoClasspathTransform
Build cache key for DexingNoClasspathTransform: /home/runner/.gradle/caches/8.9/transforms/d582e1764e3b9dde3fb150475432ed11/transformed/tracing-1.0.0-runtime.jar is 14a0c6bb2579ad3ebaebc4d1a074eecc
Running dexing transform non-incrementally for '/home/runner/.gradle/caches/8.9/transforms/d582e1764e3b9dde3fb150475432ed11/transformed/tracing-1.0.0-runtime.jar'
Stored cache entry for DexingNoClasspathTransform: /home/runner/.gradle/caches/8.9/transforms/0bb4987a86e9ff31d589bbe4170ddbdb/transformed/startup-runtime-1.1.1-runtime.jar with cache key a86d35757043246efed3d644b29107a8
Stored cache entry for DexingNoClasspathTransform: /home/runner/.gradle/caches/8.9/transforms/d582e1764e3b9dde3fb150475432ed11/transformed/tracing-1.0.0-runtime.jar with cache key 14a0c6bb2579ad3ebaebc4d1a074eecc
Transforming tracing-1.0.0.aar (androidx.tracing:tracing:1.0.0) with DexingOutputSplitTransform
Transforming startup-runtime-1.1.1.aar (androidx.startup:startup-runtime:1.1.1) with DexingOutputSplitTransform
Caching disabled for DexingOutputSplitTransform: /home/runner/.gradle/caches/8.9/transforms/2a224063490ee8fd1093eacec8f2843e/transformed/tracing-1.0.0-runtime because:
  Caching not enabled.
Caching disabled for DexingOutputSplitTransform: /home/runner/.gradle/caches/8.9/transforms/2e34f505efd7ec4a471041631d4fb563/transformed/startup-runtime-1.1.1-runtime because:
  Caching not enabled.
Build cache key for DexingNoClasspathTransform: /home/runner/.gradle/caches/modules-2/files-2.1/androidx.concurrent/concurrent-futures/1.1.0/50b7fb98350d5f42a4e49704b03278542293ba48/concurrent-futures-1.1.0.jar is 44b64275234e14cb1e2afa6a9516b352
Running dexing transform non-incrementally for '/home/runner/.gradle/caches/modules-2/files-2.1/androidx.concurrent/concurrent-futures/1.1.0/50b7fb98350d5f42a4e49704b03278542293ba48/concurrent-futures-1.1.0.jar'
Build cache key for DexingNoClasspathTransform: /home/runner/.gradle/caches/modules-2/files-2.1/androidx.annotation/annotation-jvm/1.8.1/b8a16fe526014b7941c1debaccaf9c5153692dbb/annotation-jvm-1.8.1.jar is ff754be13854e8fbfd22f5abbdf005f3
Running dexing transform non-incrementally for '/home/runner/.gradle/caches/modules-2/files-2.1/androidx.annotation/annotation-jvm/1.8.1/b8a16fe526014b7941c1debaccaf9c5153692dbb/annotation-jvm-1.8.1.jar'
Stored cache entry for DexingNoClasspathTransform: /home/runner/.gradle/caches/modules-2/files-2.1/androidx.annotation/annotation-jvm/1.8.1/b8a16fe526014b7941c1debaccaf9c5153692dbb/annotation-jvm-1.8.1.jar with cache key ff754be13854e8fbfd22f5abbdf005f3
Transforming annotation-jvm-1.8.1.jar (androidx.annotation:annotation-jvm:1.8.1) with DexingOutputSplitTransform
Caching disabled for DexingOutputSplitTransform: /home/runner/.gradle/caches/8.9/transforms/b411735ab35a877c798d63c1630a225f/transformed/annotation-jvm-1.8.1 because:
  Caching not enabled.
Build cache key for DexingNoClasspathTransform: /home/runner/.gradle/caches/modules-2/files-2.1/org.jetbrains.kotlin/kotlin-stdlib/2.0.21/618b539767b4899b4660a83006e052b63f1db551/kotlin-stdlib-2.0.21.jar is e33dbb0e06089a1a7e4bc29c0fb00bd3
Running dexing transform non-incrementally for '/home/runner/.gradle/caches/modules-2/files-2.1/org.jetbrains.kotlin/kotlin-stdlib/2.0.21/618b539767b4899b4660a83006e052b63f1db551/kotlin-stdlib-2.0.21.jar'
Stored cache entry for DexingNoClasspathTransform: /home/runner/.gradle/caches/modules-2/files-2.1/androidx.concurrent/concurrent-futures/1.1.0/50b7fb98350d5f42a4e49704b03278542293ba48/concurrent-futures-1.1.0.jar with cache key 44b64275234e14cb1e2afa6a9516b352
Transforming concurrent-futures-1.1.0.jar (androidx.concurrent:concurrent-futures:1.1.0) with DexingOutputSplitTransform
Caching disabled for DexingOutputSplitTransform: /home/runner/.gradle/caches/8.9/transforms/434013f240519df98d2e87ba1ab330a6/transformed/concurrent-futures-1.1.0 because:
  Caching not enabled.
Build cache key for DexingNoClasspathTransform: /home/runner/.gradle/caches/modules-2/files-2.1/com.google.code.gson/gson/2.11.0/527175ca6d81050b53bdd4c457a6d6e017626b0e/gson-2.11.0.jar is 1be0c5a72c02d89d4e63e8c96364fe22
Running dexing transform non-incrementally for '/home/runner/.gradle/caches/modules-2/files-2.1/com.google.code.gson/gson/2.11.0/527175ca6d81050b53bdd4c457a6d6e017626b0e/gson-2.11.0.jar'
Stored cache entry for DexingNoClasspathTransform: /home/runner/.gradle/caches/modules-2/files-2.1/com.google.code.gson/gson/2.11.0/527175ca6d81050b53bdd4c457a6d6e017626b0e/gson-2.11.0.jar with cache key 1be0c5a72c02d89d4e63e8c96364fe22
Transforming gson-2.11.0.jar (com.google.code.gson:gson:2.11.0) with DexingOutputSplitTransform
Caching disabled for DexingOutputSplitTransform: /home/runner/.gradle/caches/8.9/transforms/6843d319d2cd0ea5bdf46437c8955ce0/transformed/gson-2.11.0 because:
  Caching not enabled.
Build cache key for DexingNoClasspathTransform: /home/runner/.gradle/caches/modules-2/files-2.1/org.jsoup/jsoup/1.18.1/cb7cd991d47b44101cbe4655dec611cdc01f8a02/jsoup-1.18.1.jar is edf17c0084d242739c76f44027ef4a90
Running dexing transform non-incrementally for '/home/runner/.gradle/caches/modules-2/files-2.1/org.jsoup/jsoup/1.18.1/cb7cd991d47b44101cbe4655dec611cdc01f8a02/jsoup-1.18.1.jar'
Stored cache entry for DexingNoClasspathTransform: /home/runner/.gradle/caches/modules-2/files-2.1/org.jsoup/jsoup/1.18.1/cb7cd991d47b44101cbe4655dec611cdc01f8a02/jsoup-1.18.1.jar with cache key edf17c0084d242739c76f44027ef4a90
Transforming jsoup-1.18.1.jar (org.jsoup:jsoup:1.18.1) with DexingOutputSplitTransform
Caching disabled for DexingOutputSplitTransform: /home/runner/.gradle/caches/8.9/transforms/3ba2a473a1a2105c8a59e1319f310d19/transformed/jsoup-1.18.1 because:
  Caching not enabled.
Build cache key for DexingNoClasspathTransform: /home/runner/.gradle/caches/modules-2/files-2.1/org.jetbrains/annotations/23.0.0/8cc20c07506ec18e0834947b84a864bfc094484e/annotations-23.0.0.jar is c551596f294cdb37287c0fd55b11c520
Running dexing transform non-incrementally for '/home/runner/.gradle/caches/modules-2/files-2.1/org.jetbrains/annotations/23.0.0/8cc20c07506ec18e0834947b84a864bfc094484e/annotations-23.0.0.jar'
Stored cache entry for DexingNoClasspathTransform: /home/runner/.gradle/caches/modules-2/files-2.1/org.jetbrains/annotations/23.0.0/8cc20c07506ec18e0834947b84a864bfc094484e/annotations-23.0.0.jar with cache key c551596f294cdb37287c0fd55b11c520
Transforming annotations-23.0.0.jar (org.jetbrains:annotations:23.0.0) with DexingOutputSplitTransform
Caching disabled for DexingOutputSplitTransform: /home/runner/.gradle/caches/8.9/transforms/e623e8c5caac0e0b50ca893c23fc59d9/transformed/annotations-23.0.0 because:
  Caching not enabled.
Build cache key for DexingNoClasspathTransform: /home/runner/.gradle/caches/modules-2/files-2.1/com.google.dagger/hilt-core/2.52/d8e3f33770f8b5d9e2e29a303278c3e41faa9980/hilt-core-2.52.jar is 244c8c7fe653efc48ad89df0ea46c4b1
Running dexing transform non-incrementally for '/home/runner/.gradle/caches/modules-2/files-2.1/com.google.dagger/hilt-core/2.52/d8e3f33770f8b5d9e2e29a303278c3e41faa9980/hilt-core-2.52.jar'
Stored cache entry for DexingNoClasspathTransform: /home/runner/.gradle/caches/modules-2/files-2.1/com.google.dagger/hilt-core/2.52/d8e3f33770f8b5d9e2e29a303278c3e41faa9980/hilt-core-2.52.jar with cache key 244c8c7fe653efc48ad89df0ea46c4b1
Transforming hilt-core-2.52.jar (com.google.dagger:hilt-core:2.52) with DexingOutputSplitTransform
Caching disabled for DexingOutputSplitTransform: /home/runner/.gradle/caches/8.9/transforms/eec5a7616cf0cede0d81adbdc9122044/transformed/hilt-core-2.52 because:
  Caching not enabled.
Build cache key for DexingNoClasspathTransform: /home/runner/.gradle/caches/modules-2/files-2.1/com.google.dagger/dagger/2.52/c385ea51a9873b238d183faa22d54c00d65195ac/dagger-2.52.jar is cfd8393c4593b863aca723592da83bf5
Running dexing transform non-incrementally for '/home/runner/.gradle/caches/modules-2/files-2.1/com.google.dagger/dagger/2.52/c385ea51a9873b238d183faa22d54c00d65195ac/dagger-2.52.jar'
Stored cache entry for DexingNoClasspathTransform: /home/runner/.gradle/caches/modules-2/files-2.1/com.google.dagger/dagger/2.52/c385ea51a9873b238d183faa22d54c00d65195ac/dagger-2.52.jar with cache key cfd8393c4593b863aca723592da83bf5
Transforming dagger-2.52.jar (com.google.dagger:dagger:2.52) with DexingOutputSplitTransform
Caching disabled for DexingOutputSplitTransform: /home/runner/.gradle/caches/8.9/transforms/88c95d24d952737cd4ea0f9d042eddfe/transformed/dagger-2.52 because:
  Caching not enabled.
Caching disabled for IdentityTransform: /home/runner/.gradle/caches/8.9/transforms/a8d0c4a1cc7319871cf776a86b52492b/transformed/dagger-lint-aar-2.52-runtime.jar because:
  Caching not enabled.
Transforming dagger-lint-aar-2.52.aar (com.google.dagger:dagger-lint-aar:2.52) with DexingNoClasspathTransform
Build cache key for DexingNoClasspathTransform: /home/runner/.gradle/caches/8.9/transforms/a8d0c4a1cc7319871cf776a86b52492b/transformed/dagger-lint-aar-2.52-runtime.jar is 4c2606ce709e7144432a3e4098363026
Running dexing transform non-incrementally for '/home/runner/.gradle/caches/8.9/transforms/a8d0c4a1cc7319871cf776a86b52492b/transformed/dagger-lint-aar-2.52-runtime.jar'
Stored cache entry for DexingNoClasspathTransform: /home/runner/.gradle/caches/8.9/transforms/a8d0c4a1cc7319871cf776a86b52492b/transformed/dagger-lint-aar-2.52-runtime.jar with cache key 4c2606ce709e7144432a3e4098363026
Transforming dagger-lint-aar-2.52.aar (com.google.dagger:dagger-lint-aar:2.52) with DexingOutputSplitTransform
Caching disabled for DexingOutputSplitTransform: /home/runner/.gradle/caches/8.9/transforms/e558bbf9f2314b4cb6eb3b79ffa15306/transformed/dagger-lint-aar-2.52-runtime because:
  Caching not enabled.
Build cache key for DexingNoClasspathTransform: /home/runner/.gradle/caches/modules-2/files-2.1/com.google.code.findbugs/jsr305/3.0.2/25ea2e8b0c338a877313bd4672d3fe056ea78f0d/jsr305-3.0.2.jar is 5f171c868c3cc841b0b35d8a787d1103
Running dexing transform non-incrementally for '/home/runner/.gradle/caches/modules-2/files-2.1/com.google.code.findbugs/jsr305/3.0.2/25ea2e8b0c338a877313bd4672d3fe056ea78f0d/jsr305-3.0.2.jar'
Stored cache entry for DexingNoClasspathTransform: /home/runner/.gradle/caches/modules-2/files-2.1/com.google.code.findbugs/jsr305/3.0.2/25ea2e8b0c338a877313bd4672d3fe056ea78f0d/jsr305-3.0.2.jar with cache key 5f171c868c3cc841b0b35d8a787d1103
Transforming jsr305-3.0.2.jar (com.google.code.findbugs:jsr305:3.0.2) with DexingOutputSplitTransform
Caching disabled for DexingOutputSplitTransform: /home/runner/.gradle/caches/8.9/transforms/f82135f69171b1cadc9f4972ee5ca920/transformed/jsr305-3.0.2 because:
  Caching not enabled.
Build cache key for DexingNoClasspathTransform: /home/runner/.gradle/caches/modules-2/files-2.1/javax.inject/javax.inject/1/6975da39a7040257bd51d21a231b76c915872d38/javax.inject-1.jar is 8becb0d14f80fbf756cbc25882f8cc4e
Running dexing transform non-incrementally for '/home/runner/.gradle/caches/modules-2/files-2.1/javax.inject/javax.inject/1/6975da39a7040257bd51d21a231b76c915872d38/javax.inject-1.jar'
Stored cache entry for DexingNoClasspathTransform: /home/runner/.gradle/caches/modules-2/files-2.1/javax.inject/javax.inject/1/6975da39a7040257bd51d21a231b76c915872d38/javax.inject-1.jar with cache key 8becb0d14f80fbf756cbc25882f8cc4e
Transforming javax.inject-1.jar (javax.inject:javax.inject:1) with DexingOutputSplitTransform
Caching disabled for DexingOutputSplitTransform: /home/runner/.gradle/caches/8.9/transforms/2594b7d85166985a6b45f2f9176d5830/transformed/javax.inject-1 because:
  Caching not enabled.
Build cache key for DexingNoClasspathTransform: /home/runner/.gradle/caches/modules-2/files-2.1/com.google.errorprone/error_prone_annotations/2.27.0/91b2c29d8a6148b5e2e4930f070d4840e2e48e34/error_prone_annotations-2.27.0.jar is 3248fa25b6c8d3cb3e3427ed931b7335
Running dexing transform non-incrementally for '/home/runner/.gradle/caches/modules-2/files-2.1/com.google.errorprone/error_prone_annotations/2.27.0/91b2c29d8a6148b5e2e4930f070d4840e2e48e34/error_prone_annotations-2.27.0.jar'
Stored cache entry for DexingNoClasspathTransform: /home/runner/.gradle/caches/modules-2/files-2.1/com.google.errorprone/error_prone_annotations/2.27.0/91b2c29d8a6148b5e2e4930f070d4840e2e48e34/error_prone_annotations-2.27.0.jar with cache key 3248fa25b6c8d3cb3e3427ed931b7335
Transforming error_prone_annotations-2.27.0.jar (com.google.errorprone:error_prone_annotations:2.27.0) with DexingOutputSplitTransform
Caching disabled for DexingOutputSplitTransform: /home/runner/.gradle/caches/8.9/transforms/a529b55b8edf31e9db812e623010ce4e/transformed/error_prone_annotations-2.27.0 because:
  Caching not enabled.
Build cache key for DexingNoClasspathTransform: /home/runner/.gradle/caches/modules-2/files-2.1/jakarta.inject/jakarta.inject-api/2.0.1/4c28afe1991a941d7702fe1362c365f0a8641d1e/jakarta.inject-api-2.0.1.jar is 7864c17ecd2d7465a11b9205ec508f68
Running dexing transform non-incrementally for '/home/runner/.gradle/caches/modules-2/files-2.1/jakarta.inject/jakarta.inject-api/2.0.1/4c28afe1991a941d7702fe1362c365f0a8641d1e/jakarta.inject-api-2.0.1.jar'
Stored cache entry for DexingNoClasspathTransform: /home/runner/.gradle/caches/modules-2/files-2.1/jakarta.inject/jakarta.inject-api/2.0.1/4c28afe1991a941d7702fe1362c365f0a8641d1e/jakarta.inject-api-2.0.1.jar with cache key 7864c17ecd2d7465a11b9205ec508f68
Transforming jakarta.inject-api-2.0.1.jar (jakarta.inject:jakarta.inject-api:2.0.1) with DexingOutputSplitTransform
Caching disabled for DexingOutputSplitTransform: /home/runner/.gradle/caches/8.9/transforms/9a76e85c6ad0ad0463071708a97c3416/transformed/jakarta.inject-api-2.0.1 because:
  Caching not enabled.
Build cache key for DexingNoClasspathTransform: /home/runner/.gradle/caches/modules-2/files-2.1/com.google.guava/listenablefuture/1.0/c949a840a6acbc5268d088e47b04177bf90b3cad/listenablefuture-1.0.jar is 03b2c40746836f43fe8e293e092e8448
Running dexing transform non-incrementally for '/home/runner/.gradle/caches/modules-2/files-2.1/com.google.guava/listenablefuture/1.0/c949a840a6acbc5268d088e47b04177bf90b3cad/listenablefuture-1.0.jar'
Stored cache entry for DexingNoClasspathTransform: /home/runner/.gradle/caches/modules-2/files-2.1/com.google.guava/listenablefuture/1.0/c949a840a6acbc5268d088e47b04177bf90b3cad/listenablefuture-1.0.jar with cache key 03b2c40746836f43fe8e293e092e8448
Transforming listenablefuture-1.0.jar (com.google.guava:listenablefuture:1.0) with DexingOutputSplitTransform
Caching disabled for DexingOutputSplitTransform: /home/runner/.gradle/caches/8.9/transforms/9c30197e05de0cf4c4520191021c26d9/transformed/listenablefuture-1.0 because:
  Caching not enabled.

> Task :app:processDebugResources
Stored cache entry for task ':app:processDebugResources' with cache key 8d06c8282ac5aa14ec2c8b611d885d0c

> Task :app:mergeExtDexDebug
Stored cache entry for DexingNoClasspathTransform: /home/runner/.gradle/caches/modules-2/files-2.1/androidx.collection/collection-jvm/1.4.4/da13a7e557c430276b8cb490420effebc1398c0d/collection-jvm-1.4.4.jar with cache key 7fb6edbec1ec4b6de26d131e746aac25
Transforming collection-jvm-1.4.4.jar (androidx.collection:collection-jvm:1.4.4) with DexingOutputSplitTransform
Caching disabled for DexingOutputSplitTransform: /home/runner/.gradle/caches/8.9/transforms/54ae6cb0e209c6585edd88794786e9c4/transformed/collection-jvm-1.4.4 because:
  Caching not enabled.
Stored cache entry for DexingNoClasspathTransform: /home/runner/.gradle/caches/modules-2/files-2.1/org.jetbrains.kotlin/kotlin-stdlib/2.0.21/618b539767b4899b4660a83006e052b63f1db551/kotlin-stdlib-2.0.21.jar with cache key e33dbb0e06089a1a7e4bc29c0fb00bd3
Transforming kotlin-stdlib-2.0.21.jar (org.jetbrains.kotlin:kotlin-stdlib:2.0.21) with DexingOutputSplitTransform
Caching disabled for DexingOutputSplitTransform: /home/runner/.gradle/caches/8.9/transforms/6524293cda519e4c478349b903167667/transformed/kotlin-stdlib-2.0.21 because:
  Caching not enabled.
Stored cache entry for DexingNoClasspathTransform: /home/runner/.gradle/caches/8.9/transforms/ff334b94275f64ca219209bf495c3ab6/transformed/material-icons-extended-release-runtime.jar with cache key cce84698f33bfe87c24d1e3ccef2787b
Transforming material-icons-extended-release.aar (androidx.compose.material:material-icons-extended-android:1.7.5) with DexingOutputSplitTransform
Caching disabled for DexingOutputSplitTransform: /home/runner/.gradle/caches/8.9/transforms/e3d08d2dafbe442f7a8927bcaafd9683/transformed/material-icons-extended-release-runtime because:
  Caching not enabled.
Build cache key for task ':app:mergeExtDexDebug' is 1c060379cf87f0dd017801d9efeb3fa6
Task ':app:mergeExtDexDebug' is not up-to-date because:
  No history is available.
The input changes require a full rebuild for incremental task ':app:mergeExtDexDebug'.

Resolve mutations for :app:kspDebugKotlin (Thread[Execution worker,5,main]) started.
:app:kspDebugKotlin (Thread[Execution worker,5,main]) started.

> Task :app:mergeExtDexDebug
Merging to '/home/runner/work/SiteManager/SiteManager/app/build/intermediates/dex/debug/mergeExtDexDebug' with D8 from all or a subset of dex files in /home/runner/.gradle/caches/8.9/transforms/f4f294312a2d9efd27beff85fe24517a/transformed/hilt-navigation-compose-1.2.0-runtime/hilt-navigation-compose-1.2.0-runtime_dex, /home/runner/.gradle/caches/8.9/transforms/271b6ad02ce4fcfcda01d7aeaaa1a2fb/transformed/hilt-navigation-1.2.0-runtime/hilt-navigation-1.2.0-runtime_dex, /home/runner/.gradle/caches/8.9/transforms/bffef579e8e16196cb19850e54f1bf5c/transformed/navigation-common-2.8.3-runtime/navigation-common-2.8.3-runtime_dex, /home/runner/.gradle/caches/8.9/transforms/aa736fe540b6fff6eec3f793257820f2/transformed/navigation-runtime-2.8.3-runtime/navigation-runtime-2.8.3-runtime_dex, /home/runner/.gradle/caches/8.9/transforms/9990c88c8618f9121bbbd88152f896f4/transformed/navigation-compose-2.8.3-runtime/navigation-compose-2.8.3-runtime_dex, /home/runner/.gradle/caches/8.9/transforms/0d6c38524eef03eb6f42e6fde5d980a6/transformed/hilt-android-2.52-runtime/hilt-android-2.52-runtime_dex, /home/runner/.gradle/caches/8.9/transforms/a9161e208fa524d329652ca89109cc99/transformed/fragment-1.5.1-runtime/fragment-1.5.1-runtime_dex, /home/runner/.gradle/caches/8.9/transforms/ad30b37eb2c18e493bf34d52cad3aaab/transformed/activity-1.9.3-runtime/activity-1.9.3-runtime_dex, /home/runner/.gradle/caches/8.9/transforms/a72a7b6038194473e9afa89822879d20/transformed/material3-release-runtime/material3-release-runtime_dex, /home/runner/.gradle/caches/8.9/transforms/fa040edd50fe6bec2a52c31d2082ed0b/transformed/material-release-runtime/material-release-runtime_dex, /home/runner/.gradle/caches/8.9/transforms/9fa37f4f4645976115aca88b2af2ab3b/transformed/animation-core-release-runtime/animation-core-release-runtime_dex, /home/runner/.gradle/caches/8.9/transforms/3b0b9acd285c5f4b9992f8ffb7a90ddc/transformed/material-ripple-release-runtime/material-ripple-release-runtime_dex, /home/runner/.gradle/caches/8.9/transforms/dfe8ca6038e348eb73cde94a8e76ed52/transformed/animation-release-runtime/animation-release-runtime_dex, /home/runner/.gradle/caches/8.9/transforms/c8b9b2d581b63a3191f2c6e723719c1f/transformed/foundation-layout-release-runtime/foundation-layout-release-runtime_dex, /home/runner/.gradle/caches/8.9/transforms/52cfd74848c07d869e40d68d66322f00/transformed/foundation-release-runtime/foundation-release-runtime_dex, /home/runner/.gradle/caches/8.9/transforms/fe02b435e8f2f79993b60d07192f37fa/transformed/ui-tooling-data-release-runtime/ui-tooling-data-release-runtime_dex, /home/runner/.gradle/caches/8.9/transforms/974160f88636e2a51bd8a0efd710b8fd/transformed/ui-unit-release-runtime/ui-unit-release-runtime_dex, /home/runner/.gradle/caches/8.9/transforms/469bfa3f1ac06a76ac493b58e9482a10/transformed/ui-geometry-release-runtime/ui-geometry-release-runtime_dex, /home/runner/.gradle/caches/8.9/transforms/656a5435bc2dbfb0492319ddc8ee09f7/transformed/ui-util-release-runtime/ui-util-release-runtime_dex, /home/runner/.gradle/caches/8.9/transforms/54d1136aab8abda4ef05242fae69b3aa/transformed/ui-text-release-runtime/ui-text-release-runtime_dex, /home/runner/.gradle/caches/8.9/transforms/b9e41538be8db0cdfc721721c4216ec7/transformed/ui-tooling-preview-release-runtime/ui-tooling-preview-release-runtime_dex, /home/runner/.gradle/caches/8.9/transforms/849dc9b9432de87963ea0484afbd3823/transformed/ui-graphics-release-runtime/ui-graphics-release-runtime_dex, /home/runner/.gradle/caches/8.9/transforms/1c900fe397ec2af5fe0f20781e2263d7/transformed/ui-tooling-release-runtime/ui-tooling-release-runtime_dex, /home/runner/.gradle/caches/8.9/transforms/ff86004a82e370d5c0785b54fb7a9d0a/transformed/activity-compose-1.9.3-runtime/activity-compose-1.9.3-runtime_dex, /home/runner/.gradle/caches/8.9/transforms/4016b13e3ed71b98d8721fdc176328b7/transformed/savedstate-ktx-1.2.1-runtime/savedstate-ktx-1.2.1-runtime_dex, /home/runner/.gradle/caches/8.9/transforms/482c16fbd534480649918a74be0115e8/transformed/savedstate-1.2.1-runtime/savedstate-1.2.1-runtime_dex, /home/runner/.gradle/caches/8.9/transforms/0cea4df7f7d81e2cc5bd39eb14038e29/transformed/loader-1.0.0-runtime/loader-1.0.0-runtime_dex, /home/runner/.gradle/caches/8.9/transforms/7ca3e9d8578acd6ccf145fa5ed8017a6/transformed/emoji2-1.3.0-runtime/emoji2-1.3.0-runtime_dex, /home/runner/.gradle/caches/8.9/transforms/4e9d5771b0e3d6635861c176eb016ed2/transformed/lifecycle-process-2.8.6-runtime/lifecycle-process-2.8.6-runtime_dex, /home/runner/.gradle/caches/8.9/transforms/4746a1ec889a1c0769023b1d05133805/transformed/lifecycle-livedata-2.8.6-runtime/lifecycle-livedata-2.8.6-runtime_dex, /home/runner/.gradle/caches/8.9/transforms/cea7261189fcbca98a6bd69b80ecb27d/transformed/lifecycle-viewmodel-release-runtime/lifecycle-viewmodel-release-runtime_dex, /home/runner/.gradle/caches/8.9/transforms/6d3677b270ce47d047b24a847223ac6f/transformed/lifecycle-common-jvm-2.8.6/lifecycle-common-jvm-2.8.6_dex, /home/runner/.gradle/caches/8.9/transforms/5d6244225ba3e994381b72b78a3bc20d/transformed/lifecycle-runtime-release-runtime/lifecycle-runtime-release-runtime_dex, /home/runner/.gradle/caches/8.9/transforms/4c28c398f930f2664a54e21626d342a7/transformed/lifecycle-livedata-core-2.8.6-runtime/lifecycle-livedata-core-2.8.6-runtime_dex, /home/runner/.gradle/caches/8.9/transforms/505905cf5bad31bfaa039d3e30fe737d/transformed/lifecycle-viewmodel-savedstate-2.8.6-runtime/lifecycle-viewmodel-savedstate-2.8.6-runtime_dex, /home/runner/.gradle/caches/8.9/transforms/1c853e0ea579b7b601fc2985ea65e330/transformed/lifecycle-runtime-compose-release-runtime/lifecycle-runtime-compose-release-runtime_dex, /home/runner/.gradle/caches/8.9/transforms/9ae860ff1a1e8279cabee983026347b8/transformed/lifecycle-viewmodel-compose-release-runtime/lifecycle-viewmodel-compose-release-runtime_dex, /home/runner/.gradle/caches/8.9/transforms/e3d08d2dafbe442f7a8927bcaafd9683/transformed/material-icons-extended-release-runtime/material-icons-extended-release-runtime_dex, /home/runner/.gradle/caches/8.9/transforms/d3d73f4892772239062ee411b3486bd3/transformed/material-icons-core-release-runtime/material-icons-core-release-runtime_dex, /home/runner/.gradle/caches/8.9/transforms/2d8c25dae48ec3f0d6f9ea89f31366cb/transformed/ui-release-runtime/ui-release-runtime_dex, /home/runner/.gradle/caches/8.9/transforms/88054368869899a97aa1e61eacef9bd7/transformed/viewpager-1.0.0-runtime/viewpager-1.0.0-runtime_dex, /home/runner/.gradle/caches/8.9/transforms/d83074d08b94376d1027e51d3ea0bc34/transformed/autofill-1.0.0-runtime/autofill-1.0.0-runtime_dex, /home/runner/.gradle/caches/8.9/transforms/79cb7ec37890520ab680bb69709c0a2e/transformed/graphics-path-1.0.1-runtime/graphics-path-1.0.1-runtime_dex, /home/runner/.gradle/caches/8.9/transforms/41a9883b04631590f434db996d0aa240/transformed/customview-1.0.0-runtime/customview-1.0.0-runtime_dex, /home/runner/.gradle/caches/8.9/transforms/45e40f33ee3e252de537b445c377280f/transformed/core-1.13.1-runtime/core-1.13.1-runtime_dex, /home/runner/.gradle/caches/8.9/transforms/11df847f32cd9879d1cfa450e749bd5b/transformed/customview-poolingcontainer-1.0.0-runtime/customview-poolingcontainer-1.0.0-runtime_dex, /home/runner/.gradle/caches/8.9/transforms/6380d50f1833095b44c89e1948c3bc35/transformed/core-ktx-1.13.1-runtime/core-ktx-1.13.1-runtime_dex, /home/runner/.gradle/caches/8.9/transforms/6b0507892e66199deb7ad7597292ae33/transformed/room-common-2.6.1/room-common-2.6.1_dex, /home/runner/.gradle/caches/8.9/transforms/e385e1bf5494e0145d8d2ec97a56d3e4/transformed/room-runtime-2.6.1-runtime/room-runtime-2.6.1-runtime_dex, /home/runner/.gradle/caches/8.9/transforms/f949a7cf4e81cd48a4e3699a264d7cdf/transformed/room-ktx-2.6.1-runtime/room-ktx-2.6.1-runtime_dex, /home/runner/.gradle/caches/8.9/transforms/26c21d10addd21db7db4382b33966396/transformed/runtime-saveable-release-runtime/runtime-saveable-release-runtime_dex, /home/runner/.gradle/caches/8.9/transforms/eff928170670f904d1d7dcd5fd93e68d/transformed/runtime-release-runtime/runtime-release-runtime_dex, /home/runner/.gradle/caches/8.9/transforms/e61e89746de7cb82e2fddd24dcf488fd/transformed/kotlinx-coroutines-core-jvm-1.8.1/kotlinx-coroutines-core-jvm-1.8.1_dex, /home/runner/.gradle/caches/8.9/transforms/8203ae74bd1db2917b020b1714e69f4e/transformed/kotlinx-coroutines-android-1.8.1/kotlinx-coroutines-android-1.8.1_dex, /home/runner/.gradle/caches/8.9/transforms/714922baaa432553efb241968a284c1a/transformed/sqlite-framework-2.4.0-runtime/sqlite-framework-2.4.0-runtime_dex, /home/runner/.gradle/caches/8.9/transforms/0ca349bd7f5b296aea1878290882f4e4/transformed/sqlite-2.4.0-runtime/sqlite-2.4.0-runtime_dex, /home/runner/.gradle/caches/8.9/transforms/33f808f6f854cd7120b546c1c1adba30/transformed/kotlinx-serialization-core-jvm-1.6.3/kotlinx-serialization-core-jvm-1.6.3_dex, /home/runner/.gradle/caches/8.9/transforms/5e30a9326a21e77ebe62c7f692e0f294/transformed/okhttp-4.12.0/okhttp-4.12.0_dex, /home/runner/.gradle/caches/8.9/transforms/e94da469d1073fcac9bce01df76cf5a2/transformed/okio-jvm-3.6.0/okio-jvm-3.6.0_dex, /home/runner/.gradle/caches/8.9/transforms/c8e17b2e72ed55ce7d1d2ead27e863ff/transformed/annotation-experimental-1.4.1-runtime/annotation-experimental-1.4.1-runtime_dex, /home/runner/.gradle/caches/8.9/transforms/e7ba1c1575f01419af2e434523558235/transformed/versionedparcelable-1.1.1-runtime/versionedparcelable-1.1.1-runtime_dex, /home/runner/.gradle/caches/8.9/transforms/54ae6cb0e209c6585edd88794786e9c4/transformed/collection-jvm-1.4.4/collection-jvm-1.4.4_dex, /home/runner/.gradle/caches/8.9/transforms/795a7cf034115f3ad3045e41309d9214/transformed/core-runtime-2.2.0-runtime/core-runtime-2.2.0-runtime_dex, /home/runner/.gradle/caches/8.9/transforms/6a9f69f5e04cef5b360ffd11e66f5a9e/transformed/interpolator-1.0.0-runtime/interpolator-1.0.0-runtime_dex, /home/runner/.gradle/caches/8.9/transforms/0980bbbcb15d7037933845f67cbadf2c/transformed/core-common-2.2.0/core-common-2.2.0_dex, /home/runner/.gradle/caches/8.9/transforms/ade48b2073b7813a74e4086f7200da97/transformed/profileinstaller-1.3.1-runtime/profileinstaller-1.3.1-runtime_dex, /home/runner/.gradle/caches/8.9/transforms/2e34f505efd7ec4a471041631d4fb563/transformed/startup-runtime-1.1.1-runtime/startup-runtime-1.1.1-runtime_dex, /home/runner/.gradle/caches/8.9/transforms/2a224063490ee8fd1093eacec8f2843e/transformed/tracing-1.0.0-runtime/tracing-1.0.0-runtime_dex, /home/runner/.gradle/caches/8.9/transforms/434013f240519df98d2e87ba1ab330a6/transformed/concurrent-futures-1.1.0/concurrent-futures-1.1.0_dex, /home/runner/.gradle/caches/8.9/transforms/b411735ab35a877c798d63c1630a225f/transformed/annotation-jvm-1.8.1/annotation-jvm-1.8.1_dex, /home/runner/.gradle/caches/8.9/transforms/6524293cda519e4c478349b903167667/transformed/kotlin-stdlib-2.0.21/kotlin-stdlib-2.0.21_dex, /home/runner/.gradle/caches/8.9/transforms/6843d319d2cd0ea5bdf46437c8955ce0/transformed/gson-2.11.0/gson-2.11.0_dex, /home/runner/.gradle/caches/8.9/transforms/3ba2a473a1a2105c8a59e1319f310d19/transformed/jsoup-1.18.1/jsoup-1.18.1_dex, /home/runner/.gradle/caches/8.9/transforms/e623e8c5caac0e0b50ca893c23fc59d9/transformed/annotations-23.0.0/annotations-23.0.0_dex, /home/runner/.gradle/caches/8.9/transforms/eec5a7616cf0cede0d81adbdc9122044/transformed/hilt-core-2.52/hilt-core-2.52_dex, /home/runner/.gradle/caches/8.9/transforms/88c95d24d952737cd4ea0f9d042eddfe/transformed/dagger-2.52/dagger-2.52_dex, /home/runner/.gradle/caches/8.9/transforms/f82135f69171b1cadc9f4972ee5ca920/transformed/jsr305-3.0.2/jsr305-3.0.2_dex, /home/runner/.gradle/caches/8.9/transforms/2594b7d85166985a6b45f2f9176d5830/transformed/javax.inject-1/javax.inject-1_dex, /home/runner/.gradle/caches/8.9/transforms/a529b55b8edf31e9db812e623010ce4e/transformed/error_prone_annotations-2.27.0/error_prone_annotations-2.27.0_dex, /home/runner/.gradle/caches/8.9/transforms/9a76e85c6ad0ad0463071708a97c3416/transformed/jakarta.inject-api-2.0.1/jakarta.inject-api-2.0.1_dex, /home/runner/.gradle/caches/8.9/transforms/9c30197e05de0cf4c4520191021c26d9/transformed/listenablefuture-1.0/listenablefuture-1.0_dex, and from all global synthetics files in 

Resolve mutations for :app:mergeLibDexDebug (Thread[Execution worker Thread 3,5,main]) started.
:app:mergeLibDexDebug (Thread[Execution worker Thread 3,5,main]) started.
Resolve mutations for :app:stripDebugDebugSymbols (Thread[Execution worker Thread 2,5,main]) started.
:app:stripDebugDebugSymbols (Thread[Execution worker Thread 2,5,main]) started.

> Task :app:kspDebugKotlin
file or directory '/home/runner/work/SiteManager/SiteManager/app/src/debug/kotlin', not found
file or directory '/home/runner/work/SiteManager/SiteManager/app/src/debug/java', not found
file or directory '/home/runner/work/SiteManager/SiteManager/app/src/main/kotlin', not found
file or directory '/home/runner/work/SiteManager/SiteManager/app/src/debug/java', not found
Transforming hilt-navigation-compose-1.2.0.aar (androidx.hilt:hilt-navigation-compose:1.2.0) with AarToClassTransform
Transforming hilt-navigation-1.2.0.aar (androidx.hilt:hilt-navigation:1.2.0) with AarToClassTransform
Transforming navigation-common-2.8.3.aar (androidx.navigation:navigation-common:2.8.3) with AarToClassTransform
Transforming navigation-runtime-2.8.3.aar (androidx.navigation:navigation-runtime:2.8.3) with AarToClassTransform
Transforming navigation-common-ktx-2.8.3.aar (androidx.navigation:navigation-common-ktx:2.8.3) with AarToClassTransform
Transforming navigation-runtime-ktx-2.8.3.aar (androidx.navigation:navigation-runtime-ktx:2.8.3) with AarToClassTransform
Transforming navigation-compose-2.8.3.aar (androidx.navigation:navigation-compose:2.8.3) with AarToClassTransform
Transforming hilt-android-2.52.aar (com.google.dagger:hilt-android:2.52) with AarToClassTransform
Transforming fragment-1.5.1.aar (androidx.fragment:fragment:1.5.1) with AarToClassTransform
Transforming activity-1.9.3.aar (androidx.activity:activity:1.9.3) with AarToClassTransform
Transforming activity-compose-1.9.3.aar (androidx.activity:activity-compose:1.9.3) with AarToClassTransform
Transforming activity-ktx-1.9.3.aar (androidx.activity:activity-ktx:1.9.3) with AarToClassTransform
Transforming material3-release.aar (androidx.compose.material3:material3-android:1.3.1) with AarToClassTransform
Transforming foundation-layout-release.aar (androidx.compose.foundation:foundation-layout-android:1.7.5) with AarToClassTransform
Transforming material-ripple-release.aar (androidx.compose.material:material-ripple-android:1.7.5) with AarToClassTransform
Transforming foundation-release.aar (androidx.compose.foundation:foundation-android:1.7.5) with AarToClassTransform
Transforming animation-core-release.aar (androidx.compose.animation:animation-core-android:1.7.5) with AarToClassTransform
Transforming animation-release.aar (androidx.compose.animation:animation-android:1.7.5) with AarToClassTransform
Transforming ui-util-release.aar (androidx.compose.ui:ui-util-android:1.7.5) with AarToClassTransform
Transforming ui-unit-release.aar (androidx.compose.ui:ui-unit-android:1.7.5) with AarToClassTransform
Transforming ui-text-release.aar (androidx.compose.ui:ui-text-android:1.7.5) with AarToClassTransform
Transforming ui-geometry-release.aar (androidx.compose.ui:ui-geometry-android:1.7.5) with AarToClassTransform
Transforming ui-tooling-data-release.aar (androidx.compose.ui:ui-tooling-data-android:1.7.5) with AarToClassTransform
Transforming ui-tooling-preview-release.aar (androidx.compose.ui:ui-tooling-preview-android:1.7.5) with AarToClassTransform
Transforming ui-graphics-release.aar (androidx.compose.ui:ui-graphics-android:1.7.5) with AarToClassTransform
Transforming ui-tooling-release.aar (androidx.compose.ui:ui-tooling-android:1.7.5) with AarToClassTransform
Transforming loader-1.0.0.aar (androidx.loader:loader:1.0.0) with AarToClassTransform
Transforming viewpager-1.0.0.aar (androidx.viewpager:viewpager:1.0.0) with AarToClassTransform
Transforming customview-1.0.0.aar (androidx.customview:customview:1.0.0) with AarToClassTransform
Transforming core-1.13.1.aar (androidx.core:core:1.13.1) with AarToClassTransform
Transforming core-1.13.1.aar (androidx.core:core:1.13.1) with AarToClassTransform
Transforming core-1.13.1.aar (androidx.core:core:1.13.1) with AarToClassTransform
Transforming core-1.13.1.aar (androidx.core:core:1.13.1) with AarToClassTransform
Transforming lifecycle-livedata-core-ktx-2.8.6.aar (androidx.lifecycle:lifecycle-livedata-core-ktx:2.8.6) with AarToClassTransform
Caching disabled for AarToClassTransform: /home/runner/.gradle/caches/modules-2/files-2.1/androidx.hilt/hilt-navigation-compose/1.2.0/d54c5166aca7bdaa595a8b952ff4d9d19a5ada10/hilt-navigation-compose-1.2.0.aar because:
  Caching not enabled.
Transforming lifecycle-livedata-2.8.6.aar (androidx.lifecycle:lifecycle-livedata:2.8.6) with AarToClassTransform
Transforming lifecycle-runtime-release.aar (androidx.lifecycle:lifecycle-runtime-android:2.8.6) with AarToClassTransform
Transforming lifecycle-common-jvm-2.8.6.jar (androidx.lifecycle:lifecycle-common-jvm:2.8.6) with IdentityTransform
Transforming lifecycle-livedata-core-2.8.6.aar (androidx.lifecycle:lifecycle-livedata-core:2.8.6) with AarToClassTransform
Transforming lifecycle-viewmodel-2.8.6.aar (androidx.lifecycle:lifecycle-viewmodel:2.8.6) with AarToClassTransform
Transforming lifecycle-viewmodel-release.aar (androidx.lifecycle:lifecycle-viewmodel-android:2.8.6) with AarToClassTransform
Transforming lifecycle-viewmodel-ktx-2.8.6.aar (androidx.lifecycle:lifecycle-viewmodel-ktx:2.8.6) with AarToClassTransform
Transforming lifecycle-viewmodel-compose-release.aar (androidx.lifecycle:lifecycle-viewmodel-compose-android:2.8.6) with AarToClassTransform
Transforming material-icons-extended-release.aar (androidx.compose.material:material-icons-extended-android:1.7.5) with AarToClassTransform
Transforming material-icons-core-release.aar (androidx.compose.material:material-icons-core-android:1.7.5) with AarToClassTransform
Transforming ui-release.aar (androidx.compose.ui:ui-android:1.7.5) with AarToClassTransform
Transforming lifecycle-runtime-compose-release.aar (androidx.lifecycle:lifecycle-runtime-compose-android:2.8.6) with AarToClassTransform
Transforming lifecycle-runtime-ktx-release.aar (androidx.lifecycle:lifecycle-runtime-ktx-android:2.8.6) with AarToClassTransform
Transforming lifecycle-viewmodel-savedstate-2.8.6.aar (androidx.lifecycle:lifecycle-viewmodel-savedstate:2.8.6) with AarToClassTransform
Transforming core-ktx-1.13.1.aar (androidx.core:core-ktx:1.13.1) with AarToClassTransform
Transforming room-common-2.6.1.jar (androidx.room:room-common:2.6.1) with IdentityTransform
Transforming room-runtime-2.6.1.aar (androidx.room:room-runtime:2.6.1) with AarToClassTransform
Transforming room-ktx-2.6.1.aar (androidx.room:room-ktx:2.6.1) with AarToClassTransform
Transforming runtime-saveable-release.aar (androidx.compose.runtime:runtime-saveable-android:1.7.5) with AarToClassTransform
Transforming runtime-release.aar (androidx.compose.runtime:runtime-android:1.7.5) with AarToClassTransform
Transforming kotlinx-coroutines-core-jvm-1.8.1.jar (org.jetbrains.kotlinx:kotlinx-coroutines-core-jvm:1.8.1) with IdentityTransform
Transforming kotlinx-coroutines-android-1.8.1.jar (org.jetbrains.kotlinx:kotlinx-coroutines-android:1.8.1) with IdentityTransform
Transforming annotation-experimental-1.4.1.aar (androidx.annotation:annotation-experimental:1.4.1) with AarToClassTransform
Transforming savedstate-ktx-1.2.1.aar (androidx.savedstate:savedstate-ktx:1.2.1) with AarToClassTransform
Transforming savedstate-1.2.1.aar (androidx.savedstate:savedstate:1.2.1) with AarToClassTransform
Transforming okhttp-4.12.0.jar (com.squareup.okhttp3:okhttp:4.12.0) with IdentityTransform
Transforming okio-jvm-3.6.0.jar (com.squareup.okio:okio-jvm:3.6.0) with IdentityTransform
Transforming kotlin-stdlib-jdk8-1.9.10.jar (org.jetbrains.kotlin:kotlin-stdlib-jdk8:1.9.10) with IdentityTransform
Caching disabled for AarToClassTransform: /home/runner/.gradle/caches/modules-2/files-2.1/androidx.hilt/hilt-navigation/1.2.0/172a6ed851b46928d0dc290f2f82e356b63ed523/hilt-navigation-1.2.0.aar because:
  Caching not enabled.
Transforming sqlite-framework-2.4.0.aar (androidx.sqlite:sqlite-framework:2.4.0) with AarToClassTransform
Transforming sqlite-2.4.0.aar (androidx.sqlite:sqlite:2.4.0) with AarToClassTransform
Transforming versionedparcelable-1.1.1.aar (androidx.versionedparcelable:versionedparcelable:1.1.1) with AarToClassTransform
Transforming collection-jvm-1.4.4.jar (androidx.collection:collection-jvm:1.4.4) with IdentityTransform
Transforming core-runtime-2.2.0.aar (androidx.arch.core:core-runtime:2.2.0) with AarToClassTransform
Transforming core-common-2.2.0.jar (androidx.arch.core:core-common:2.2.0) with IdentityTransform
Transforming annotation-jvm-1.8.1.jar (androidx.annotation:annotation-jvm:1.8.1) with IdentityTransform
Transforming kotlin-stdlib-jdk7-1.9.10.jar (org.jetbrains.kotlin:kotlin-stdlib-jdk7:1.9.10) with IdentityTransform
Transforming kotlin-stdlib-2.0.21.jar (org.jetbrains.kotlin:kotlin-stdlib:2.0.21) with IdentityTransform
Transforming gson-2.11.0.jar (com.google.code.gson:gson:2.11.0) with IdentityTransform
Transforming jsoup-1.18.1.jar (org.jsoup:jsoup:1.18.1) with IdentityTransform
Transforming annotations-23.0.0.jar (org.jetbrains:annotations:23.0.0) with IdentityTransform
Transforming hilt-core-2.52.jar (com.google.dagger:hilt-core:2.52) with IdentityTransform
Transforming dagger-2.52.jar (com.google.dagger:dagger:2.52) with IdentityTransform
Transforming jakarta.inject-api-2.0.1.jar (jakarta.inject:jakarta.inject-api:2.0.1) with IdentityTransform
Transforming javax.inject-1.jar (javax.inject:javax.inject:1) with IdentityTransform
Transforming dagger-lint-aar-2.52.aar (com.google.dagger:dagger-lint-aar:2.52) with AarToClassTransform
Transforming jsr305-3.0.2.jar (com.google.code.findbugs:jsr305:3.0.2) with IdentityTransform
Transforming error_prone_annotations-2.27.0.jar (com.google.errorprone:error_prone_annotations:2.27.0) with IdentityTransform
Caching disabled for AarToClassTransform: /home/runner/.gradle/caches/modules-2/files-2.1/androidx.navigation/navigation-runtime/2.8.3/e7d49aae4d8831e93f692e70681d9a2e90232af2/navigation-runtime-2.8.3.aar because:
  Caching not enabled.
Caching disabled for AarToClassTransform: /home/runner/.gradle/caches/modules-2/files-2.1/androidx.navigation/navigation-common-ktx/2.8.3/268566962c2242a727f24321bfd56591931af325/navigation-common-ktx-2.8.3.aar because:
  Caching not enabled.
Caching disabled for AarToClassTransform: /home/runner/.gradle/caches/modules-2/files-2.1/androidx.navigation/navigation-runtime-ktx/2.8.3/f063bf8bde2d8bb14439cccd3107d83d9b370a22/navigation-runtime-ktx-2.8.3.aar because:
  Caching not enabled.
Caching disabled for AarToClassTransform: /home/runner/.gradle/caches/modules-2/files-2.1/androidx.navigation/navigation-compose/2.8.3/51a3dc042bb316ac7b49d73ad6eacecc6f6dd97/navigation-compose-2.8.3.aar because:
  Caching not enabled.
Caching disabled for AarToClassTransform: /home/runner/.gradle/caches/modules-2/files-2.1/com.google.dagger/hilt-android/2.52/4ed93e32d1cb26b5457daf04fc9a927e7ab9796b/hilt-android-2.52.aar because:
  Caching not enabled.
Caching disabled for AarToClassTransform: /home/runner/.gradle/caches/modules-2/files-2.1/androidx.fragment/fragment/1.5.1/39660bdcb1ed2c71e181ec3ac7dbfa65fc0f701f/fragment-1.5.1.aar because:
  Caching not enabled.
Caching disabled for AarToClassTransform: /home/runner/.gradle/caches/modules-2/files-2.1/androidx.activity/activity/1.9.3/643a69bf29d8eaedac8bd2974296d15a8748ba54/activity-1.9.3.aar because:
  Caching not enabled.
Caching disabled for AarToClassTransform: /home/runner/.gradle/caches/modules-2/files-2.1/androidx.activity/activity-compose/1.9.3/a164a9b2befba58b27451b4bc071c5335c500872/activity-compose-1.9.3.aar because:
  Caching not enabled.
Caching disabled for AarToClassTransform: /home/runner/.gradle/caches/modules-2/files-2.1/androidx.activity/activity-ktx/1.9.3/a1ac8704cfd955139ae60b07a8fcfc6cab8f218b/activity-ktx-1.9.3.aar because:
  Caching not enabled.
Caching disabled for AarToClassTransform: /home/runner/.gradle/caches/modules-2/files-2.1/androidx.compose.material3/material3-android/1.3.1/98016d623b96c25adbc6498aabf07507de258a62/material3-release.aar because:
  Caching not enabled.
Caching disabled for AarToClassTransform: /home/runner/.gradle/caches/modules-2/files-2.1/androidx.compose.foundation/foundation-layout-android/1.7.5/2ff3103d05c2a020ba83e316099c322a7366f4bd/foundation-layout-release.aar because:
  Caching not enabled.
Caching disabled for AarToClassTransform: /home/runner/.gradle/caches/modules-2/files-2.1/androidx.compose.material/material-ripple-android/1.7.5/d7265412c8281e6499f15024a3326a6730989bda/material-ripple-release.aar because:
  Caching not enabled.
Caching disabled for AarToClassTransform: /home/runner/.gradle/caches/modules-2/files-2.1/androidx.compose.foundation/foundation-android/1.7.5/deb4ec7d76431ce2a9179f702cfe17db099196cb/foundation-release.aar because:
  Caching not enabled.
Caching disabled for AarToClassTransform: /home/runner/.gradle/caches/modules-2/files-2.1/androidx.compose.animation/animation-core-android/1.7.5/67d7ebb3f53921a605ce41e5b9ba5a212c7646b/animation-core-release.aar because:
  Caching not enabled.
Caching disabled for AarToClassTransform: /home/runner/.gradle/caches/modules-2/files-2.1/androidx.compose.animation/animation-android/1.7.5/d56bb7dc853b96d72639feafa479f2236515d12b/animation-release.aar because:
  Caching not enabled.
Caching disabled for AarToClassTransform: /home/runner/.gradle/caches/modules-2/files-2.1/androidx.compose.ui/ui-util-android/1.7.5/2c5e20d991a91858d1de801663b2dd804fdbcbaf/ui-util-release.aar because:
  Caching not enabled.
Caching disabled for AarToClassTransform: /home/runner/.gradle/caches/modules-2/files-2.1/androidx.compose.ui/ui-unit-android/1.7.5/e8fc180297c7d6961de79fbcfc1401ef5c28248c/ui-unit-release.aar because:
  Caching not enabled.
Caching disabled for AarToClassTransform: /home/runner/.gradle/caches/modules-2/files-2.1/androidx.compose.ui/ui-text-android/1.7.5/9061ff3d05e3be0121a43b71b38289f0723ba0a8/ui-text-release.aar because:
  Caching not enabled.
Caching disabled for AarToClassTransform: /home/runner/.gradle/caches/modules-2/files-2.1/androidx.compose.ui/ui-geometry-android/1.7.5/c996445d52a1b07ca80b57c45815fed13ae7a642/ui-geometry-release.aar because:
  Caching not enabled.
Caching disabled for AarToClassTransform: /home/runner/.gradle/caches/modules-2/files-2.1/androidx.compose.ui/ui-tooling-data-android/1.7.5/80e9cd9cbb50d2e7f7dc2500e1aea464e3dc4988/ui-tooling-data-release.aar because:
  Caching not enabled.
Caching disabled for AarToClassTransform: /home/runner/.gradle/caches/modules-2/files-2.1/androidx.compose.ui/ui-tooling-preview-android/1.7.5/dee9e0705b2a4d3ed51bacde81be81d96cde6aad/ui-tooling-preview-release.aar because:
  Caching not enabled.
Caching disabled for AarToClassTransform: /home/runner/.gradle/caches/modules-2/files-2.1/androidx.compose.ui/ui-graphics-android/1.7.5/cfa7668e2a926c316310b7ac8c544a23ce32dd89/ui-graphics-release.aar because:
  Caching not enabled.
Caching disabled for AarToClassTransform: /home/runner/.gradle/caches/modules-2/files-2.1/androidx.compose.ui/ui-tooling-android/1.7.5/6a998a8562da7474ee0391915e5843eac1e4cd54/ui-tooling-release.aar because:
  Caching not enabled.
Caching disabled for AarToClassTransform: /home/runner/.gradle/caches/modules-2/files-2.1/androidx.loader/loader/1.0.0/8af8b6cec0da85c207d03e15840e0722cbc71e70/loader-1.0.0.aar because:
  Caching not enabled.
Caching disabled for AarToClassTransform: /home/runner/.gradle/caches/modules-2/files-2.1/androidx.viewpager/viewpager/1.0.0/1f90e13820f96c2fb868f9674079a551678d68b2/viewpager-1.0.0.aar because:
  Caching not enabled.
Caching disabled for AarToClassTransform: /home/runner/.gradle/caches/modules-2/files-2.1/androidx.customview/customview/1.0.0/30f5ff6075d112f8076e733b24410e68159735b6/customview-1.0.0.aar because:
  Caching not enabled.
Caching disabled for AarToClassTransform: /home/runner/.gradle/caches/modules-2/files-2.1/androidx.core/core/1.13.1/4606d420282fe1e5c8d5c4e647ec188e1045b7be/core-1.13.1.aar because:
  Caching not enabled.
Caching disabled for AarToClassTransform: /home/runner/.gradle/caches/modules-2/files-2.1/androidx.lifecycle/lifecycle-livedata-core-ktx/2.8.6/b5ba5c5f50ef12f1e60678258778fba426020d53/lifecycle-livedata-core-ktx-2.8.6.aar because:
  Caching not enabled.
Caching disabled for AarToClassTransform: /home/runner/.gradle/caches/modules-2/files-2.1/androidx.lifecycle/lifecycle-livedata/2.8.6/3013c84475ca51f848069593721bc9b95d2f6865/lifecycle-livedata-2.8.6.aar because:
  Caching not enabled.
Caching disabled for AarToClassTransform: /home/runner/.gradle/caches/modules-2/files-2.1/androidx.lifecycle/lifecycle-livedata-core/2.8.6/3be981a5e5b14a96f62cf2f33fe8b9372f4729c5/lifecycle-livedata-core-2.8.6.aar because:
  Caching not enabled.
Caching disabled for AarToClassTransform: /home/runner/.gradle/caches/modules-2/files-2.1/androidx.lifecycle/lifecycle-runtime-android/2.8.6/c9f2aabb0f3da152ac2afb33c0ff5daad8af8285/lifecycle-runtime-release.aar because:
  Caching not enabled.
Caching disabled for AarToClassTransform: /home/runner/.gradle/caches/modules-2/files-2.1/androidx.lifecycle/lifecycle-viewmodel-android/2.8.6/6ddde78dcc7778b33123967d7f87f81853863c2c/lifecycle-viewmodel-release.aar because:
  Caching not enabled.
Caching disabled for AarToClassTransform: /home/runner/.gradle/caches/modules-2/files-2.1/androidx.lifecycle/lifecycle-viewmodel-ktx/2.8.6/c4392db648259d8fe8193f8771c1b7bf57cbcd31/lifecycle-viewmodel-ktx-2.8.6.aar because:
  Caching not enabled.
Caching disabled for AarToClassTransform: /home/runner/.gradle/caches/modules-2/files-2.1/androidx.lifecycle/lifecycle-viewmodel/2.8.6/b24817e8c78b402c8d44acf07aeacd71f000ead2/lifecycle-viewmodel-2.8.6.aar because:
  Caching not enabled.
Caching disabled for AarToClassTransform: /home/runner/.gradle/caches/modules-2/files-2.1/androidx.lifecycle/lifecycle-viewmodel-compose-android/2.8.6/fb420f344676805c1f5e304aef1b07242953cebf/lifecycle-viewmodel-compose-release.aar because:
  Caching not enabled.
Caching disabled for AarToClassTransform: /home/runner/.gradle/caches/modules-2/files-2.1/androidx.compose.material/material-icons-extended-android/1.7.5/7f99672e6beef9c5e5a6627671a139fe6aad57ed/material-icons-extended-release.aar because:
  Caching not enabled.
Caching disabled for AarToClassTransform: /home/runner/.gradle/caches/modules-2/files-2.1/androidx.compose.material/material-icons-core-android/1.7.5/5c1be323cc5970f4c761ee4bc04a4a03c55e673a/material-icons-core-release.aar because:
  Caching not enabled.
Caching disabled for AarToClassTransform: /home/runner/.gradle/caches/modules-2/files-2.1/androidx.compose.ui/ui-android/1.7.5/1cc23a4d273407ef91e50717fca15a25cce765b0/ui-release.aar because:
  Caching not enabled.
Caching disabled for AarToClassTransform: /home/runner/.gradle/caches/modules-2/files-2.1/androidx.lifecycle/lifecycle-runtime-compose-android/2.8.6/d1ac4026bd1364d082cda6de08c2cf85a8580ebc/lifecycle-runtime-compose-release.aar because:
  Caching not enabled.
Caching disabled for AarToClassTransform: /home/runner/.gradle/caches/modules-2/files-2.1/androidx.lifecycle/lifecycle-runtime-ktx-android/2.8.6/1311e9e449c509f0065bfb2d0cfb51df491b0742/lifecycle-runtime-ktx-release.aar because:
  Caching not enabled.
Caching disabled for AarToClassTransform: /home/runner/.gradle/caches/modules-2/files-2.1/androidx.lifecycle/lifecycle-viewmodel-savedstate/2.8.6/81d58186f4a29d1008bb209689713e69ef346cf9/lifecycle-viewmodel-savedstate-2.8.6.aar because:
  Caching not enabled.
Caching disabled for AarToClassTransform: /home/runner/.gradle/caches/modules-2/files-2.1/androidx.core/core-ktx/1.13.1/f595b8c10fad9099f71a3c1fc6ded1c9b5010190/core-ktx-1.13.1.aar because:
  Caching not enabled.
Caching disabled for AarToClassTransform: /home/runner/.gradle/caches/modules-2/files-2.1/androidx.room/room-runtime/2.6.1/3ebcd7683411c298dd8aeee635f452c96eaf319/room-runtime-2.6.1.aar because:
  Caching not enabled.
Caching disabled for AarToClassTransform: /home/runner/.gradle/caches/modules-2/files-2.1/androidx.room/room-ktx/2.6.1/1f353808ec8a8b2d0a554d2a3f43f0829982df60/room-ktx-2.6.1.aar because:
  Caching not enabled.
Caching disabled for AarToClassTransform: /home/runner/.gradle/caches/modules-2/files-2.1/androidx.compose.runtime/runtime-saveable-android/1.7.5/d1ef810e8ddf95285686422cc1af3f7c9494a206/runtime-saveable-release.aar because:
  Caching not enabled.
Caching disabled for AarToClassTransform: /home/runner/.gradle/caches/modules-2/files-2.1/androidx.compose.runtime/runtime-android/1.7.5/46caecf848d887667bedaadd19131044d12a37d4/runtime-release.aar because:
  Caching not enabled.
Caching disabled for AarToClassTransform: /home/runner/.gradle/caches/modules-2/files-2.1/androidx.annotation/annotation-experimental/1.4.1/7851235e2a16ce50270a74b555edaf9209b42864/annotation-experimental-1.4.1.aar because:
  Caching not enabled.
Caching disabled for AarToClassTransform: /home/runner/.gradle/caches/modules-2/files-2.1/androidx.savedstate/savedstate-ktx/1.2.1/b86d338d91b1c26193a42b1d87be9bb02123fa16/savedstate-ktx-1.2.1.aar because:
  Caching not enabled.
Caching disabled for AarToClassTransform: /home/runner/.gradle/caches/modules-2/files-2.1/androidx.savedstate/savedstate/1.2.1/e364fc9dec32aa569d855f85864e50250318a093/savedstate-1.2.1.aar because:
  Caching not enabled.
Caching disabled for AarToClassTransform: /home/runner/.gradle/caches/modules-2/files-2.1/androidx.sqlite/sqlite-framework/2.4.0/532d56a4f312d78767534ff1cc2f8084baec6c26/sqlite-framework-2.4.0.aar because:
  Caching not enabled.
Caching disabled for AarToClassTransform: /home/runner/.gradle/caches/modules-2/files-2.1/androidx.sqlite/sqlite/2.4.0/cc553e5621c8ad4e233059a724100afa9e2fd1f4/sqlite-2.4.0.aar because:
  Caching not enabled.
Caching disabled for AarToClassTransform: /home/runner/.gradle/caches/modules-2/files-2.1/androidx.versionedparcelable/versionedparcelable/1.1.1/18e18071e7715679e0593c570217edeb5ca48b9e/versionedparcelable-1.1.1.aar because:
  Caching not enabled.
Caching disabled for AarToClassTransform: /home/runner/.gradle/caches/modules-2/files-2.1/androidx.arch.core/core-runtime/2.2.0/39705982680d78556b679ef9d5400d4f17509b0b/core-runtime-2.2.0.aar because:
  Caching not enabled.
Caching disabled for AarToClassTransform: /home/runner/.gradle/caches/modules-2/files-2.1/com.google.dagger/dagger-lint-aar/2.52/9e8414397e2487f21e697844837aa399a5161d0b/dagger-lint-aar-2.52.aar because:
  Caching not enabled.
Caching disabled for AarToClassTransform: /home/runner/.gradle/caches/modules-2/files-2.1/androidx.navigation/navigation-common/2.8.3/8e0e7768b8646f3cef39ae53bdaefa76410023c7/navigation-common-2.8.3.aar because:
  Caching not enabled.
Downloading https://repo.maven.apache.org/maven2/org/jetbrains/kotlin/kotlin-build-tools-impl/2.0.21/kotlin-build-tools-impl-2.0.21.pom to /home/runner/.gradle/.tmp/gradle_download9266480743007169922bin
Found locally available resource with matching checksum: [https://repo.maven.apache.org/maven2/org/jetbrains/kotlin/kotlin-compiler-embeddable/2.0.21/kotlin-compiler-embeddable-2.0.21.pom, /home/runner/.gradle/caches/modules-2/files-2.1/org.jetbrains.kotlin/kotlin-compiler-embeddable/2.0.21/9512dbadfdeffb95bbfc1456caac2118d8def75d/kotlin-compiler-embeddable-2.0.21.pom]
Found locally available resource with matching checksum: [https://repo.maven.apache.org/maven2/org/jetbrains/kotlin/kotlin-compiler-runner/2.0.21/kotlin-compiler-runner-2.0.21.pom, /home/runner/.gradle/caches/modules-2/files-2.1/org.jetbrains.kotlin/kotlin-compiler-runner/2.0.21/ef298f23f23f2a8c275e2b5aa052ac427a1cd7dc/kotlin-compiler-runner-2.0.21.pom]
Downloading https://repo.maven.apache.org/maven2/org/jetbrains/kotlin/kotlin-scripting-compiler-impl-embeddable/2.0.21/kotlin-scripting-compiler-impl-embeddable-2.0.21.pom to /home/runner/.gradle/.tmp/gradle_download6144265905470192512bin
Found locally available resource with matching checksum: [https://repo.maven.apache.org/maven2/org/jetbrains/kotlin/kotlin-build-tools-api/2.0.21/kotlin-build-tools-api-2.0.21.pom, /home/runner/.gradle/caches/modules-2/files-2.1/org.jetbrains.kotlin/kotlin-build-tools-api/2.0.21/a05605763587c0b665544769abcefa4fc497cb6d/kotlin-build-tools-api-2.0.21.pom]
Downloading https://repo.maven.apache.org/maven2/org/jetbrains/kotlin/kotlin-scripting-compiler-embeddable/2.0.21/kotlin-scripting-compiler-embeddable-2.0.21.pom to /home/runner/.gradle/.tmp/gradle_download9982513424759969770bin
Downloading https://repo.maven.apache.org/maven2/org/jetbrains/kotlin/kotlin-script-runtime/2.0.21/kotlin-script-runtime-2.0.21.pom to /home/runner/.gradle/.tmp/gradle_download6458767384258189464bin
Downloading https://repo.maven.apache.org/maven2/org/jetbrains/kotlin/kotlin-reflect/1.6.10/kotlin-reflect-1.6.10.pom to /home/runner/.gradle/.tmp/gradle_download1294301977239344108bin
Found locally available resource with matching checksum: [https://repo.maven.apache.org/maven2/org/jetbrains/kotlin/kotlin-daemon-embeddable/2.0.21/kotlin-daemon-embeddable-2.0.21.pom, /home/runner/.gradle/caches/modules-2/files-2.1/org.jetbrains.kotlin/kotlin-daemon-embeddable/2.0.21/33b79d49b61b78a8718bd27095f7d522a4fc0086/kotlin-daemon-embeddable-2.0.21.pom]
Found locally available resource with matching checksum: [https://repo.maven.apache.org/maven2/org/jetbrains/kotlinx/kotlinx-coroutines-core-jvm/1.6.4/kotlinx-coroutines-core-jvm-1.6.4.pom, /home/runner/.gradle/caches/modules-2/files-2.1/org.jetbrains.kotlinx/kotlinx-coroutines-core-jvm/1.6.4/b7c09a7e50e8d075a6f93bd0ef876cee77f5b158/kotlinx-coroutines-core-jvm-1.6.4.pom]
Found locally available resource with matching checksum: [https://repo.maven.apache.org/maven2/org/jetbrains/intellij/deps/trove4j/1.0.20200330/trove4j-1.0.20200330.pom, /home/runner/.gradle/caches/modules-2/files-2.1/org.jetbrains.intellij.deps/trove4j/1.0.20200330/c1f38f72d4dfc6efd773b0448a7aae08f8d5025f/trove4j-1.0.20200330.pom]
Found locally available resource with matching checksum: [https://repo.maven.apache.org/maven2/org/jetbrains/kotlinx/kotlinx-coroutines-bom/1.6.4/kotlinx-coroutines-bom-1.6.4.pom, /home/runner/.gradle/caches/modules-2/files-2.1/org.jetbrains.kotlinx/kotlinx-coroutines-bom/1.6.4/88f782b09538e0bda7fa5ee6926f102564009bb6/kotlinx-coroutines-bom-1.6.4.pom]
Found locally available resource with matching checksum: [https://repo.maven.apache.org/maven2/org/jetbrains/kotlinx/kotlinx-coroutines-core-jvm/1.6.4/kotlinx-coroutines-core-jvm-1.6.4.module, /home/runner/.gradle/caches/modules-2/files-2.1/org.jetbrains.kotlinx/kotlinx-coroutines-core-jvm/1.6.4/ba90650d460262c3a1cf001e55b10317a394b174/kotlinx-coroutines-core-jvm-1.6.4.module]
Downloading https://repo.maven.apache.org/maven2/org/jetbrains/kotlin/kotlin-build-common/2.0.21/kotlin-build-common-2.0.21.pom to /home/runner/.gradle/.tmp/gradle_download6257898858325156287bin
Found locally available resource with matching checksum: [https://repo.maven.apache.org/maven2/org/jetbrains/kotlin/kotlin-daemon-client/2.0.21/kotlin-daemon-client-2.0.21.pom, /home/runner/.gradle/caches/modules-2/files-2.1/org.jetbrains.kotlin/kotlin-daemon-client/2.0.21/7aec5cac53253fb91eb5f9866199c2de250f4e52/kotlin-daemon-client-2.0.21.pom]
Downloading https://repo.maven.apache.org/maven2/org/jetbrains/kotlin/kotlin-scripting-common/2.0.21/kotlin-scripting-common-2.0.21.pom to /home/runner/.gradle/.tmp/gradle_download17665186640371187569bin
Downloading https://repo.maven.apache.org/maven2/org/jetbrains/kotlin/kotlin-scripting-jvm/2.0.21/kotlin-scripting-jvm-2.0.21.pom to /home/runner/.gradle/.tmp/gradle_download1661575063715118755bin
Found locally available resource with matching checksum: [https://repo.maven.apache.org/maven2/org/jetbrains/kotlin/kotlin-build-tools-impl/2.0.21/kotlin-build-tools-impl-2.0.21.jar, /home/runner/.gradle/caches/modules-2/files-2.1/org.jetbrains.kotlin/kotlin-build-tools-impl/2.0.21/c19eac50ec66f36f876f798dd99713bf64c83c1/kotlin-build-tools-impl-2.0.21.jar]
Found locally available resource with matching checksum: [https://repo.maven.apache.org/maven2/org/jetbrains/kotlin/kotlin-build-tools-api/2.0.21/kotlin-build-tools-api-2.0.21.jar, /home/runner/.gradle/caches/modules-2/files-2.1/org.jetbrains.kotlin/kotlin-build-tools-api/2.0.21/612804301136399c0cc5c93f2366ef33fd0afdc3/kotlin-build-tools-api-2.0.21.jar]
Found locally available resource with matching checksum: [https://repo.maven.apache.org/maven2/org/jetbrains/kotlin/kotlin-compiler-runner/2.0.21/kotlin-compiler-runner-2.0.21.jar, /home/runner/.gradle/caches/modules-2/files-2.1/org.jetbrains.kotlin/kotlin-compiler-runner/2.0.21/ea7301e9ee0a6cf310b67619709d578dd57896dc/kotlin-compiler-runner-2.0.21.jar]
Found locally available resource with matching checksum: [https://repo.maven.apache.org/maven2/org/jetbrains/kotlin/kotlin-scripting-compiler-embeddable/2.0.21/kotlin-scripting-compiler-embeddable-2.0.21.jar, /home/runner/.gradle/caches/modules-2/files-2.1/org.jetbrains.kotlin/kotlin-scripting-compiler-embeddable/2.0.21/ac0c290312174e309c3e65711ab29fed1442532a/kotlin-scripting-compiler-embeddable-2.0.21.jar]
Found locally available resource with matching checksum: [https://repo.maven.apache.org/maven2/org/jetbrains/kotlin/kotlin-scripting-compiler-impl-embeddable/2.0.21/kotlin-scripting-compiler-impl-embeddable-2.0.21.jar, /home/runner/.gradle/caches/modules-2/files-2.1/org.jetbrains.kotlin/kotlin-scripting-compiler-impl-embeddable/2.0.21/84c79a332f515fd6dd3ea2ab50c227c4a5756c37/kotlin-scripting-compiler-impl-embeddable-2.0.21.jar]
Found locally available resource with matching checksum: [https://repo.maven.apache.org/maven2/org/jetbrains/kotlin/kotlin-daemon-client/2.0.21/kotlin-daemon-client-2.0.21.jar, /home/runner/.gradle/caches/modules-2/files-2.1/org.jetbrains.kotlin/kotlin-daemon-client/2.0.21/10cbd364d0703452050d9c4925fd24a6fec7e8d9/kotlin-daemon-client-2.0.21.jar]
Found locally available resource with matching checksum: [https://repo.maven.apache.org/maven2/org/jetbrains/kotlin/kotlin-scripting-jvm/2.0.21/kotlin-scripting-jvm-2.0.21.jar, /home/runner/.gradle/caches/modules-2/files-2.1/org.jetbrains.kotlin/kotlin-scripting-jvm/2.0.21/939d8b644308f8d97c60317df76ee40299475831/kotlin-scripting-jvm-2.0.21.jar]
Found locally available resource with matching checksum: [https://repo.maven.apache.org/maven2/org/jetbrains/kotlin/kotlin-scripting-common/2.0.21/kotlin-scripting-common-2.0.21.jar, /home/runner/.gradle/caches/modules-2/files-2.1/org.jetbrains.kotlin/kotlin-scripting-common/2.0.21/2aeb50e2df2ef94f6b90b7ab2c56d5e18d3687c1/kotlin-scripting-common-2.0.21.jar]
Found locally available resource with matching checksum: [https://repo.maven.apache.org/maven2/org/jetbrains/kotlin/kotlin-script-runtime/2.0.21/kotlin-script-runtime-2.0.21.jar, /home/runner/.gradle/caches/modules-2/files-2.1/org.jetbrains.kotlin/kotlin-script-runtime/2.0.21/c9b044380ad41f89aa89aa896c2d32a8c0b2129d/kotlin-script-runtime-2.0.21.jar]
Found locally available resource with matching checksum: [https://repo.maven.apache.org/maven2/org/jetbrains/kotlin/kotlin-daemon-embeddable/2.0.21/kotlin-daemon-embeddable-2.0.21.jar, /home/runner/.gradle/caches/modules-2/files-2.1/org.jetbrains.kotlin/kotlin-daemon-embeddable/2.0.21/c9e933b23287de9b5a17e2116b4657bb91aea72c/kotlin-daemon-embeddable-2.0.21.jar]
Found locally available resource with matching checksum: [https://repo.maven.apache.org/maven2/org/jetbrains/intellij/deps/trove4j/1.0.20200330/trove4j-1.0.20200330.jar, /home/runner/.gradle/caches/modules-2/files-2.1/org.jetbrains.intellij.deps/trove4j/1.0.20200330/3afb14d5f9ceb459d724e907a21145e8ff394f02/trove4j-1.0.20200330.jar]
Found locally available resource with matching checksum: [https://repo.maven.apache.org/maven2/org/jetbrains/kotlin/kotlin-reflect/1.6.10/kotlin-reflect-1.6.10.jar, /home/runner/.gradle/caches/modules-2/files-2.1/org.jetbrains.kotlin/kotlin-reflect/1.6.10/1cbe9c92c12a94eea200d23c2bbaedaf3daf5132/kotlin-reflect-1.6.10.jar]
Found locally available resource with matching checksum: [https://repo.maven.apache.org/maven2/org/jetbrains/kotlinx/kotlinx-coroutines-core-jvm/1.6.4/kotlinx-coroutines-core-jvm-1.6.4.jar, /home/runner/.gradle/caches/modules-2/files-2.1/org.jetbrains.kotlinx/kotlinx-coroutines-core-jvm/1.6.4/2c997cd1c0ef33f3e751d3831929aeff1390cb30/kotlinx-coroutines-core-jvm-1.6.4.jar]
Found locally available resource with matching checksum: [https://repo.maven.apache.org/maven2/org/jetbrains/kotlin/kotlin-build-common/2.0.21/kotlin-build-common-2.0.21.jar, /home/runner/.gradle/caches/modules-2/files-2.1/org.jetbrains.kotlin/kotlin-build-common/2.0.21/24fae92b31b11b156444814a7fdfffc6c0fca4c1/kotlin-build-common-2.0.21.jar]
Found locally available resource with matching checksum: [https://repo.maven.apache.org/maven2/org/jetbrains/kotlin/kotlin-compiler-embeddable/2.0.21/kotlin-compiler-embeddable-2.0.21.jar, /home/runner/.gradle/caches/modules-2/files-2.1/org.jetbrains.kotlin/kotlin-compiler-embeddable/2.0.21/79346ed53db48b18312a472602eb5c057070c54d/kotlin-compiler-embeddable-2.0.21.jar]
Transforming R.jar with BuildToolsApiClasspathEntrySnapshotTransform
Transforming hilt-navigation-compose-1.2.0-api.jar with BuildToolsApiClasspathEntrySnapshotTransform
Transforming hilt-navigation-1.2.0-api.jar with BuildToolsApiClasspathEntrySnapshotTransform
Transforming navigation-common-2.8.3-api.jar with BuildToolsApiClasspathEntrySnapshotTransform
Transforming navigation-runtime-2.8.3-api.jar with BuildToolsApiClasspathEntrySnapshotTransform
Transforming navigation-common-ktx-2.8.3-api.jar with BuildToolsApiClasspathEntrySnapshotTransform
Transforming navigation-runtime-ktx-2.8.3-api.jar with BuildToolsApiClasspathEntrySnapshotTransform
Transforming navigation-compose-2.8.3-api.jar with BuildToolsApiClasspathEntrySnapshotTransform
Transforming hilt-android-2.52-api.jar with BuildToolsApiClasspathEntrySnapshotTransform
Transforming fragment-1.5.1-api.jar with BuildToolsApiClasspathEntrySnapshotTransform
Transforming activity-1.9.3-api.jar with BuildToolsApiClasspathEntrySnapshotTransform
Transforming activity-compose-1.9.3-api.jar with BuildToolsApiClasspathEntrySnapshotTransform
Transforming activity-ktx-1.9.3-api.jar with BuildToolsApiClasspathEntrySnapshotTransform
Transforming material3-release-api.jar with BuildToolsApiClasspathEntrySnapshotTransform
Transforming foundation-layout-release-api.jar with BuildToolsApiClasspathEntrySnapshotTransform
Transforming material-ripple-release-api.jar with BuildToolsApiClasspathEntrySnapshotTransform
Transforming foundation-release-api.jar with BuildToolsApiClasspathEntrySnapshotTransform
Transforming animation-core-release-api.jar with BuildToolsApiClasspathEntrySnapshotTransform
Transforming animation-release-api.jar with BuildToolsApiClasspathEntrySnapshotTransform
Transforming ui-util-release-api.jar with BuildToolsApiClasspathEntrySnapshotTransform
Transforming ui-unit-release-api.jar with BuildToolsApiClasspathEntrySnapshotTransform
Transforming ui-text-release-api.jar with BuildToolsApiClasspathEntrySnapshotTransform
Transforming ui-geometry-release-api.jar with BuildToolsApiClasspathEntrySnapshotTransform
Transforming ui-tooling-data-release-api.jar with BuildToolsApiClasspathEntrySnapshotTransform
Transforming ui-tooling-preview-release-api.jar with BuildToolsApiClasspathEntrySnapshotTransform
Transforming ui-graphics-release-api.jar with BuildToolsApiClasspathEntrySnapshotTransform
Transforming ui-tooling-release-api.jar with BuildToolsApiClasspathEntrySnapshotTransform
Transforming loader-1.0.0-api.jar with BuildToolsApiClasspathEntrySnapshotTransform
Transforming viewpager-1.0.0-api.jar with BuildToolsApiClasspathEntrySnapshotTransform
Transforming customview-1.0.0-api.jar with BuildToolsApiClasspathEntrySnapshotTransform
Transforming core-1.13.1-api.jar with BuildToolsApiClasspathEntrySnapshotTransform
Transforming lifecycle-livedata-core-ktx-2.8.6-api.jar with BuildToolsApiClasspathEntrySnapshotTransform
Transforming lifecycle-livedata-2.8.6-api.jar with BuildToolsApiClasspathEntrySnapshotTransform
Transforming lifecycle-runtime-release-api.jar with BuildToolsApiClasspathEntrySnapshotTransform
Transforming lifecycle-common-jvm-2.8.6.jar with BuildToolsApiClasspathEntrySnapshotTransform
Transforming lifecycle-livedata-core-2.8.6-api.jar with BuildToolsApiClasspathEntrySnapshotTransform
Transforming lifecycle-viewmodel-2.8.6-api.jar with BuildToolsApiClasspathEntrySnapshotTransform
Transforming lifecycle-viewmodel-release-api.jar with BuildToolsApiClasspathEntrySnapshotTransform
Transforming lifecycle-viewmodel-ktx-2.8.6-api.jar with BuildToolsApiClasspathEntrySnapshotTransform
Transforming lifecycle-viewmodel-compose-release-api.jar with BuildToolsApiClasspathEntrySnapshotTransform
Transforming material-icons-extended-release-api.jar with BuildToolsApiClasspathEntrySnapshotTransform
Transforming material-icons-core-release-api.jar with BuildToolsApiClasspathEntrySnapshotTransform
Transforming ui-release-api.jar with BuildToolsApiClasspathEntrySnapshotTransform
Transforming lifecycle-runtime-compose-release-api.jar with BuildToolsApiClasspathEntrySnapshotTransform
Transforming lifecycle-runtime-ktx-release-api.jar with BuildToolsApiClasspathEntrySnapshotTransform
Transforming lifecycle-viewmodel-savedstate-2.8.6-api.jar with BuildToolsApiClasspathEntrySnapshotTransform
Transforming core-ktx-1.13.1-api.jar with BuildToolsApiClasspathEntrySnapshotTransform
Transforming room-common-2.6.1.jar with BuildToolsApiClasspathEntrySnapshotTransform
Transforming room-runtime-2.6.1-api.jar with BuildToolsApiClasspathEntrySnapshotTransform
Transforming room-ktx-2.6.1-api.jar with BuildToolsApiClasspathEntrySnapshotTransform
Transforming runtime-saveable-release-api.jar with BuildToolsApiClasspathEntrySnapshotTransform
Transforming runtime-release-api.jar with BuildToolsApiClasspathEntrySnapshotTransform
Transforming kotlinx-coroutines-core-jvm-1.8.1.jar with BuildToolsApiClasspathEntrySnapshotTransform
Transforming kotlinx-coroutines-android-1.8.1.jar with BuildToolsApiClasspathEntrySnapshotTransform
Transforming annotation-experimental-1.4.1-api.jar with BuildToolsApiClasspathEntrySnapshotTransform
Transforming savedstate-ktx-1.2.1-api.jar with BuildToolsApiClasspathEntrySnapshotTransform
Transforming savedstate-1.2.1-api.jar with BuildToolsApiClasspathEntrySnapshotTransform
Transforming okhttp-4.12.0.jar with BuildToolsApiClasspathEntrySnapshotTransform
Transforming okio-jvm-3.6.0.jar with BuildToolsApiClasspathEntrySnapshotTransform
Transforming kotlin-stdlib-jdk8-1.9.10.jar with BuildToolsApiClasspathEntrySnapshotTransform
Transforming sqlite-framework-2.4.0-api.jar with BuildToolsApiClasspathEntrySnapshotTransform
Transforming sqlite-2.4.0-api.jar with BuildToolsApiClasspathEntrySnapshotTransform
Build cache key for BuildToolsApiClasspathEntrySnapshotTransform: /home/runner/.gradle/caches/8.9/transforms/ba71c18e3167212c9291114d7712dd8a/transformed/hilt-navigation-compose-1.2.0-api.jar is a4e9a4ec3e66a27a17129c93ca32ee7b
Build cache key for BuildToolsApiClasspathEntrySnapshotTransform: /home/runner/work/SiteManager/SiteManager/app/build/intermediates/compile_and_runtime_not_namespaced_r_class_jar/debug/processDebugResources/R.jar is 3baba83b053dd8fa2feaf4e06928ce36
Transforming versionedparcelable-1.1.1-api.jar with BuildToolsApiClasspathEntrySnapshotTransform
Transforming collection-jvm-1.4.4.jar with BuildToolsApiClasspathEntrySnapshotTransform
Transforming core-runtime-2.2.0-api.jar with BuildToolsApiClasspathEntrySnapshotTransform
Transforming core-common-2.2.0.jar with BuildToolsApiClasspathEntrySnapshotTransform
Transforming annotation-jvm-1.8.1.jar with BuildToolsApiClasspathEntrySnapshotTransform
Transforming kotlin-stdlib-jdk7-1.9.10.jar with BuildToolsApiClasspathEntrySnapshotTransform
Transforming kotlin-stdlib-2.0.21.jar with BuildToolsApiClasspathEntrySnapshotTransform
Transforming gson-2.11.0.jar with BuildToolsApiClasspathEntrySnapshotTransform
Transforming jsoup-1.18.1.jar with BuildToolsApiClasspathEntrySnapshotTransform
Transforming annotations-23.0.0.jar with BuildToolsApiClasspathEntrySnapshotTransform
Transforming hilt-core-2.52.jar with BuildToolsApiClasspathEntrySnapshotTransform
Transforming dagger-2.52.jar with BuildToolsApiClasspathEntrySnapshotTransform
Transforming jakarta.inject-api-2.0.1.jar with BuildToolsApiClasspathEntrySnapshotTransform
Transforming javax.inject-1.jar with BuildToolsApiClasspathEntrySnapshotTransform
Transforming dagger-lint-aar-2.52-api.jar with BuildToolsApiClasspathEntrySnapshotTransform
Transforming jsr305-3.0.2.jar with BuildToolsApiClasspathEntrySnapshotTransform
Transforming error_prone_annotations-2.27.0.jar with BuildToolsApiClasspathEntrySnapshotTransform
Transforming android.jar with BuildToolsApiClasspathEntrySnapshotTransform
Transforming core-lambda-stubs.jar with BuildToolsApiClasspathEntrySnapshotTransform
Build cache key for BuildToolsApiClasspathEntrySnapshotTransform: /home/runner/.gradle/caches/8.9/transforms/6c7a5706c5eeba892b7a02bb9dff8cf8/transformed/navigation-common-2.8.3-api.jar is d66654325f02234eda4ce02b57d0af44
Stored cache entry for BuildToolsApiClasspathEntrySnapshotTransform: /home/runner/.gradle/caches/8.9/transforms/ba71c18e3167212c9291114d7712dd8a/transformed/hilt-navigation-compose-1.2.0-api.jar with cache key a4e9a4ec3e66a27a17129c93ca32ee7b
Build cache key for BuildToolsApiClasspathEntrySnapshotTransform: /home/runner/.gradle/caches/8.9/transforms/c0603781a03dfafe0c8919f3592bf22d/transformed/navigation-runtime-2.8.3-api.jar is bfa318d7c0b3311334a2b2a3dd7856ba
Stored cache entry for BuildToolsApiClasspathEntrySnapshotTransform: /home/runner/work/SiteManager/SiteManager/app/build/intermediates/compile_and_runtime_not_namespaced_r_class_jar/debug/processDebugResources/R.jar with cache key 3baba83b053dd8fa2feaf4e06928ce36
Build cache key for BuildToolsApiClasspathEntrySnapshotTransform: /home/runner/.gradle/caches/8.9/transforms/f2d9c43b245f70d8a4290e6378d2d9ee/transformed/navigation-common-ktx-2.8.3-api.jar is f795ab00deeb586430fd6a4edbfd6361
Stored cache entry for BuildToolsApiClasspathEntrySnapshotTransform: /home/runner/.gradle/caches/8.9/transforms/f2d9c43b245f70d8a4290e6378d2d9ee/transformed/navigation-common-ktx-2.8.3-api.jar with cache key f795ab00deeb586430fd6a4edbfd6361
Build cache key for BuildToolsApiClasspathEntrySnapshotTransform: /home/runner/.gradle/caches/8.9/transforms/515df33c3dc2fcb52496bcf039ebb48c/transformed/navigation-runtime-ktx-2.8.3-api.jar is b5c1628dace8f8e515994c61410a79a6
Stored cache entry for BuildToolsApiClasspathEntrySnapshotTransform: /home/runner/.gradle/caches/8.9/transforms/515df33c3dc2fcb52496bcf039ebb48c/transformed/navigation-runtime-ktx-2.8.3-api.jar with cache key b5c1628dace8f8e515994c61410a79a6
Build cache key for BuildToolsApiClasspathEntrySnapshotTransform: /home/runner/.gradle/caches/8.9/transforms/7f481000c2c4ca54e146ce5513e81b35/transformed/navigation-compose-2.8.3-api.jar is cfbe04caa2e2bb17671a77c08feb5140
Stored cache entry for BuildToolsApiClasspathEntrySnapshotTransform: /home/runner/.gradle/caches/8.9/transforms/7f481000c2c4ca54e146ce5513e81b35/transformed/navigation-compose-2.8.3-api.jar with cache key cfbe04caa2e2bb17671a77c08feb5140
Build cache key for BuildToolsApiClasspathEntrySnapshotTransform: /home/runner/.gradle/caches/8.9/transforms/609a8e007aa6437773933d76fbfe7dfd/transformed/hilt-android-2.52-api.jar is 4ebd9704b070db34025d94a02a1db7bd
Stored cache entry for BuildToolsApiClasspathEntrySnapshotTransform: /home/runner/.gradle/caches/8.9/transforms/c0603781a03dfafe0c8919f3592bf22d/transformed/navigation-runtime-2.8.3-api.jar with cache key bfa318d7c0b3311334a2b2a3dd7856ba
Build cache key for BuildToolsApiClasspathEntrySnapshotTransform: /home/runner/.gradle/caches/8.9/transforms/2d36eba435ed3bc5f57a86fa2354ec9e/transformed/fragment-1.5.1-api.jar is aefb92aea7772b1dea69b9b5ebd44478
Stored cache entry for BuildToolsApiClasspathEntrySnapshotTransform: /home/runner/.gradle/caches/8.9/transforms/609a8e007aa6437773933d76fbfe7dfd/transformed/hilt-android-2.52-api.jar with cache key 4ebd9704b070db34025d94a02a1db7bd
Build cache key for BuildToolsApiClasspathEntrySnapshotTransform: /home/runner/.gradle/caches/8.9/transforms/7d0b7cdf70d20070c45d01b166a0d95f/transformed/activity-1.9.3-api.jar is 8af39e0a6ad7e4cc1c6b2c6164b382a8
Stored cache entry for BuildToolsApiClasspathEntrySnapshotTransform: /home/runner/.gradle/caches/8.9/transforms/6c7a5706c5eeba892b7a02bb9dff8cf8/transformed/navigation-common-2.8.3-api.jar with cache key d66654325f02234eda4ce02b57d0af44
Stored cache entry for BuildToolsApiClasspathEntrySnapshotTransform: /home/runner/.gradle/caches/8.9/transforms/2d36eba435ed3bc5f57a86fa2354ec9e/transformed/fragment-1.5.1-api.jar with cache key aefb92aea7772b1dea69b9b5ebd44478
Build cache key for BuildToolsApiClasspathEntrySnapshotTransform: /home/runner/.gradle/caches/8.9/transforms/bc94ef6d125e835ec386083eb14bab58/transformed/activity-compose-1.9.3-api.jar is 9a51ec1056b7bfbf8caab0c7a1c1e829
Build cache key for BuildToolsApiClasspathEntrySnapshotTransform: /home/runner/.gradle/caches/8.9/transforms/bc16e6fa2730946f17aaf146f177c3ad/transformed/activity-ktx-1.9.3-api.jar is 01b5e381c0e88369ec71da67c2af9f3b
Stored cache entry for BuildToolsApiClasspathEntrySnapshotTransform: /home/runner/.gradle/caches/8.9/transforms/bc16e6fa2730946f17aaf146f177c3ad/transformed/activity-ktx-1.9.3-api.jar with cache key 01b5e381c0e88369ec71da67c2af9f3b
Stored cache entry for BuildToolsApiClasspathEntrySnapshotTransform: /home/runner/.gradle/caches/8.9/transforms/bc94ef6d125e835ec386083eb14bab58/transformed/activity-compose-1.9.3-api.jar with cache key 9a51ec1056b7bfbf8caab0c7a1c1e829
Build cache key for BuildToolsApiClasspathEntrySnapshotTransform: /home/runner/.gradle/caches/8.9/transforms/d73f3511eca4f45d7c23e03f70126830/transformed/foundation-layout-release-api.jar is ae38586a01dd7fddca310ab55ff97886
Stored cache entry for BuildToolsApiClasspathEntrySnapshotTransform: /home/runner/.gradle/caches/8.9/transforms/7d0b7cdf70d20070c45d01b166a0d95f/transformed/activity-1.9.3-api.jar with cache key 8af39e0a6ad7e4cc1c6b2c6164b382a8
Build cache key for BuildToolsApiClasspathEntrySnapshotTransform: /home/runner/.gradle/caches/8.9/transforms/c77c45fe307667c8cb348d0d4b301ab4/transformed/material-ripple-release-api.jar is f9eb94923186e5bab8700378de1c0be9
Build cache key for BuildToolsApiClasspathEntrySnapshotTransform: /home/runner/.gradle/caches/8.9/transforms/391ff917d937b14747d6ef837097e35c/transformed/material3-release-api.jar is 7b45de5640b434490fb49c52ff695bb8
Stored cache entry for BuildToolsApiClasspathEntrySnapshotTransform: /home/runner/.gradle/caches/8.9/transforms/c77c45fe307667c8cb348d0d4b301ab4/transformed/material-ripple-release-api.jar with cache key f9eb94923186e5bab8700378de1c0be9
Build cache key for BuildToolsApiClasspathEntrySnapshotTransform: /home/runner/.gradle/caches/8.9/transforms/c6e475cc42dd49329b3854ed3be1713c/transformed/foundation-release-api.jar is dc54bdd7e8d9af63346790656fa9da89
Stored cache entry for BuildToolsApiClasspathEntrySnapshotTransform: /home/runner/.gradle/caches/8.9/transforms/d73f3511eca4f45d7c23e03f70126830/transformed/foundation-layout-release-api.jar with cache key ae38586a01dd7fddca310ab55ff97886
Build cache key for BuildToolsApiClasspathEntrySnapshotTransform: /home/runner/.gradle/caches/8.9/transforms/f551383922bac7a6b23e55568c53160b/transformed/animation-core-release-api.jar is 929e19a4bb06f73bd950c81a705d888d
Stored cache entry for BuildToolsApiClasspathEntrySnapshotTransform: /home/runner/.gradle/caches/8.9/transforms/f551383922bac7a6b23e55568c53160b/transformed/animation-core-release-api.jar with cache key 929e19a4bb06f73bd950c81a705d888d
Build cache key for BuildToolsApiClasspathEntrySnapshotTransform: /home/runner/.gradle/caches/8.9/transforms/93851c790b8393a3a63b5a39a7253c23/transformed/animation-release-api.jar is 22e659530806c4203a99c4dda6ad794e
Stored cache entry for BuildToolsApiClasspathEntrySnapshotTransform: /home/runner/.gradle/caches/8.9/transforms/93851c790b8393a3a63b5a39a7253c23/transformed/animation-release-api.jar with cache key 22e659530806c4203a99c4dda6ad794e
Build cache key for BuildToolsApiClasspathEntrySnapshotTransform: /home/runner/.gradle/caches/8.9/transforms/09dd33e4a4e597325aaa239e7de669d4/transformed/ui-util-release-api.jar is 1d38d17178b4aff77759d5fff159b5cf
Stored cache entry for BuildToolsApiClasspathEntrySnapshotTransform: /home/runner/.gradle/caches/8.9/transforms/09dd33e4a4e597325aaa239e7de669d4/transformed/ui-util-release-api.jar with cache key 1d38d17178b4aff77759d5fff159b5cf
Build cache key for BuildToolsApiClasspathEntrySnapshotTransform: /home/runner/.gradle/caches/8.9/transforms/29e97dacd4dd1891ff63669ffa008829/transformed/ui-unit-release-api.jar is ee3306aa5ae3b9d24354a072a3bd2398
Stored cache entry for BuildToolsApiClasspathEntrySnapshotTransform: /home/runner/.gradle/caches/8.9/transforms/29e97dacd4dd1891ff63669ffa008829/transformed/ui-unit-release-api.jar with cache key ee3306aa5ae3b9d24354a072a3bd2398
Build cache key for BuildToolsApiClasspathEntrySnapshotTransform: /home/runner/.gradle/caches/8.9/transforms/46785e64a8baa4830ecdf57e54e225b1/transformed/ui-text-release-api.jar is 5b5fc79c309707333ca45e2226628e68
Stored cache entry for BuildToolsApiClasspathEntrySnapshotTransform: /home/runner/.gradle/caches/8.9/transforms/391ff917d937b14747d6ef837097e35c/transformed/material3-release-api.jar with cache key 7b45de5640b434490fb49c52ff695bb8
Build cache key for BuildToolsApiClasspathEntrySnapshotTransform: /home/runner/.gradle/caches/8.9/transforms/e1e79cf896e684d026788b81ee52f99c/transformed/ui-geometry-release-api.jar is 40b06d3728410169ecb58e976ff13f48
Stored cache entry for BuildToolsApiClasspathEntrySnapshotTransform: /home/runner/.gradle/caches/8.9/transforms/e1e79cf896e684d026788b81ee52f99c/transformed/ui-geometry-release-api.jar with cache key 40b06d3728410169ecb58e976ff13f48
Build cache key for BuildToolsApiClasspathEntrySnapshotTransform: /home/runner/.gradle/caches/8.9/transforms/050737633ce4221b0b214bb926c3fa06/transformed/ui-tooling-data-release-api.jar is 01770f619a467a1fb9490db6748b55da
Stored cache entry for BuildToolsApiClasspathEntrySnapshotTransform: /home/runner/.gradle/caches/8.9/transforms/050737633ce4221b0b214bb926c3fa06/transformed/ui-tooling-data-release-api.jar with cache key 01770f619a467a1fb9490db6748b55da
Build cache key for BuildToolsApiClasspathEntrySnapshotTransform: /home/runner/.gradle/caches/8.9/transforms/6e500d7d712bb70427e47b92ee7f4aaf/transformed/ui-tooling-preview-release-api.jar is 7ceea4930f6ea0e7d92837963be35a37
Stored cache entry for BuildToolsApiClasspathEntrySnapshotTransform: /home/runner/.gradle/caches/8.9/transforms/6e500d7d712bb70427e47b92ee7f4aaf/transformed/ui-tooling-preview-release-api.jar with cache key 7ceea4930f6ea0e7d92837963be35a37
Stored cache entry for BuildToolsApiClasspathEntrySnapshotTransform: /home/runner/.gradle/caches/8.9/transforms/46785e64a8baa4830ecdf57e54e225b1/transformed/ui-text-release-api.jar with cache key 5b5fc79c309707333ca45e2226628e68
Build cache key for BuildToolsApiClasspathEntrySnapshotTransform: /home/runner/.gradle/caches/8.9/transforms/0ae5f146d63e69c6a8f02d936d0f453f/transformed/ui-graphics-release-api.jar is 49ed57e71aac2527e7b8110c23efe508
Build cache key for BuildToolsApiClasspathEntrySnapshotTransform: /home/runner/.gradle/caches/8.9/transforms/ab6cb5ab06b9d142091bcce838535a74/transformed/ui-tooling-release-api.jar is 9c436ccd54b598a3883f283a6fc4f6e2
Stored cache entry for BuildToolsApiClasspathEntrySnapshotTransform: /home/runner/.gradle/caches/8.9/transforms/ab6cb5ab06b9d142091bcce838535a74/transformed/ui-tooling-release-api.jar with cache key 9c436ccd54b598a3883f283a6fc4f6e2
Build cache key for BuildToolsApiClasspathEntrySnapshotTransform: /home/runner/.gradle/caches/8.9/transforms/7a04d3168a7f40b9f1526a7154a5dd6d/transformed/loader-1.0.0-api.jar is 3234b04cbce50c0104bd2b6072b40d21
Stored cache entry for BuildToolsApiClasspathEntrySnapshotTransform: /home/runner/.gradle/caches/8.9/transforms/7a04d3168a7f40b9f1526a7154a5dd6d/transformed/loader-1.0.0-api.jar with cache key 3234b04cbce50c0104bd2b6072b40d21
Build cache key for BuildToolsApiClasspathEntrySnapshotTransform: /home/runner/.gradle/caches/8.9/transforms/7de7e6895c4a437b438fa9e974a9b564/transformed/viewpager-1.0.0-api.jar is 12e9abf0dcf001848312057fd66cc005
Stored cache entry for BuildToolsApiClasspathEntrySnapshotTransform: /home/runner/.gradle/caches/8.9/transforms/7de7e6895c4a437b438fa9e974a9b564/transformed/viewpager-1.0.0-api.jar with cache key 12e9abf0dcf001848312057fd66cc005
Build cache key for BuildToolsApiClasspathEntrySnapshotTransform: /home/runner/.gradle/caches/8.9/transforms/5d36ad9c490e6c0e7d24acf47d25e97a/transformed/customview-1.0.0-api.jar is 05080f06789e3509f23acc9928113d66
Stored cache entry for BuildToolsApiClasspathEntrySnapshotTransform: /home/runner/.gradle/caches/8.9/transforms/5d36ad9c490e6c0e7d24acf47d25e97a/transformed/customview-1.0.0-api.jar with cache key 05080f06789e3509f23acc9928113d66
Build cache key for BuildToolsApiClasspathEntrySnapshotTransform: /home/runner/.gradle/caches/8.9/transforms/66cbc2bd669605ef91b46b44a4f85a9a/transformed/core-1.13.1-api.jar is 33411321379e034d724455150976050b
Stored cache entry for BuildToolsApiClasspathEntrySnapshotTransform: /home/runner/.gradle/caches/8.9/transforms/0ae5f146d63e69c6a8f02d936d0f453f/transformed/ui-graphics-release-api.jar with cache key 49ed57e71aac2527e7b8110c23efe508
Build cache key for BuildToolsApiClasspathEntrySnapshotTransform: /home/runner/.gradle/caches/8.9/transforms/f35670a7660907c33080667bebdb4a79/transformed/lifecycle-livedata-core-ktx-2.8.6-api.jar is 48b512337d8e0b386dbacb5335449a7f
Stored cache entry for BuildToolsApiClasspathEntrySnapshotTransform: /home/runner/.gradle/caches/8.9/transforms/f35670a7660907c33080667bebdb4a79/transformed/lifecycle-livedata-core-ktx-2.8.6-api.jar with cache key 48b512337d8e0b386dbacb5335449a7f
Stored cache entry for BuildToolsApiClasspathEntrySnapshotTransform: /home/runner/.gradle/caches/8.9/transforms/c6e475cc42dd49329b3854ed3be1713c/transformed/foundation-release-api.jar with cache key dc54bdd7e8d9af63346790656fa9da89
Build cache key for BuildToolsApiClasspathEntrySnapshotTransform: /home/runner/.gradle/caches/8.9/transforms/1da49c41bd43f4ede7c4b84564cab79f/transformed/lifecycle-livedata-2.8.6-api.jar is 22ba419af74f6d1a456be745b27529e1
Build cache key for BuildToolsApiClasspathEntrySnapshotTransform: /home/runner/.gradle/caches/8.9/transforms/6864bfec042a733e1d8da9ff143c7d1f/transformed/lifecycle-runtime-release-api.jar is eb13e051a4b67f511d973ff8b2892e7b
Stored cache entry for BuildToolsApiClasspathEntrySnapshotTransform: /home/runner/.gradle/caches/8.9/transforms/1da49c41bd43f4ede7c4b84564cab79f/transformed/lifecycle-livedata-2.8.6-api.jar with cache key 22ba419af74f6d1a456be745b27529e1
Build cache key for BuildToolsApiClasspathEntrySnapshotTransform: /home/runner/.gradle/caches/modules-2/files-2.1/androidx.lifecycle/lifecycle-common-jvm/2.8.6/7174a594afb73a9ad9ac9074ce78b94af3cc52a7/lifecycle-common-jvm-2.8.6.jar is 4f1615340f88ef70ac7a43ff82daac9c
Stored cache entry for BuildToolsApiClasspathEntrySnapshotTransform: /home/runner/.gradle/caches/8.9/transforms/6864bfec042a733e1d8da9ff143c7d1f/transformed/lifecycle-runtime-release-api.jar with cache key eb13e051a4b67f511d973ff8b2892e7b
Build cache key for BuildToolsApiClasspathEntrySnapshotTransform: /home/runner/.gradle/caches/8.9/transforms/cd62f4b0f9f7e3b4bfeac7e3044bb5f2/transformed/lifecycle-livedata-core-2.8.6-api.jar is 9a9af9557c62e94fd5ced45a42e06de1
Stored cache entry for BuildToolsApiClasspathEntrySnapshotTransform: /home/runner/.gradle/caches/8.9/transforms/cd62f4b0f9f7e3b4bfeac7e3044bb5f2/transformed/lifecycle-livedata-core-2.8.6-api.jar with cache key 9a9af9557c62e94fd5ced45a42e06de1
Build cache key for BuildToolsApiClasspathEntrySnapshotTransform: /home/runner/.gradle/caches/8.9/transforms/c6d7c753b9a935937579e4165c6bb257/transformed/lifecycle-viewmodel-2.8.6-api.jar is 7f4402dc8656aef8dcfd463f68e255be
Stored cache entry for BuildToolsApiClasspathEntrySnapshotTransform: /home/runner/.gradle/caches/8.9/transforms/66cbc2bd669605ef91b46b44a4f85a9a/transformed/core-1.13.1-api.jar with cache key 33411321379e034d724455150976050b
Stored cache entry for BuildToolsApiClasspathEntrySnapshotTransform: /home/runner/.gradle/caches/8.9/transforms/c6d7c753b9a935937579e4165c6bb257/transformed/lifecycle-viewmodel-2.8.6-api.jar with cache key 7f4402dc8656aef8dcfd463f68e255be
Stored cache entry for BuildToolsApiClasspathEntrySnapshotTransform: /home/runner/.gradle/caches/modules-2/files-2.1/androidx.lifecycle/lifecycle-common-jvm/2.8.6/7174a594afb73a9ad9ac9074ce78b94af3cc52a7/lifecycle-common-jvm-2.8.6.jar with cache key 4f1615340f88ef70ac7a43ff82daac9c
Build cache key for BuildToolsApiClasspathEntrySnapshotTransform: /home/runner/.gradle/caches/8.9/transforms/cc23f33f8bc3c7fdf5bd3f7c7aaa33f6/transformed/lifecycle-viewmodel-release-api.jar is ea2e1c472b68053bd253f9a500960f34
Build cache key for BuildToolsApiClasspathEntrySnapshotTransform: /home/runner/.gradle/caches/8.9/transforms/f44d5fafaed7705226648b0c2ae9f865/transformed/lifecycle-viewmodel-ktx-2.8.6-api.jar is cef8457969c340cea057a36bbbe40a7f
Build cache key for BuildToolsApiClasspathEntrySnapshotTransform: /home/runner/.gradle/caches/8.9/transforms/f589b0b111c9ee031b8b2af5f2b89158/transformed/lifecycle-viewmodel-compose-release-api.jar is f41ca5070791c3b951bf4f3b1e904f22
Stored cache entry for BuildToolsApiClasspathEntrySnapshotTransform: /home/runner/.gradle/caches/8.9/transforms/f44d5fafaed7705226648b0c2ae9f865/transformed/lifecycle-viewmodel-ktx-2.8.6-api.jar with cache key cef8457969c340cea057a36bbbe40a7f
Stored cache entry for BuildToolsApiClasspathEntrySnapshotTransform: /home/runner/.gradle/caches/8.9/transforms/f589b0b111c9ee031b8b2af5f2b89158/transformed/lifecycle-viewmodel-compose-release-api.jar with cache key f41ca5070791c3b951bf4f3b1e904f22
Stored cache entry for BuildToolsApiClasspathEntrySnapshotTransform: /home/runner/.gradle/caches/8.9/transforms/cc23f33f8bc3c7fdf5bd3f7c7aaa33f6/transformed/lifecycle-viewmodel-release-api.jar with cache key ea2e1c472b68053bd253f9a500960f34
Build cache key for BuildToolsApiClasspathEntrySnapshotTransform: /home/runner/.gradle/caches/8.9/transforms/2122cfb74205bf74d11cfdc88a2d06ec/transformed/material-icons-core-release-api.jar is ea059176684cda8eaea0121b57cdb2ec
Build cache key for BuildToolsApiClasspathEntrySnapshotTransform: /home/runner/.gradle/caches/8.9/transforms/5b3bfae560a9add8e9dc72a9348b7c07/transformed/ui-release-api.jar is 2de51d19ffee156b703c9c8e40eb7beb
Stored cache entry for BuildToolsApiClasspathEntrySnapshotTransform: /home/runner/.gradle/caches/8.9/transforms/2122cfb74205bf74d11cfdc88a2d06ec/transformed/material-icons-core-release-api.jar with cache key ea059176684cda8eaea0121b57cdb2ec
Build cache key for BuildToolsApiClasspathEntrySnapshotTransform: /home/runner/.gradle/caches/8.9/transforms/fe69813b8aefd5438f110469df2dafae/transformed/lifecycle-runtime-compose-release-api.jar is a8cc63860541604ca0fbd2c5116b7bf5
Stored cache entry for BuildToolsApiClasspathEntrySnapshotTransform: /home/runner/.gradle/caches/8.9/transforms/fe69813b8aefd5438f110469df2dafae/transformed/lifecycle-runtime-compose-release-api.jar with cache key a8cc63860541604ca0fbd2c5116b7bf5
Build cache key for BuildToolsApiClasspathEntrySnapshotTransform: /home/runner/.gradle/caches/8.9/transforms/1ed98508e47f6896a893ce5cc5b824fa/transformed/lifecycle-runtime-ktx-release-api.jar is 3a1038be2b34ef2ee9432b0c558ad760
Stored cache entry for BuildToolsApiClasspathEntrySnapshotTransform: /home/runner/.gradle/caches/8.9/transforms/1ed98508e47f6896a893ce5cc5b824fa/transformed/lifecycle-runtime-ktx-release-api.jar with cache key 3a1038be2b34ef2ee9432b0c558ad760
Build cache key for BuildToolsApiClasspathEntrySnapshotTransform: /home/runner/.gradle/caches/8.9/transforms/845e21eecd722632e1842f5b98ba5ffa/transformed/lifecycle-viewmodel-savedstate-2.8.6-api.jar is a62bf44207dd374276751d2a34a21cce
Stored cache entry for BuildToolsApiClasspathEntrySnapshotTransform: /home/runner/.gradle/caches/8.9/transforms/845e21eecd722632e1842f5b98ba5ffa/transformed/lifecycle-viewmodel-savedstate-2.8.6-api.jar with cache key a62bf44207dd374276751d2a34a21cce
Build cache key for BuildToolsApiClasspathEntrySnapshotTransform: /home/runner/.gradle/caches/8.9/transforms/d27e16881f27fc96e11284bd44bb832d/transformed/core-ktx-1.13.1-api.jar is fcbb54c9271c18f232ac5851383c890f
Stored cache entry for BuildToolsApiClasspathEntrySnapshotTransform: /home/runner/.gradle/caches/8.9/transforms/d27e16881f27fc96e11284bd44bb832d/transformed/core-ktx-1.13.1-api.jar with cache key fcbb54c9271c18f232ac5851383c890f
Build cache key for BuildToolsApiClasspathEntrySnapshotTransform: /home/runner/.gradle/caches/modules-2/files-2.1/androidx.room/room-common/2.6.1/ff1b9580850a9b7eef56554e356628d225785265/room-common-2.6.1.jar is 018eb3ce9fe5ca71706ee78965de606f
Stored cache entry for BuildToolsApiClasspathEntrySnapshotTransform: /home/runner/.gradle/caches/modules-2/files-2.1/androidx.room/room-common/2.6.1/ff1b9580850a9b7eef56554e356628d225785265/room-common-2.6.1.jar with cache key 018eb3ce9fe5ca71706ee78965de606f
Build cache key for BuildToolsApiClasspathEntrySnapshotTransform: /home/runner/.gradle/caches/8.9/transforms/c4b13510468a359c8528cafead561811/transformed/room-runtime-2.6.1-api.jar is 3d509d589d3709b20067ff33ec9e1b5f
Stored cache entry for BuildToolsApiClasspathEntrySnapshotTransform: /home/runner/.gradle/caches/8.9/transforms/c4b13510468a359c8528cafead561811/transformed/room-runtime-2.6.1-api.jar with cache key 3d509d589d3709b20067ff33ec9e1b5f
Build cache key for BuildToolsApiClasspathEntrySnapshotTransform: /home/runner/.gradle/caches/8.9/transforms/1aaf4373345dc571610a23cecee6a7f6/transformed/room-ktx-2.6.1-api.jar is ad38bfe44764291109b5074143c1a16e
Stored cache entry for BuildToolsApiClasspathEntrySnapshotTransform: /home/runner/.gradle/caches/8.9/transforms/1aaf4373345dc571610a23cecee6a7f6/transformed/room-ktx-2.6.1-api.jar with cache key ad38bfe44764291109b5074143c1a16e
Build cache key for BuildToolsApiClasspathEntrySnapshotTransform: /home/runner/.gradle/caches/8.9/transforms/65515fe16325a3c8fea3e6ab3357f181/transformed/runtime-saveable-release-api.jar is 58e8f4c76c191a6179a467813ab3a909
Stored cache entry for BuildToolsApiClasspathEntrySnapshotTransform: /home/runner/.gradle/caches/8.9/transforms/65515fe16325a3c8fea3e6ab3357f181/transformed/runtime-saveable-release-api.jar with cache key 58e8f4c76c191a6179a467813ab3a909
Build cache key for BuildToolsApiClasspathEntrySnapshotTransform: /home/runner/.gradle/caches/8.9/transforms/d1878e7301c803f8c7d1ff9d559001e8/transformed/material-icons-extended-release-api.jar is 1c9e597890e41efe294eb7c9ec530b8a
Build cache key for BuildToolsApiClasspathEntrySnapshotTransform: /home/runner/.gradle/caches/8.9/transforms/b29cc98a66fa056b1ca6d038542f5a92/transformed/runtime-release-api.jar is 1fd0e015c4b3cb86e64eee65b04a9eff
Stored cache entry for BuildToolsApiClasspathEntrySnapshotTransform: /home/runner/.gradle/caches/8.9/transforms/5b3bfae560a9add8e9dc72a9348b7c07/transformed/ui-release-api.jar with cache key 2de51d19ffee156b703c9c8e40eb7beb
Build cache key for BuildToolsApiClasspathEntrySnapshotTransform: /home/runner/.gradle/caches/modules-2/files-2.1/org.jetbrains.kotlinx/kotlinx-coroutines-core-jvm/1.8.1/bb0e192bd7c2b6b8217440d36e9758e377e450/kotlinx-coroutines-core-jvm-1.8.1.jar is 5f71feaec8dc3b89a1852db3d96354ab
Stored cache entry for BuildToolsApiClasspathEntrySnapshotTransform: /home/runner/.gradle/caches/modules-2/files-2.1/org.jetbrains.kotlinx/kotlinx-coroutines-core-jvm/1.8.1/bb0e192bd7c2b6b8217440d36e9758e377e450/kotlinx-coroutines-core-jvm-1.8.1.jar with cache key 5f71feaec8dc3b89a1852db3d96354ab
Build cache key for BuildToolsApiClasspathEntrySnapshotTransform: /home/runner/.gradle/caches/modules-2/files-2.1/org.jetbrains.kotlinx/kotlinx-coroutines-android/1.8.1/73e2acdd18df99dd4849d99f188dff529fc0afe0/kotlinx-coroutines-android-1.8.1.jar is 3ae5799dd4e48683923dd9db512f94c8
Stored cache entry for BuildToolsApiClasspathEntrySnapshotTransform: /home/runner/.gradle/caches/modules-2/files-2.1/org.jetbrains.kotlinx/kotlinx-coroutines-android/1.8.1/73e2acdd18df99dd4849d99f188dff529fc0afe0/kotlinx-coroutines-android-1.8.1.jar with cache key 3ae5799dd4e48683923dd9db512f94c8
Build cache key for BuildToolsApiClasspathEntrySnapshotTransform: /home/runner/.gradle/caches/8.9/transforms/922f6d6ae1c8b716ccaa2966653727dd/transformed/annotation-experimental-1.4.1-api.jar is e82eedda9d522b1b54856af0276867ac
Stored cache entry for BuildToolsApiClasspathEntrySnapshotTransform: /home/runner/.gradle/caches/8.9/transforms/922f6d6ae1c8b716ccaa2966653727dd/transformed/annotation-experimental-1.4.1-api.jar with cache key e82eedda9d522b1b54856af0276867ac
Build cache key for BuildToolsApiClasspathEntrySnapshotTransform: /home/runner/.gradle/caches/8.9/transforms/a8a51fa82fffb74c515a0e07fe9eb38d/transformed/savedstate-ktx-1.2.1-api.jar is c9f26c3defe72c05f2e9fd3699056f7d
Stored cache entry for BuildToolsApiClasspathEntrySnapshotTransform: /home/runner/.gradle/caches/8.9/transforms/a8a51fa82fffb74c515a0e07fe9eb38d/transformed/savedstate-ktx-1.2.1-api.jar with cache key c9f26c3defe72c05f2e9fd3699056f7d
Build cache key for BuildToolsApiClasspathEntrySnapshotTransform: /home/runner/.gradle/caches/8.9/transforms/62da50ebacb0be6c4f568756d232b20e/transformed/savedstate-1.2.1-api.jar is 8596196aa12fdc5284b323801d4a159a
Stored cache entry for BuildToolsApiClasspathEntrySnapshotTransform: /home/runner/.gradle/caches/8.9/transforms/62da50ebacb0be6c4f568756d232b20e/transformed/savedstate-1.2.1-api.jar with cache key 8596196aa12fdc5284b323801d4a159a
Build cache key for BuildToolsApiClasspathEntrySnapshotTransform: /home/runner/.gradle/caches/modules-2/files-2.1/com.squareup.okhttp3/okhttp/4.12.0/2f4525d4a200e97e1b87449c2cd9bd2e25b7e8cd/okhttp-4.12.0.jar is d2a41caa1758f38a9c6e11dbc87353c0
Stored cache entry for BuildToolsApiClasspathEntrySnapshotTransform: /home/runner/.gradle/caches/8.9/transforms/b29cc98a66fa056b1ca6d038542f5a92/transformed/runtime-release-api.jar with cache key 1fd0e015c4b3cb86e64eee65b04a9eff
Build cache key for BuildToolsApiClasspathEntrySnapshotTransform: /home/runner/.gradle/caches/modules-2/files-2.1/com.squareup.okio/okio-jvm/3.6.0/5600569133b7bdefe1daf9ec7f4abeb6d13e1786/okio-jvm-3.6.0.jar is e8b6c49c6e837e42b1697765d167a4c5
Stored cache entry for BuildToolsApiClasspathEntrySnapshotTransform: /home/runner/.gradle/caches/modules-2/files-2.1/com.squareup.okhttp3/okhttp/4.12.0/2f4525d4a200e97e1b87449c2cd9bd2e25b7e8cd/okhttp-4.12.0.jar with cache key d2a41caa1758f38a9c6e11dbc87353c0
Build cache key for BuildToolsApiClasspathEntrySnapshotTransform: /home/runner/.gradle/caches/modules-2/files-2.1/org.jetbrains.kotlin/kotlin-stdlib-jdk8/1.9.10/c7510d64a83411a649c76f2778304ddf71d7437b/kotlin-stdlib-jdk8-1.9.10.jar is 47f5b907c20d33e70a2379ce943e867d
Stored cache entry for BuildToolsApiClasspathEntrySnapshotTransform: /home/runner/.gradle/caches/modules-2/files-2.1/org.jetbrains.kotlin/kotlin-stdlib-jdk8/1.9.10/c7510d64a83411a649c76f2778304ddf71d7437b/kotlin-stdlib-jdk8-1.9.10.jar with cache key 47f5b907c20d33e70a2379ce943e867d
Build cache key for BuildToolsApiClasspathEntrySnapshotTransform: /home/runner/.gradle/caches/8.9/transforms/73ef69189b61026e13e81b1f2eda0a4c/transformed/sqlite-framework-2.4.0-api.jar is 59611111eab71a64bfd5ddf8486ca903
Stored cache entry for BuildToolsApiClasspathEntrySnapshotTransform: /home/runner/.gradle/caches/8.9/transforms/73ef69189b61026e13e81b1f2eda0a4c/transformed/sqlite-framework-2.4.0-api.jar with cache key 59611111eab71a64bfd5ddf8486ca903
Build cache key for BuildToolsApiClasspathEntrySnapshotTransform: /home/runner/.gradle/caches/8.9/transforms/da5072c73615cd8777a4f1ae302b97bb/transformed/sqlite-2.4.0-api.jar is c9baa8219aab0ef10b483ff5ce137d7d
Stored cache entry for BuildToolsApiClasspathEntrySnapshotTransform: /home/runner/.gradle/caches/modules-2/files-2.1/com.squareup.okio/okio-jvm/3.6.0/5600569133b7bdefe1daf9ec7f4abeb6d13e1786/okio-jvm-3.6.0.jar with cache key e8b6c49c6e837e42b1697765d167a4c5
Build cache key for BuildToolsApiClasspathEntrySnapshotTransform: /home/runner/.gradle/caches/8.9/transforms/9001f119ea9f9a8c12d925241aaf6ae8/transformed/versionedparcelable-1.1.1-api.jar is 59b7443b6389eeec07db4771ae122007
Stored cache entry for BuildToolsApiClasspathEntrySnapshotTransform: /home/runner/.gradle/caches/8.9/transforms/da5072c73615cd8777a4f1ae302b97bb/transformed/sqlite-2.4.0-api.jar with cache key c9baa8219aab0ef10b483ff5ce137d7d
Build cache key for BuildToolsApiClasspathEntrySnapshotTransform: /home/runner/.gradle/caches/modules-2/files-2.1/androidx.collection/collection-jvm/1.4.4/da13a7e557c430276b8cb490420effebc1398c0d/collection-jvm-1.4.4.jar is 2424838f15770460c111f99e3fe45d76
Stored cache entry for BuildToolsApiClasspathEntrySnapshotTransform: /home/runner/.gradle/caches/8.9/transforms/9001f119ea9f9a8c12d925241aaf6ae8/transformed/versionedparcelable-1.1.1-api.jar with cache key 59b7443b6389eeec07db4771ae122007
Build cache key for BuildToolsApiClasspathEntrySnapshotTransform: /home/runner/.gradle/caches/8.9/transforms/7ca1b757e323c0cda5cfea9c07b90b59/transformed/core-runtime-2.2.0-api.jar is 4590d1964427e82ab822a18203a04090
Stored cache entry for BuildToolsApiClasspathEntrySnapshotTransform: /home/runner/.gradle/caches/8.9/transforms/7ca1b757e323c0cda5cfea9c07b90b59/transformed/core-runtime-2.2.0-api.jar with cache key 4590d1964427e82ab822a18203a04090
Build cache key for BuildToolsApiClasspathEntrySnapshotTransform: /home/runner/.gradle/caches/modules-2/files-2.1/androidx.arch.core/core-common/2.2.0/5e1b8b81dfd5f52c56a8d53b18ca759c19a301f3/core-common-2.2.0.jar is a75e39ae01cb5273c5ab5ad71a7fbb07
Stored cache entry for BuildToolsApiClasspathEntrySnapshotTransform: /home/runner/.gradle/caches/modules-2/files-2.1/androidx.arch.core/core-common/2.2.0/5e1b8b81dfd5f52c56a8d53b18ca759c19a301f3/core-common-2.2.0.jar with cache key a75e39ae01cb5273c5ab5ad71a7fbb07
Build cache key for BuildToolsApiClasspathEntrySnapshotTransform: /home/runner/.gradle/caches/modules-2/files-2.1/androidx.annotation/annotation-jvm/1.8.1/b8a16fe526014b7941c1debaccaf9c5153692dbb/annotation-jvm-1.8.1.jar is 7306b5498997a148cb6a6a3406fbe980
Stored cache entry for BuildToolsApiClasspathEntrySnapshotTransform: /home/runner/.gradle/caches/modules-2/files-2.1/androidx.annotation/annotation-jvm/1.8.1/b8a16fe526014b7941c1debaccaf9c5153692dbb/annotation-jvm-1.8.1.jar with cache key 7306b5498997a148cb6a6a3406fbe980
Build cache key for BuildToolsApiClasspathEntrySnapshotTransform: /home/runner/.gradle/caches/modules-2/files-2.1/org.jetbrains.kotlin/kotlin-stdlib-jdk7/1.9.10/bc5bfc2690338defd5195b05c57562f2194eeb10/kotlin-stdlib-jdk7-1.9.10.jar is cf63f0b6faa9e105d16b5218a5ead33b
Stored cache entry for BuildToolsApiClasspathEntrySnapshotTransform: /home/runner/.gradle/caches/modules-2/files-2.1/org.jetbrains.kotlin/kotlin-stdlib-jdk7/1.9.10/bc5bfc2690338defd5195b05c57562f2194eeb10/kotlin-stdlib-jdk7-1.9.10.jar with cache key cf63f0b6faa9e105d16b5218a5ead33b
Build cache key for BuildToolsApiClasspathEntrySnapshotTransform: /home/runner/.gradle/caches/modules-2/files-2.1/org.jetbrains.kotlin/kotlin-stdlib/2.0.21/618b539767b4899b4660a83006e052b63f1db551/kotlin-stdlib-2.0.21.jar is a37c86787b74345a2f617f5fe2ded8a4
Stored cache entry for BuildToolsApiClasspathEntrySnapshotTransform: /home/runner/.gradle/caches/modules-2/files-2.1/androidx.collection/collection-jvm/1.4.4/da13a7e557c430276b8cb490420effebc1398c0d/collection-jvm-1.4.4.jar with cache key 2424838f15770460c111f99e3fe45d76
Build cache key for BuildToolsApiClasspathEntrySnapshotTransform: /home/runner/.gradle/caches/modules-2/files-2.1/com.google.code.gson/gson/2.11.0/527175ca6d81050b53bdd4c457a6d6e017626b0e/gson-2.11.0.jar is 1e939a5df2ca179d300632993b708048
Stored cache entry for BuildToolsApiClasspathEntrySnapshotTransform: /home/runner/.gradle/caches/modules-2/files-2.1/com.google.code.gson/gson/2.11.0/527175ca6d81050b53bdd4c457a6d6e017626b0e/gson-2.11.0.jar with cache key 1e939a5df2ca179d300632993b708048
Build cache key for BuildToolsApiClasspathEntrySnapshotTransform: /home/runner/.gradle/caches/modules-2/files-2.1/org.jsoup/jsoup/1.18.1/cb7cd991d47b44101cbe4655dec611cdc01f8a02/jsoup-1.18.1.jar is 42942ae8063aedc93edd31900be98ccd
Stored cache entry for BuildToolsApiClasspathEntrySnapshotTransform: /home/runner/.gradle/caches/modules-2/files-2.1/org.jsoup/jsoup/1.18.1/cb7cd991d47b44101cbe4655dec611cdc01f8a02/jsoup-1.18.1.jar with cache key 42942ae8063aedc93edd31900be98ccd
Build cache key for BuildToolsApiClasspathEntrySnapshotTransform: /home/runner/.gradle/caches/modules-2/files-2.1/org.jetbrains/annotations/23.0.0/8cc20c07506ec18e0834947b84a864bfc094484e/annotations-23.0.0.jar is 46f6ddd9cdf6d00c47f43e9de99a51d3
Stored cache entry for BuildToolsApiClasspathEntrySnapshotTransform: /home/runner/.gradle/caches/modules-2/files-2.1/org.jetbrains/annotations/23.0.0/8cc20c07506ec18e0834947b84a864bfc094484e/annotations-23.0.0.jar with cache key 46f6ddd9cdf6d00c47f43e9de99a51d3
Build cache key for BuildToolsApiClasspathEntrySnapshotTransform: /home/runner/.gradle/caches/modules-2/files-2.1/com.google.dagger/hilt-core/2.52/d8e3f33770f8b5d9e2e29a303278c3e41faa9980/hilt-core-2.52.jar is 01b23cf31c7ae533145235f00fb16de5
Stored cache entry for BuildToolsApiClasspathEntrySnapshotTransform: /home/runner/.gradle/caches/modules-2/files-2.1/com.google.dagger/hilt-core/2.52/d8e3f33770f8b5d9e2e29a303278c3e41faa9980/hilt-core-2.52.jar with cache key 01b23cf31c7ae533145235f00fb16de5
Build cache key for BuildToolsApiClasspathEntrySnapshotTransform: /home/runner/.gradle/caches/modules-2/files-2.1/com.google.dagger/dagger/2.52/c385ea51a9873b238d183faa22d54c00d65195ac/dagger-2.52.jar is a44282dab14554248217e868ebd451d7
Stored cache entry for BuildToolsApiClasspathEntrySnapshotTransform: /home/runner/.gradle/caches/modules-2/files-2.1/com.google.dagger/dagger/2.52/c385ea51a9873b238d183faa22d54c00d65195ac/dagger-2.52.jar with cache key a44282dab14554248217e868ebd451d7
Build cache key for BuildToolsApiClasspathEntrySnapshotTransform: /home/runner/.gradle/caches/modules-2/files-2.1/jakarta.inject/jakarta.inject-api/2.0.1/4c28afe1991a941d7702fe1362c365f0a8641d1e/jakarta.inject-api-2.0.1.jar is d67364a7a877c7fd97d25b452936048d
Stored cache entry for BuildToolsApiClasspathEntrySnapshotTransform: /home/runner/.gradle/caches/modules-2/files-2.1/jakarta.inject/jakarta.inject-api/2.0.1/4c28afe1991a941d7702fe1362c365f0a8641d1e/jakarta.inject-api-2.0.1.jar with cache key d67364a7a877c7fd97d25b452936048d
Build cache key for BuildToolsApiClasspathEntrySnapshotTransform: /home/runner/.gradle/caches/modules-2/files-2.1/javax.inject/javax.inject/1/6975da39a7040257bd51d21a231b76c915872d38/javax.inject-1.jar is 1038bf93c75e1c39f6214413dcc8ac52
Stored cache entry for BuildToolsApiClasspathEntrySnapshotTransform: /home/runner/.gradle/caches/modules-2/files-2.1/javax.inject/javax.inject/1/6975da39a7040257bd51d21a231b76c915872d38/javax.inject-1.jar with cache key 1038bf93c75e1c39f6214413dcc8ac52
Build cache key for BuildToolsApiClasspathEntrySnapshotTransform: /home/runner/.gradle/caches/8.9/transforms/5ff2269553315705f578c88fe2e83c60/transformed/dagger-lint-aar-2.52-api.jar is 059f183c254a1b4b47c0cccc6c0a9675
Stored cache entry for BuildToolsApiClasspathEntrySnapshotTransform: /home/runner/.gradle/caches/8.9/transforms/5ff2269553315705f578c88fe2e83c60/transformed/dagger-lint-aar-2.52-api.jar with cache key 059f183c254a1b4b47c0cccc6c0a9675
Build cache key for BuildToolsApiClasspathEntrySnapshotTransform: /home/runner/.gradle/caches/modules-2/files-2.1/com.google.code.findbugs/jsr305/3.0.2/25ea2e8b0c338a877313bd4672d3fe056ea78f0d/jsr305-3.0.2.jar is b6c3f7e35cc34a384e5ca5ba74886d48
Stored cache entry for BuildToolsApiClasspathEntrySnapshotTransform: /home/runner/.gradle/caches/modules-2/files-2.1/com.google.code.findbugs/jsr305/3.0.2/25ea2e8b0c338a877313bd4672d3fe056ea78f0d/jsr305-3.0.2.jar with cache key b6c3f7e35cc34a384e5ca5ba74886d48
Build cache key for BuildToolsApiClasspathEntrySnapshotTransform: /home/runner/.gradle/caches/modules-2/files-2.1/com.google.errorprone/error_prone_annotations/2.27.0/91b2c29d8a6148b5e2e4930f070d4840e2e48e34/error_prone_annotations-2.27.0.jar is 4d4716b5f733f9e39a6a88001c29b8ed
Stored cache entry for BuildToolsApiClasspathEntrySnapshotTransform: /home/runner/.gradle/caches/modules-2/files-2.1/com.google.errorprone/error_prone_annotations/2.27.0/91b2c29d8a6148b5e2e4930f070d4840e2e48e34/error_prone_annotations-2.27.0.jar with cache key 4d4716b5f733f9e39a6a88001c29b8ed
Build cache key for BuildToolsApiClasspathEntrySnapshotTransform: /usr/local/lib/android/sdk/platforms/android-35/android.jar is fa31b5e97bb46554e2206d43fc1e843a
Stored cache entry for BuildToolsApiClasspathEntrySnapshotTransform: /home/runner/.gradle/caches/modules-2/files-2.1/org.jetbrains.kotlin/kotlin-stdlib/2.0.21/618b539767b4899b4660a83006e052b63f1db551/kotlin-stdlib-2.0.21.jar with cache key a37c86787b74345a2f617f5fe2ded8a4
Build cache key for BuildToolsApiClasspathEntrySnapshotTransform: /usr/local/lib/android/sdk/build-tools/34.0.0/core-lambda-stubs.jar is e04a3c19d0c5b3fa45d2f402533ad6d9
Stored cache entry for BuildToolsApiClasspathEntrySnapshotTransform: /usr/local/lib/android/sdk/build-tools/34.0.0/core-lambda-stubs.jar with cache key e04a3c19d0c5b3fa45d2f402533ad6d9
Build cache key for BuildToolsApiClasspathEntrySnapshotTransform: /home/runner/.gradle/caches/8.9/transforms/54fb60ff64caaf30f13de1f2e63c66a3/transformed/hilt-navigation-1.2.0-api.jar is 0ca9e8f14d071b3ed50290aa1df66b05
Stored cache entry for BuildToolsApiClasspathEntrySnapshotTransform: /home/runner/.gradle/caches/8.9/transforms/54fb60ff64caaf30f13de1f2e63c66a3/transformed/hilt-navigation-1.2.0-api.jar with cache key 0ca9e8f14d071b3ed50290aa1df66b05
Stored cache entry for BuildToolsApiClasspathEntrySnapshotTransform: /usr/local/lib/android/sdk/platforms/android-35/android.jar with cache key fa31b5e97bb46554e2206d43fc1e843a
Stored cache entry for BuildToolsApiClasspathEntrySnapshotTransform: /home/runner/.gradle/caches/8.9/transforms/d1878e7301c803f8c7d1ff9d559001e8/transformed/material-icons-extended-release-api.jar with cache key 1c9e597890e41efe294eb7c9ec530b8a
Found locally available resource with matching checksum: [https://repo.maven.apache.org/maven2/com/google/devtools/ksp/symbol-processing-api/2.0.21-1.0.28/symbol-processing-api-2.0.21-1.0.28.pom, /home/runner/.gradle/caches/modules-2/files-2.1/com.google.devtools.ksp/symbol-processing-api/2.0.21-1.0.28/acda27afb2c44983126095242084cf0d2691db91/symbol-processing-api-2.0.21-1.0.28.pom]
Downloading https://repo.maven.apache.org/maven2/com/google/devtools/ksp/symbol-processing/2.0.21-1.0.28/symbol-processing-2.0.21-1.0.28.pom to /home/runner/.gradle/.tmp/gradle_download5495165572298629292bin
Found locally available resource with matching checksum: [https://repo.maven.apache.org/maven2/com/google/devtools/ksp/symbol-processing-api/2.0.21-1.0.28/symbol-processing-api-2.0.21-1.0.28.module, /home/runner/.gradle/caches/modules-2/files-2.1/com.google.devtools.ksp/symbol-processing-api/2.0.21-1.0.28/22d38bdeb7f09e64d37e8fbc8d534cbffb9f1ad4/symbol-processing-api-2.0.21-1.0.28.module]
Downloading https://repo.maven.apache.org/maven2/org/jetbrains/kotlin/kotlin-stdlib/2.0.20/kotlin-stdlib-2.0.20.pom to /home/runner/.gradle/.tmp/gradle_download8847396325816310443bin
Downloading https://repo.maven.apache.org/maven2/org/jetbrains/kotlin/kotlin-stdlib/2.0.20/kotlin-stdlib-2.0.20.module to /home/runner/.gradle/.tmp/gradle_download14422127200385290167bin
Downloading https://repo.maven.apache.org/maven2/org/jetbrains/kotlinx/kotlinx-serialization-json/1.6.3/kotlinx-serialization-json-1.6.3.pom to /home/runner/.gradle/.tmp/gradle_download538803866157650944bin
Downloading https://repo.maven.apache.org/maven2/org/jetbrains/kotlinx/kotlinx-serialization-json/1.6.3/kotlinx-serialization-json-1.6.3.module to /home/runner/.gradle/.tmp/gradle_download2268871899664639363bin
Downloading https://repo.maven.apache.org/maven2/org/jetbrains/kotlinx/kotlinx-serialization-json-jvm/1.6.3/kotlinx-serialization-json-jvm-1.6.3.pom to /home/runner/.gradle/.tmp/gradle_download9711185318766035949bin
Downloading https://repo.maven.apache.org/maven2/org/jetbrains/kotlinx/kotlinx-serialization-json-jvm/1.6.3/kotlinx-serialization-json-jvm-1.6.3.module to /home/runner/.gradle/.tmp/gradle_download9501084404116651514bin
Found locally available resource with matching checksum: [https://repo.maven.apache.org/maven2/com/google/devtools/ksp/symbol-processing/2.0.21-1.0.28/symbol-processing-2.0.21-1.0.28.jar, /home/runner/.gradle/caches/modules-2/files-2.1/com.google.devtools.ksp/symbol-processing/2.0.21-1.0.28/25530ee051cd46963eef72fdea489d5cbc4d971a/symbol-processing-2.0.21-1.0.28.jar]
Found locally available resource with matching checksum: [https://repo.maven.apache.org/maven2/com/google/devtools/ksp/symbol-processing-api/2.0.21-1.0.28/symbol-processing-api-2.0.21-1.0.28.jar, /home/runner/.gradle/caches/modules-2/files-2.1/com.google.devtools.ksp/symbol-processing-api/2.0.21-1.0.28/be0d4d8db16fcfcfe993750d10e390a0472614d4/symbol-processing-api-2.0.21-1.0.28.jar]
Found locally available resource with matching checksum: [https://repo.maven.apache.org/maven2/org/jetbrains/kotlinx/kotlinx-serialization-json-jvm/1.6.3/kotlinx-serialization-json-jvm-1.6.3.jar, /home/runner/.gradle/caches/modules-2/files-2.1/org.jetbrains.kotlinx/kotlinx-serialization-json-jvm/1.6.3/2241746853abf04073e3ab0dcd9e6729d363b313/kotlinx-serialization-json-jvm-1.6.3.jar]
file or directory '/home/runner/work/SiteManager/SiteManager/app/src/debug/kotlin', not found
file or directory '/home/runner/work/SiteManager/SiteManager/app/src/debug/java', not found
file or directory '/home/runner/work/SiteManager/SiteManager/app/src/main/kotlin', not found
file or directory '/home/runner/work/SiteManager/SiteManager/app/src/debug/java', not found
Build cache key for task ':app:kspDebugKotlin' is d80d0b6da4bb6e3e90de217b3cb3128a
Task ':app:kspDebugKotlin' is not up-to-date because:
  No history is available.
The input changes require a full rebuild for incremental task ':app:kspDebugKotlin'.
file or directory '/home/runner/work/SiteManager/SiteManager/app/src/debug/kotlin', not found
file or directory '/home/runner/work/SiteManager/SiteManager/app/src/debug/java', not found
file or directory '/home/runner/work/SiteManager/SiteManager/app/src/main/kotlin', not found
file or directory '/home/runner/work/SiteManager/SiteManager/app/src/debug/java', not found
file or directory '/home/runner/work/SiteManager/SiteManager/app/src/debug/kotlin', not found
file or directory '/home/runner/work/SiteManager/SiteManager/app/src/debug/java', not found
file or directory '/home/runner/work/SiteManager/SiteManager/app/src/main/kotlin', not found
file or directory '/home/runner/work/SiteManager/SiteManager/app/src/debug/kotlin', not found
file or directory '/home/runner/work/SiteManager/SiteManager/app/src/debug/java', not found
file or directory '/home/runner/work/SiteManager/SiteManager/app/src/main/kotlin', not found
file or directory '/home/runner/work/SiteManager/SiteManager/app/src/debug/java', not found
file or directory '/home/runner/work/SiteManager/SiteManager/app/src/debug/kotlin', not found
file or directory '/home/runner/work/SiteManager/SiteManager/app/src/debug/java', not found
file or directory '/home/runner/work/SiteManager/SiteManager/app/src/main/kotlin', not found
file or directory '/home/runner/work/SiteManager/SiteManager/app/src/debug/java', not found
file or directory '/home/runner/work/SiteManager/SiteManager/app/src/debug/kotlin', not found
file or directory '/home/runner/work/SiteManager/SiteManager/app/src/debug/java', not found
file or directory '/home/runner/work/SiteManager/SiteManager/app/src/main/kotlin', not found
file or directory '/home/runner/work/SiteManager/SiteManager/app/src/debug/java', not found
Kotlin source files: /home/runner/work/SiteManager/SiteManager/app/src/main/java/com/nadr59/sitemanager/ui/theme/Color.kt, /home/runner/work/SiteManager/SiteManager/app/src/main/java/com/nadr59/sitemanager/ui/theme/Theme.kt, /home/runner/work/SiteManager/SiteManager/app/src/main/java/com/nadr59/sitemanager/ui/viewmodel/SiteViewModel.kt, /home/runner/work/SiteManager/SiteManager/app/src/main/java/com/nadr59/sitemanager/ui/screens/SiteDetailScreen.kt, /home/runner/work/SiteManager/SiteManager/app/src/main/java/com/nadr59/sitemanager/ui/screens/EditSiteScreen.kt, /home/runner/work/SiteManager/SiteManager/app/src/main/java/com/nadr59/sitemanager/ui/screens/SettingsScreen.kt, /home/runner/work/SiteManager/SiteManager/app/src/main/java/com/nadr59/sitemanager/ui/screens/HomeScreen.kt, /home/runner/work/SiteManager/SiteManager/app/src/main/java/com/nadr59/sitemanager/ui/screens/AnalysisScreen.kt, /home/runner/work/SiteManager/SiteManager/app/src/main/java/com/nadr59/sitemanager/ui/screens/DashboardScreen.kt, /home/runner/work/SiteManager/SiteManager/app/src/main/java/com/nadr59/sitemanager/ui/screens/AddSiteScreen.kt, /home/runner/work/SiteManager/SiteManager/app/src/main/java/com/nadr59/sitemanager/ui/components/AddSiteBottomSheet.kt, /home/runner/work/SiteManager/SiteManager/app/src/main/java/com/nadr59/sitemanager/ui/components/SiteCard.kt, /home/runner/work/SiteManager/SiteManager/app/src/main/java/com/nadr59/sitemanager/data/local/SiteAnalysisEntity.kt, /home/runner/work/SiteManager/SiteManager/app/src/main/java/com/nadr59/sitemanager/data/local/SiteDao.kt, /home/runner/work/SiteManager/SiteManager/app/src/main/java/com/nadr59/sitemanager/data/local/SiteDatabase.kt, /home/runner/work/SiteManager/SiteManager/app/src/main/java/com/nadr59/sitemanager/data/local/SiteEntity.kt, /home/runner/work/SiteManager/SiteManager/app/src/main/java/com/nadr59/sitemanager/data/local/AnalysisType.kt, /home/runner/work/SiteManager/SiteManager/app/src/main/java/com/nadr59/sitemanager/data/remote/AiService.kt, /home/runner/work/SiteManager/SiteManager/app/src/main/java/com/nadr59/sitemanager/data/remote/AiModels.kt, /home/runner/work/SiteManager/SiteManager/app/src/main/java/com/nadr59/sitemanager/data/remote/WebScraper.kt, /home/runner/work/SiteManager/SiteManager/app/src/main/java/com/nadr59/sitemanager/data/repository/SiteRepository.kt, /home/runner/work/SiteManager/SiteManager/app/src/main/java/com/nadr59/sitemanager/data/repository/AnalyzerRepository.kt, /home/runner/work/SiteManager/SiteManager/app/src/main/java/com/nadr59/sitemanager/MainActivity.kt, /home/runner/work/SiteManager/SiteManager/app/src/main/java/com/nadr59/sitemanager/di/AppModule.kt, /home/runner/work/SiteManager/SiteManager/app/src/main/java/com/nadr59/sitemanager/utils/DateUtils.kt, /home/runner/work/SiteManager/SiteManager/app/src/main/java/com/nadr59/sitemanager/SiteManagerApp.kt
Java source files: 
Script source files: 
Script file extensions: 
Transforming R.jar with StructureTransformAction
Transforming hilt-navigation-compose-1.2.0-api.jar with StructureTransformAction
Transforming hilt-navigation-1.2.0-api.jar with StructureTransformAction
Transforming navigation-common-2.8.3-api.jar with StructureTransformAction
Transforming navigation-runtime-2.8.3-api.jar with StructureTransformAction
Transforming navigation-common-ktx-2.8.3-api.jar with StructureTransformAction
Transforming navigation-runtime-ktx-2.8.3-api.jar with StructureTransformAction
Transforming navigation-compose-2.8.3-api.jar with StructureTransformAction
Build cache key for StructureTransformAction: /home/runner/work/SiteManager/SiteManager/app/build/intermediates/compile_and_runtime_not_namespaced_r_class_jar/debug/processDebugResources/R.jar is 8736d0dcabc6d9546ac17edbc17b0f5f
Transforming hilt-android-2.52-api.jar with StructureTransformAction
Transforming fragment-1.5.1-api.jar with StructureTransformAction
Transforming activity-1.9.3-api.jar with StructureTransformAction
Transforming activity-compose-1.9.3-api.jar with StructureTransformAction
Transforming activity-ktx-1.9.3-api.jar with StructureTransformAction
Build cache key for StructureTransformAction: /home/runner/.gradle/caches/8.9/transforms/ba71c18e3167212c9291114d7712dd8a/transformed/hilt-navigation-compose-1.2.0-api.jar is a9905d858bc1d29fd2ddf3f52beaa16c
Transforming material3-release-api.jar with StructureTransformAction
Transforming foundation-layout-release-api.jar with StructureTransformAction
Transforming material-ripple-release-api.jar with StructureTransformAction
Transforming foundation-release-api.jar with StructureTransformAction
Transforming animation-core-release-api.jar with StructureTransformAction
Transforming animation-release-api.jar with StructureTransformAction
Transforming ui-util-release-api.jar with StructureTransformAction
Transforming ui-unit-release-api.jar with StructureTransformAction
Transforming ui-text-release-api.jar with StructureTransformAction
Transforming ui-geometry-release-api.jar with StructureTransformAction
Transforming ui-tooling-data-release-api.jar with StructureTransformAction
Transforming ui-tooling-preview-release-api.jar with StructureTransformAction
Transforming ui-graphics-release-api.jar with StructureTransformAction
Transforming ui-tooling-release-api.jar with StructureTransformAction
Transforming loader-1.0.0-api.jar with StructureTransformAction
Transforming viewpager-1.0.0-api.jar with StructureTransformAction
Transforming customview-1.0.0-api.jar with StructureTransformAction
Transforming core-1.13.1-api.jar with StructureTransformAction
Transforming lifecycle-livedata-core-ktx-2.8.6-api.jar with StructureTransformAction
Transforming lifecycle-livedata-2.8.6-api.jar with StructureTransformAction
Transforming lifecycle-runtime-release-api.jar with StructureTransformAction
Transforming lifecycle-common-jvm-2.8.6.jar with StructureTransformAction
Transforming lifecycle-livedata-core-2.8.6-api.jar with StructureTransformAction
Transforming lifecycle-viewmodel-2.8.6-api.jar with StructureTransformAction
Transforming lifecycle-viewmodel-release-api.jar with StructureTransformAction
Transforming lifecycle-viewmodel-ktx-2.8.6-api.jar with StructureTransformAction
Transforming lifecycle-viewmodel-compose-release-api.jar with StructureTransformAction
Transforming material-icons-extended-release-api.jar with StructureTransformAction
Transforming material-icons-core-release-api.jar with StructureTransformAction
Transforming ui-release-api.jar with StructureTransformAction
Transforming lifecycle-runtime-compose-release-api.jar with StructureTransformAction
Transforming lifecycle-runtime-ktx-release-api.jar with StructureTransformAction
Transforming lifecycle-viewmodel-savedstate-2.8.6-api.jar with StructureTransformAction
Transforming core-ktx-1.13.1-api.jar with StructureTransformAction
Transforming room-common-2.6.1.jar with StructureTransformAction
Transforming room-runtime-2.6.1-api.jar with StructureTransformAction
Transforming room-ktx-2.6.1-api.jar with StructureTransformAction
Transforming runtime-saveable-release-api.jar with StructureTransformAction
Transforming runtime-release-api.jar with StructureTransformAction
Transforming kotlinx-coroutines-core-jvm-1.8.1.jar with StructureTransformAction
Transforming kotlinx-coroutines-android-1.8.1.jar with StructureTransformAction
Transforming annotation-experimental-1.4.1-api.jar with StructureTransformAction
Transforming savedstate-ktx-1.2.1-api.jar with StructureTransformAction
Transforming savedstate-1.2.1-api.jar with StructureTransformAction
Transforming okhttp-4.12.0.jar with StructureTransformAction
Transforming okio-jvm-3.6.0.jar with StructureTransformAction
Transforming kotlin-stdlib-jdk8-1.9.10.jar with StructureTransformAction
Transforming sqlite-framework-2.4.0-api.jar with StructureTransformAction
Transforming sqlite-2.4.0-api.jar with StructureTransformAction
Transforming versionedparcelable-1.1.1-api.jar with StructureTransformAction
Transforming collection-jvm-1.4.4.jar with StructureTransformAction
Transforming core-runtime-2.2.0-api.jar with StructureTransformAction
Transforming core-common-2.2.0.jar with StructureTransformAction
Transforming annotation-jvm-1.8.1.jar with StructureTransformAction
Transforming kotlin-stdlib-jdk7-1.9.10.jar with StructureTransformAction
Transforming kotlin-stdlib-2.0.21.jar with StructureTransformAction
Transforming gson-2.11.0.jar with StructureTransformAction
Transforming jsoup-1.18.1.jar with StructureTransformAction
Transforming annotations-23.0.0.jar with StructureTransformAction
Transforming hilt-core-2.52.jar with StructureTransformAction
Transforming dagger-2.52.jar with StructureTransformAction
Transforming jakarta.inject-api-2.0.1.jar with StructureTransformAction
Transforming javax.inject-1.jar with StructureTransformAction
Transforming dagger-lint-aar-2.52-api.jar with StructureTransformAction
Transforming jsr305-3.0.2.jar with StructureTransformAction
Transforming error_prone_annotations-2.27.0.jar with StructureTransformAction
Transforming android.jar with StructureTransformAction
Transforming core-lambda-stubs.jar with StructureTransformAction
Build cache key for StructureTransformAction: /home/runner/.gradle/caches/8.9/transforms/6c7a5706c5eeba892b7a02bb9dff8cf8/transformed/navigation-common-2.8.3-api.jar is da859a038c624de092f1339fab82e4af
Stored cache entry for StructureTransformAction: /home/runner/.gradle/caches/8.9/transforms/ba71c18e3167212c9291114d7712dd8a/transformed/hilt-navigation-compose-1.2.0-api.jar with cache key a9905d858bc1d29fd2ddf3f52beaa16c
Build cache key for StructureTransformAction: /home/runner/.gradle/caches/8.9/transforms/c0603781a03dfafe0c8919f3592bf22d/transformed/navigation-runtime-2.8.3-api.jar is 07135df3d8918cb25280d883acd6c036
Stored cache entry for StructureTransformAction: /home/runner/.gradle/caches/8.9/transforms/c0603781a03dfafe0c8919f3592bf22d/transformed/navigation-runtime-2.8.3-api.jar with cache key 07135df3d8918cb25280d883acd6c036
Stored cache entry for StructureTransformAction: /home/runner/work/SiteManager/SiteManager/app/build/intermediates/compile_and_runtime_not_namespaced_r_class_jar/debug/processDebugResources/R.jar with cache key 8736d0dcabc6d9546ac17edbc17b0f5f
Build cache key for StructureTransformAction: /home/runner/.gradle/caches/8.9/transforms/f2d9c43b245f70d8a4290e6378d2d9ee/transformed/navigation-common-ktx-2.8.3-api.jar is 17600c26bfb10c22eaeb9c37671e7a3d
Build cache key for StructureTransformAction: /home/runner/.gradle/caches/8.9/transforms/515df33c3dc2fcb52496bcf039ebb48c/transformed/navigation-runtime-ktx-2.8.3-api.jar is 8823002011dc4b774cff505e87e7cb82
Stored cache entry for StructureTransformAction: /home/runner/.gradle/caches/8.9/transforms/f2d9c43b245f70d8a4290e6378d2d9ee/transformed/navigation-common-ktx-2.8.3-api.jar with cache key 17600c26bfb10c22eaeb9c37671e7a3d
Build cache key for StructureTransformAction: /home/runner/.gradle/caches/8.9/transforms/7f481000c2c4ca54e146ce5513e81b35/transformed/navigation-compose-2.8.3-api.jar is d52ac7d066caf45b133c2e32029a30f1
Stored cache entry for StructureTransformAction: /home/runner/.gradle/caches/8.9/transforms/515df33c3dc2fcb52496bcf039ebb48c/transformed/navigation-runtime-ktx-2.8.3-api.jar with cache key 8823002011dc4b774cff505e87e7cb82
Build cache key for StructureTransformAction: /home/runner/.gradle/caches/8.9/transforms/609a8e007aa6437773933d76fbfe7dfd/transformed/hilt-android-2.52-api.jar is 24795abecf8061c1f2c6ec246fe2b803
Stored cache entry for StructureTransformAction: /home/runner/.gradle/caches/8.9/transforms/6c7a5706c5eeba892b7a02bb9dff8cf8/transformed/navigation-common-2.8.3-api.jar with cache key da859a038c624de092f1339fab82e4af
Build cache key for StructureTransformAction: /home/runner/.gradle/caches/8.9/transforms/2d36eba435ed3bc5f57a86fa2354ec9e/transformed/fragment-1.5.1-api.jar is 676a36b42f4c440ea289ceb3cbf9ae79
Stored cache entry for StructureTransformAction: /home/runner/.gradle/caches/8.9/transforms/7f481000c2c4ca54e146ce5513e81b35/transformed/navigation-compose-2.8.3-api.jar with cache key d52ac7d066caf45b133c2e32029a30f1
Build cache key for StructureTransformAction: /home/runner/.gradle/caches/8.9/transforms/7d0b7cdf70d20070c45d01b166a0d95f/transformed/activity-1.9.3-api.jar is 70522b18a055aa0e5a884e4a5fb17ab9
Stored cache entry for StructureTransformAction: /home/runner/.gradle/caches/8.9/transforms/609a8e007aa6437773933d76fbfe7dfd/transformed/hilt-android-2.52-api.jar with cache key 24795abecf8061c1f2c6ec246fe2b803
Build cache key for StructureTransformAction: /home/runner/.gradle/caches/8.9/transforms/bc94ef6d125e835ec386083eb14bab58/transformed/activity-compose-1.9.3-api.jar is cd4cd70beb8ddb8097a87698a85d4d36
Stored cache entry for StructureTransformAction: /home/runner/.gradle/caches/8.9/transforms/bc94ef6d125e835ec386083eb14bab58/transformed/activity-compose-1.9.3-api.jar with cache key cd4cd70beb8ddb8097a87698a85d4d36
Build cache key for StructureTransformAction: /home/runner/.gradle/caches/8.9/transforms/bc16e6fa2730946f17aaf146f177c3ad/transformed/activity-ktx-1.9.3-api.jar is 9fd946e222d9562e5e1b830c96ff8d32
Stored cache entry for StructureTransformAction: /home/runner/.gradle/caches/8.9/transforms/bc16e6fa2730946f17aaf146f177c3ad/transformed/activity-ktx-1.9.3-api.jar with cache key 9fd946e222d9562e5e1b830c96ff8d32
Build cache key for StructureTransformAction: /home/runner/.gradle/caches/8.9/transforms/391ff917d937b14747d6ef837097e35c/transformed/material3-release-api.jar is d297feb5c5dca28998d9534c338125ee
Stored cache entry for StructureTransformAction: /home/runner/.gradle/caches/8.9/transforms/7d0b7cdf70d20070c45d01b166a0d95f/transformed/activity-1.9.3-api.jar with cache key 70522b18a055aa0e5a884e4a5fb17ab9
Stored cache entry for StructureTransformAction: /home/runner/.gradle/caches/8.9/transforms/2d36eba435ed3bc5f57a86fa2354ec9e/transformed/fragment-1.5.1-api.jar with cache key 676a36b42f4c440ea289ceb3cbf9ae79
Build cache key for StructureTransformAction: /home/runner/.gradle/caches/8.9/transforms/d73f3511eca4f45d7c23e03f70126830/transformed/foundation-layout-release-api.jar is 629e03c851a4fdb093a1845f019443ea
Build cache key for StructureTransformAction: /home/runner/.gradle/caches/8.9/transforms/c77c45fe307667c8cb348d0d4b301ab4/transformed/material-ripple-release-api.jar is 5b5777905f0c3f712b9f1eafb3cef224
Stored cache entry for StructureTransformAction: /home/runner/.gradle/caches/8.9/transforms/c77c45fe307667c8cb348d0d4b301ab4/transformed/material-ripple-release-api.jar with cache key 5b5777905f0c3f712b9f1eafb3cef224
Build cache key for StructureTransformAction: /home/runner/.gradle/caches/8.9/transforms/c6e475cc42dd49329b3854ed3be1713c/transformed/foundation-release-api.jar is 07fe27a4b2168393402e5b8fe8753d25
Stored cache entry for StructureTransformAction: /home/runner/.gradle/caches/8.9/transforms/d73f3511eca4f45d7c23e03f70126830/transformed/foundation-layout-release-api.jar with cache key 629e03c851a4fdb093a1845f019443ea
Build cache key for StructureTransformAction: /home/runner/.gradle/caches/8.9/transforms/f551383922bac7a6b23e55568c53160b/transformed/animation-core-release-api.jar is b05240dafa92116076b02b3676dce825
Stored cache entry for StructureTransformAction: /home/runner/.gradle/caches/8.9/transforms/f551383922bac7a6b23e55568c53160b/transformed/animation-core-release-api.jar with cache key b05240dafa92116076b02b3676dce825
Build cache key for StructureTransformAction: /home/runner/.gradle/caches/8.9/transforms/93851c790b8393a3a63b5a39a7253c23/transformed/animation-release-api.jar is d5ab802ed90c994a4db3c35d8a7a92ed
Stored cache entry for StructureTransformAction: /home/runner/.gradle/caches/8.9/transforms/93851c790b8393a3a63b5a39a7253c23/transformed/animation-release-api.jar with cache key d5ab802ed90c994a4db3c35d8a7a92ed
Build cache key for StructureTransformAction: /home/runner/.gradle/caches/8.9/transforms/09dd33e4a4e597325aaa239e7de669d4/transformed/ui-util-release-api.jar is 9c518c61b92ed991221f629a08bc30c4
Stored cache entry for StructureTransformAction: /home/runner/.gradle/caches/8.9/transforms/09dd33e4a4e597325aaa239e7de669d4/transformed/ui-util-release-api.jar with cache key 9c518c61b92ed991221f629a08bc30c4
Build cache key for StructureTransformAction: /home/runner/.gradle/caches/8.9/transforms/29e97dacd4dd1891ff63669ffa008829/transformed/ui-unit-release-api.jar is f4d71fa16169c89f71b7baea4fe11833
Stored cache entry for StructureTransformAction: /home/runner/.gradle/caches/8.9/transforms/29e97dacd4dd1891ff63669ffa008829/transformed/ui-unit-release-api.jar with cache key f4d71fa16169c89f71b7baea4fe11833
Build cache key for StructureTransformAction: /home/runner/.gradle/caches/8.9/transforms/46785e64a8baa4830ecdf57e54e225b1/transformed/ui-text-release-api.jar is 4b7a1a01e19ce92217f773b07e310cad
Stored cache entry for StructureTransformAction: /home/runner/.gradle/caches/8.9/transforms/46785e64a8baa4830ecdf57e54e225b1/transformed/ui-text-release-api.jar with cache key 4b7a1a01e19ce92217f773b07e310cad
Build cache key for StructureTransformAction: /home/runner/.gradle/caches/8.9/transforms/e1e79cf896e684d026788b81ee52f99c/transformed/ui-geometry-release-api.jar is c023a12bb08e7464627ffff5aa7d6b87
Stored cache entry for StructureTransformAction: /home/runner/.gradle/caches/8.9/transforms/e1e79cf896e684d026788b81ee52f99c/transformed/ui-geometry-release-api.jar with cache key c023a12bb08e7464627ffff5aa7d6b87
Build cache key for StructureTransformAction: /home/runner/.gradle/caches/8.9/transforms/050737633ce4221b0b214bb926c3fa06/transformed/ui-tooling-data-release-api.jar is 1e711022b2cfc99f082a174108c551b3
Stored cache entry for StructureTransformAction: /home/runner/.gradle/caches/8.9/transforms/050737633ce4221b0b214bb926c3fa06/transformed/ui-tooling-data-release-api.jar with cache key 1e711022b2cfc99f082a174108c551b3
Build cache key for StructureTransformAction: /home/runner/.gradle/caches/8.9/transforms/6e500d7d712bb70427e47b92ee7f4aaf/transformed/ui-tooling-preview-release-api.jar is ca766a4ef09d357841b8b7b6b8e809fb
Stored cache entry for StructureTransformAction: /home/runner/.gradle/caches/8.9/transforms/6e500d7d712bb70427e47b92ee7f4aaf/transformed/ui-tooling-preview-release-api.jar with cache key ca766a4ef09d357841b8b7b6b8e809fb
Build cache key for StructureTransformAction: /home/runner/.gradle/caches/8.9/transforms/0ae5f146d63e69c6a8f02d936d0f453f/transformed/ui-graphics-release-api.jar is b427ac65085260a210ebc88e9bd6aa76
Stored cache entry for StructureTransformAction: /home/runner/.gradle/caches/8.9/transforms/391ff917d937b14747d6ef837097e35c/transformed/material3-release-api.jar with cache key d297feb5c5dca28998d9534c338125ee
Build cache key for StructureTransformAction: /home/runner/.gradle/caches/8.9/transforms/ab6cb5ab06b9d142091bcce838535a74/transformed/ui-tooling-release-api.jar is 01fcdc59d488e7a25e82174f90884cb1
Stored cache entry for StructureTransformAction: /home/runner/.gradle/caches/8.9/transforms/0ae5f146d63e69c6a8f02d936d0f453f/transformed/ui-graphics-release-api.jar with cache key b427ac65085260a210ebc88e9bd6aa76
Build cache key for StructureTransformAction: /home/runner/.gradle/caches/8.9/transforms/7a04d3168a7f40b9f1526a7154a5dd6d/transformed/loader-1.0.0-api.jar is 79a004fc9bbe3457f16be9b994cc991d
Stored cache entry for StructureTransformAction: /home/runner/.gradle/caches/8.9/transforms/ab6cb5ab06b9d142091bcce838535a74/transformed/ui-tooling-release-api.jar with cache key 01fcdc59d488e7a25e82174f90884cb1
Stored cache entry for StructureTransformAction: /home/runner/.gradle/caches/8.9/transforms/7a04d3168a7f40b9f1526a7154a5dd6d/transformed/loader-1.0.0-api.jar with cache key 79a004fc9bbe3457f16be9b994cc991d
Build cache key for StructureTransformAction: /home/runner/.gradle/caches/8.9/transforms/7de7e6895c4a437b438fa9e974a9b564/transformed/viewpager-1.0.0-api.jar is 971b43898a06ce1851d24f4ba3993733
Build cache key for StructureTransformAction: /home/runner/.gradle/caches/8.9/transforms/5d36ad9c490e6c0e7d24acf47d25e97a/transformed/customview-1.0.0-api.jar is a6df9bd63cb1828d3c1946824839222e
Stored cache entry for StructureTransformAction: /home/runner/.gradle/caches/8.9/transforms/7de7e6895c4a437b438fa9e974a9b564/transformed/viewpager-1.0.0-api.jar with cache key 971b43898a06ce1851d24f4ba3993733
Build cache key for StructureTransformAction: /home/runner/.gradle/caches/8.9/transforms/66cbc2bd669605ef91b46b44a4f85a9a/transformed/core-1.13.1-api.jar is e456bd3d6e4b61e82970bc8bd304eac6
Stored cache entry for StructureTransformAction: /home/runner/.gradle/caches/8.9/transforms/5d36ad9c490e6c0e7d24acf47d25e97a/transformed/customview-1.0.0-api.jar with cache key a6df9bd63cb1828d3c1946824839222e
Build cache key for StructureTransformAction: /home/runner/.gradle/caches/8.9/transforms/f35670a7660907c33080667bebdb4a79/transformed/lifecycle-livedata-core-ktx-2.8.6-api.jar is 39f6662cca0193c469bc698904159107
Stored cache entry for StructureTransformAction: /home/runner/.gradle/caches/8.9/transforms/f35670a7660907c33080667bebdb4a79/transformed/lifecycle-livedata-core-ktx-2.8.6-api.jar with cache key 39f6662cca0193c469bc698904159107
Build cache key for StructureTransformAction: /home/runner/.gradle/caches/8.9/transforms/1da49c41bd43f4ede7c4b84564cab79f/transformed/lifecycle-livedata-2.8.6-api.jar is 7e25a221dcb23e9a1d78cbed8f0376ae
Stored cache entry for StructureTransformAction: /home/runner/.gradle/caches/8.9/transforms/1da49c41bd43f4ede7c4b84564cab79f/transformed/lifecycle-livedata-2.8.6-api.jar with cache key 7e25a221dcb23e9a1d78cbed8f0376ae
Build cache key for StructureTransformAction: /home/runner/.gradle/caches/8.9/transforms/6864bfec042a733e1d8da9ff143c7d1f/transformed/lifecycle-runtime-release-api.jar is 7f2d5ae5d860c46ef8d3eff72581c6bc
Stored cache entry for StructureTransformAction: /home/runner/.gradle/caches/8.9/transforms/6864bfec042a733e1d8da9ff143c7d1f/transformed/lifecycle-runtime-release-api.jar with cache key 7f2d5ae5d860c46ef8d3eff72581c6bc
Build cache key for StructureTransformAction: /home/runner/.gradle/caches/modules-2/files-2.1/androidx.lifecycle/lifecycle-common-jvm/2.8.6/7174a594afb73a9ad9ac9074ce78b94af3cc52a7/lifecycle-common-jvm-2.8.6.jar is 681cdedbbe8f426596b6ee833f2d3dd3
Stored cache entry for StructureTransformAction: /home/runner/.gradle/caches/8.9/transforms/c6e475cc42dd49329b3854ed3be1713c/transformed/foundation-release-api.jar with cache key 07fe27a4b2168393402e5b8fe8753d25
Build cache key for StructureTransformAction: /home/runner/.gradle/caches/8.9/transforms/cd62f4b0f9f7e3b4bfeac7e3044bb5f2/transformed/lifecycle-livedata-core-2.8.6-api.jar is 9c2fac54f8a27fe1cde321d149dd0669
Stored cache entry for StructureTransformAction: /home/runner/.gradle/caches/8.9/transforms/cd62f4b0f9f7e3b4bfeac7e3044bb5f2/transformed/lifecycle-livedata-core-2.8.6-api.jar with cache key 9c2fac54f8a27fe1cde321d149dd0669
Build cache key for StructureTransformAction: /home/runner/.gradle/caches/8.9/transforms/c6d7c753b9a935937579e4165c6bb257/transformed/lifecycle-viewmodel-2.8.6-api.jar is a9ac9f18f66cd3b0ef823418bfa68bb2
Stored cache entry for StructureTransformAction: /home/runner/.gradle/caches/8.9/transforms/c6d7c753b9a935937579e4165c6bb257/transformed/lifecycle-viewmodel-2.8.6-api.jar with cache key a9ac9f18f66cd3b0ef823418bfa68bb2
Build cache key for StructureTransformAction: /home/runner/.gradle/caches/8.9/transforms/cc23f33f8bc3c7fdf5bd3f7c7aaa33f6/transformed/lifecycle-viewmodel-release-api.jar is 2ceeef01d152417d9c7c1451b2ff8792
Stored cache entry for StructureTransformAction: /home/runner/.gradle/caches/modules-2/files-2.1/androidx.lifecycle/lifecycle-common-jvm/2.8.6/7174a594afb73a9ad9ac9074ce78b94af3cc52a7/lifecycle-common-jvm-2.8.6.jar with cache key 681cdedbbe8f426596b6ee833f2d3dd3
Build cache key for StructureTransformAction: /home/runner/.gradle/caches/8.9/transforms/f44d5fafaed7705226648b0c2ae9f865/transformed/lifecycle-viewmodel-ktx-2.8.6-api.jar is 50cf5c17ab80ec61f7b705f4e25ff48b
Stored cache entry for StructureTransformAction: /home/runner/.gradle/caches/8.9/transforms/f44d5fafaed7705226648b0c2ae9f865/transformed/lifecycle-viewmodel-ktx-2.8.6-api.jar with cache key 50cf5c17ab80ec61f7b705f4e25ff48b
Build cache key for StructureTransformAction: /home/runner/.gradle/caches/8.9/transforms/f589b0b111c9ee031b8b2af5f2b89158/transformed/lifecycle-viewmodel-compose-release-api.jar is afdcc3041685ea9c9f58c5ab0b471ba9
Stored cache entry for StructureTransformAction: /home/runner/.gradle/caches/8.9/transforms/cc23f33f8bc3c7fdf5bd3f7c7aaa33f6/transformed/lifecycle-viewmodel-release-api.jar with cache key 2ceeef01d152417d9c7c1451b2ff8792
Build cache key for StructureTransformAction: /home/runner/.gradle/caches/8.9/transforms/d1878e7301c803f8c7d1ff9d559001e8/transformed/material-icons-extended-release-api.jar is e2f1428bc5e729285d30b6f590f4f753
Stored cache entry for StructureTransformAction: /home/runner/.gradle/caches/8.9/transforms/f589b0b111c9ee031b8b2af5f2b89158/transformed/lifecycle-viewmodel-compose-release-api.jar with cache key afdcc3041685ea9c9f58c5ab0b471ba9
Build cache key for StructureTransformAction: /home/runner/.gradle/caches/8.9/transforms/2122cfb74205bf74d11cfdc88a2d06ec/transformed/material-icons-core-release-api.jar is 6277ad025ec58b96b80067608358475a
Stored cache entry for StructureTransformAction: /home/runner/.gradle/caches/8.9/transforms/2122cfb74205bf74d11cfdc88a2d06ec/transformed/material-icons-core-release-api.jar with cache key 6277ad025ec58b96b80067608358475a
Build cache key for StructureTransformAction: /home/runner/.gradle/caches/8.9/transforms/5b3bfae560a9add8e9dc72a9348b7c07/transformed/ui-release-api.jar is 484e698ed7efe3ff31e0c21e3ad32b64
Stored cache entry for StructureTransformAction: /home/runner/.gradle/caches/8.9/transforms/66cbc2bd669605ef91b46b44a4f85a9a/transformed/core-1.13.1-api.jar with cache key e456bd3d6e4b61e82970bc8bd304eac6
Build cache key for StructureTransformAction: /home/runner/.gradle/caches/8.9/transforms/fe69813b8aefd5438f110469df2dafae/transformed/lifecycle-runtime-compose-release-api.jar is d9cee4b7f21f5bcd597b325fc231357e
Stored cache entry for StructureTransformAction: /home/runner/.gradle/caches/8.9/transforms/fe69813b8aefd5438f110469df2dafae/transformed/lifecycle-runtime-compose-release-api.jar with cache key d9cee4b7f21f5bcd597b325fc231357e
Build cache key for StructureTransformAction: /home/runner/.gradle/caches/8.9/transforms/1ed98508e47f6896a893ce5cc5b824fa/transformed/lifecycle-runtime-ktx-release-api.jar is d3cbb285c41800ff4b47ae2fc97e8d1c
Stored cache entry for StructureTransformAction: /home/runner/.gradle/caches/8.9/transforms/1ed98508e47f6896a893ce5cc5b824fa/transformed/lifecycle-runtime-ktx-release-api.jar with cache key d3cbb285c41800ff4b47ae2fc97e8d1c
Build cache key for StructureTransformAction: /home/runner/.gradle/caches/8.9/transforms/845e21eecd722632e1842f5b98ba5ffa/transformed/lifecycle-viewmodel-savedstate-2.8.6-api.jar is c63dbe8a0a1af46d9ff52ea303b8795c
Stored cache entry for StructureTransformAction: /home/runner/.gradle/caches/8.9/transforms/845e21eecd722632e1842f5b98ba5ffa/transformed/lifecycle-viewmodel-savedstate-2.8.6-api.jar with cache key c63dbe8a0a1af46d9ff52ea303b8795c
Build cache key for StructureTransformAction: /home/runner/.gradle/caches/8.9/transforms/d27e16881f27fc96e11284bd44bb832d/transformed/core-ktx-1.13.1-api.jar is 0b3a0b30d62bfa12b3c0e06d3a93cd30
Stored cache entry for StructureTransformAction: /home/runner/.gradle/caches/8.9/transforms/d27e16881f27fc96e11284bd44bb832d/transformed/core-ktx-1.13.1-api.jar with cache key 0b3a0b30d62bfa12b3c0e06d3a93cd30
Build cache key for StructureTransformAction: /home/runner/.gradle/caches/modules-2/files-2.1/androidx.room/room-common/2.6.1/ff1b9580850a9b7eef56554e356628d225785265/room-common-2.6.1.jar is bb5ea99c48c3ff8bc1d573f16f4b5578
Stored cache entry for StructureTransformAction: /home/runner/.gradle/caches/modules-2/files-2.1/androidx.room/room-common/2.6.1/ff1b9580850a9b7eef56554e356628d225785265/room-common-2.6.1.jar with cache key bb5ea99c48c3ff8bc1d573f16f4b5578
Build cache key for StructureTransformAction: /home/runner/.gradle/caches/8.9/transforms/c4b13510468a359c8528cafead561811/transformed/room-runtime-2.6.1-api.jar is bedf4422c47f8a7f63036dd34ebb2ad5
Stored cache entry for StructureTransformAction: /home/runner/.gradle/caches/8.9/transforms/c4b13510468a359c8528cafead561811/transformed/room-runtime-2.6.1-api.jar with cache key bedf4422c47f8a7f63036dd34ebb2ad5
Build cache key for StructureTransformAction: /home/runner/.gradle/caches/8.9/transforms/1aaf4373345dc571610a23cecee6a7f6/transformed/room-ktx-2.6.1-api.jar is 8afff59dbcc2a0999d57d9dd4a08b06d
Stored cache entry for StructureTransformAction: /home/runner/.gradle/caches/8.9/transforms/1aaf4373345dc571610a23cecee6a7f6/transformed/room-ktx-2.6.1-api.jar with cache key 8afff59dbcc2a0999d57d9dd4a08b06d
Build cache key for StructureTransformAction: /home/runner/.gradle/caches/8.9/transforms/65515fe16325a3c8fea3e6ab3357f181/transformed/runtime-saveable-release-api.jar is 985d35153045169d414117c5ef404dba
Stored cache entry for StructureTransformAction: /home/runner/.gradle/caches/8.9/transforms/65515fe16325a3c8fea3e6ab3357f181/transformed/runtime-saveable-release-api.jar with cache key 985d35153045169d414117c5ef404dba
Build cache key for StructureTransformAction: /home/runner/.gradle/caches/8.9/transforms/b29cc98a66fa056b1ca6d038542f5a92/transformed/runtime-release-api.jar is 036a8fe1af612abd240bd592b9944d2e
Stored cache entry for StructureTransformAction: /home/runner/.gradle/caches/8.9/transforms/5b3bfae560a9add8e9dc72a9348b7c07/transformed/ui-release-api.jar with cache key 484e698ed7efe3ff31e0c21e3ad32b64
Build cache key for StructureTransformAction: /home/runner/.gradle/caches/modules-2/files-2.1/org.jetbrains.kotlinx/kotlinx-coroutines-core-jvm/1.8.1/bb0e192bd7c2b6b8217440d36e9758e377e450/kotlinx-coroutines-core-jvm-1.8.1.jar is 469e3ae6c1d2dced25bffc0039cd21bc
Stored cache entry for StructureTransformAction: /home/runner/.gradle/caches/8.9/transforms/b29cc98a66fa056b1ca6d038542f5a92/transformed/runtime-release-api.jar with cache key 036a8fe1af612abd240bd592b9944d2e
Build cache key for StructureTransformAction: /home/runner/.gradle/caches/modules-2/files-2.1/org.jetbrains.kotlinx/kotlinx-coroutines-android/1.8.1/73e2acdd18df99dd4849d99f188dff529fc0afe0/kotlinx-coroutines-android-1.8.1.jar is 552473ce14751eecdd87ab5ce36a4570
Stored cache entry for StructureTransformAction: /home/runner/.gradle/caches/modules-2/files-2.1/org.jetbrains.kotlinx/kotlinx-coroutines-android/1.8.1/73e2acdd18df99dd4849d99f188dff529fc0afe0/kotlinx-coroutines-android-1.8.1.jar with cache key 552473ce14751eecdd87ab5ce36a4570
Build cache key for StructureTransformAction: /home/runner/.gradle/caches/8.9/transforms/922f6d6ae1c8b716ccaa2966653727dd/transformed/annotation-experimental-1.4.1-api.jar is 1f9b767ce0f34e6337582dc79299ee3b
Stored cache entry for StructureTransformAction: /home/runner/.gradle/caches/8.9/transforms/922f6d6ae1c8b716ccaa2966653727dd/transformed/annotation-experimental-1.4.1-api.jar with cache key 1f9b767ce0f34e6337582dc79299ee3b
Build cache key for StructureTransformAction: /home/runner/.gradle/caches/8.9/transforms/a8a51fa82fffb74c515a0e07fe9eb38d/transformed/savedstate-ktx-1.2.1-api.jar is cff6bac9b987b50e753214f7e91b420c
Stored cache entry for StructureTransformAction: /home/runner/.gradle/caches/8.9/transforms/a8a51fa82fffb74c515a0e07fe9eb38d/transformed/savedstate-ktx-1.2.1-api.jar with cache key cff6bac9b987b50e753214f7e91b420c
Build cache key for StructureTransformAction: /home/runner/.gradle/caches/8.9/transforms/62da50ebacb0be6c4f568756d232b20e/transformed/savedstate-1.2.1-api.jar is 568c478ba6eeac2b21f241018d4bd0c0
Stored cache entry for StructureTransformAction: /home/runner/.gradle/caches/8.9/transforms/62da50ebacb0be6c4f568756d232b20e/transformed/savedstate-1.2.1-api.jar with cache key 568c478ba6eeac2b21f241018d4bd0c0
Stored cache entry for StructureTransformAction: /home/runner/.gradle/caches/modules-2/files-2.1/org.jetbrains.kotlinx/kotlinx-coroutines-core-jvm/1.8.1/bb0e192bd7c2b6b8217440d36e9758e377e450/kotlinx-coroutines-core-jvm-1.8.1.jar with cache key 469e3ae6c1d2dced25bffc0039cd21bc
Build cache key for StructureTransformAction: /home/runner/.gradle/caches/modules-2/files-2.1/com.squareup.okhttp3/okhttp/4.12.0/2f4525d4a200e97e1b87449c2cd9bd2e25b7e8cd/okhttp-4.12.0.jar is 44fe64ec297fda7d2ebfb74e38c9a5d7
Build cache key for StructureTransformAction: /home/runner/.gradle/caches/modules-2/files-2.1/com.squareup.okio/okio-jvm/3.6.0/5600569133b7bdefe1daf9ec7f4abeb6d13e1786/okio-jvm-3.6.0.jar is d2171e920825a492a7168ba07e95b77e
Stored cache entry for StructureTransformAction: /home/runner/.gradle/caches/modules-2/files-2.1/com.squareup.okio/okio-jvm/3.6.0/5600569133b7bdefe1daf9ec7f4abeb6d13e1786/okio-jvm-3.6.0.jar with cache key d2171e920825a492a7168ba07e95b77e
Build cache key for StructureTransformAction: /home/runner/.gradle/caches/modules-2/files-2.1/org.jetbrains.kotlin/kotlin-stdlib-jdk8/1.9.10/c7510d64a83411a649c76f2778304ddf71d7437b/kotlin-stdlib-jdk8-1.9.10.jar is 158a8f84b18f0e168a3f3d2f084bf2fe
Stored cache entry for StructureTransformAction: /home/runner/.gradle/caches/modules-2/files-2.1/org.jetbrains.kotlin/kotlin-stdlib-jdk8/1.9.10/c7510d64a83411a649c76f2778304ddf71d7437b/kotlin-stdlib-jdk8-1.9.10.jar with cache key 158a8f84b18f0e168a3f3d2f084bf2fe
Build cache key for StructureTransformAction: /home/runner/.gradle/caches/8.9/transforms/73ef69189b61026e13e81b1f2eda0a4c/transformed/sqlite-framework-2.4.0-api.jar is d4c78139a6582a37cee2f3f3498e38c1
Stored cache entry for StructureTransformAction: /home/runner/.gradle/caches/8.9/transforms/73ef69189b61026e13e81b1f2eda0a4c/transformed/sqlite-framework-2.4.0-api.jar with cache key d4c78139a6582a37cee2f3f3498e38c1
Build cache key for StructureTransformAction: /home/runner/.gradle/caches/8.9/transforms/da5072c73615cd8777a4f1ae302b97bb/transformed/sqlite-2.4.0-api.jar is 8593647ed5bac5700e13d9c0a4181fd8
Stored cache entry for StructureTransformAction: /home/runner/.gradle/caches/8.9/transforms/da5072c73615cd8777a4f1ae302b97bb/transformed/sqlite-2.4.0-api.jar with cache key 8593647ed5bac5700e13d9c0a4181fd8
Build cache key for StructureTransformAction: /home/runner/.gradle/caches/8.9/transforms/9001f119ea9f9a8c12d925241aaf6ae8/transformed/versionedparcelable-1.1.1-api.jar is 813f9fcd7a0e894b2c29b9d4fd16bd39
Stored cache entry for StructureTransformAction: /home/runner/.gradle/caches/8.9/transforms/9001f119ea9f9a8c12d925241aaf6ae8/transformed/versionedparcelable-1.1.1-api.jar with cache key 813f9fcd7a0e894b2c29b9d4fd16bd39
Build cache key for StructureTransformAction: /home/runner/.gradle/caches/modules-2/files-2.1/androidx.collection/collection-jvm/1.4.4/da13a7e557c430276b8cb490420effebc1398c0d/collection-jvm-1.4.4.jar is 42060c14ede7ae354dee0a838c8920bc
Stored cache entry for StructureTransformAction: /home/runner/.gradle/caches/modules-2/files-2.1/com.squareup.okhttp3/okhttp/4.12.0/2f4525d4a200e97e1b87449c2cd9bd2e25b7e8cd/okhttp-4.12.0.jar with cache key 44fe64ec297fda7d2ebfb74e38c9a5d7
Build cache key for StructureTransformAction: /home/runner/.gradle/caches/8.9/transforms/7ca1b757e323c0cda5cfea9c07b90b59/transformed/core-runtime-2.2.0-api.jar is 8124024c0912d961fbc961aab1a1328c
Stored cache entry for StructureTransformAction: /home/runner/.gradle/caches/8.9/transforms/7ca1b757e323c0cda5cfea9c07b90b59/transformed/core-runtime-2.2.0-api.jar with cache key 8124024c0912d961fbc961aab1a1328c
Build cache key for StructureTransformAction: /home/runner/.gradle/caches/modules-2/files-2.1/androidx.arch.core/core-common/2.2.0/5e1b8b81dfd5f52c56a8d53b18ca759c19a301f3/core-common-2.2.0.jar is 1aae989b7bb268eac1e6c7c06ed69a65
Stored cache entry for StructureTransformAction: /home/runner/.gradle/caches/modules-2/files-2.1/androidx.arch.core/core-common/2.2.0/5e1b8b81dfd5f52c56a8d53b18ca759c19a301f3/core-common-2.2.0.jar with cache key 1aae989b7bb268eac1e6c7c06ed69a65
Build cache key for StructureTransformAction: /home/runner/.gradle/caches/modules-2/files-2.1/androidx.annotation/annotation-jvm/1.8.1/b8a16fe526014b7941c1debaccaf9c5153692dbb/annotation-jvm-1.8.1.jar is 403aef5d5b44b5d61e4764e50617aac4
Stored cache entry for StructureTransformAction: /home/runner/.gradle/caches/modules-2/files-2.1/androidx.annotation/annotation-jvm/1.8.1/b8a16fe526014b7941c1debaccaf9c5153692dbb/annotation-jvm-1.8.1.jar with cache key 403aef5d5b44b5d61e4764e50617aac4
Build cache key for StructureTransformAction: /home/runner/.gradle/caches/modules-2/files-2.1/org.jetbrains.kotlin/kotlin-stdlib-jdk7/1.9.10/bc5bfc2690338defd5195b05c57562f2194eeb10/kotlin-stdlib-jdk7-1.9.10.jar is 2a7a0a656230b9f5bdc48e581a52d3a9
Stored cache entry for StructureTransformAction: /home/runner/.gradle/caches/modules-2/files-2.1/org.jetbrains.kotlin/kotlin-stdlib-jdk7/1.9.10/bc5bfc2690338defd5195b05c57562f2194eeb10/kotlin-stdlib-jdk7-1.9.10.jar with cache key 2a7a0a656230b9f5bdc48e581a52d3a9
Build cache key for StructureTransformAction: /home/runner/.gradle/caches/modules-2/files-2.1/org.jetbrains.kotlin/kotlin-stdlib/2.0.21/618b539767b4899b4660a83006e052b63f1db551/kotlin-stdlib-2.0.21.jar is 20686abf0cf83ffc6757204dbadfe955
Stored cache entry for StructureTransformAction: /home/runner/.gradle/caches/modules-2/files-2.1/androidx.collection/collection-jvm/1.4.4/da13a7e557c430276b8cb490420effebc1398c0d/collection-jvm-1.4.4.jar with cache key 42060c14ede7ae354dee0a838c8920bc
Build cache key for StructureTransformAction: /home/runner/.gradle/caches/modules-2/files-2.1/com.google.code.gson/gson/2.11.0/527175ca6d81050b53bdd4c457a6d6e017626b0e/gson-2.11.0.jar is b09f73149f18d063a406b81018d6ef9f
Stored cache entry for StructureTransformAction: /home/runner/.gradle/caches/modules-2/files-2.1/com.google.code.gson/gson/2.11.0/527175ca6d81050b53bdd4c457a6d6e017626b0e/gson-2.11.0.jar with cache key b09f73149f18d063a406b81018d6ef9f
Build cache key for StructureTransformAction: /home/runner/.gradle/caches/modules-2/files-2.1/org.jsoup/jsoup/1.18.1/cb7cd991d47b44101cbe4655dec611cdc01f8a02/jsoup-1.18.1.jar is 00c12994f8336e99a2a89c5f3facbebd
Stored cache entry for StructureTransformAction: /home/runner/.gradle/caches/modules-2/files-2.1/org.jsoup/jsoup/1.18.1/cb7cd991d47b44101cbe4655dec611cdc01f8a02/jsoup-1.18.1.jar with cache key 00c12994f8336e99a2a89c5f3facbebd
Build cache key for StructureTransformAction: /home/runner/.gradle/caches/modules-2/files-2.1/org.jetbrains/annotations/23.0.0/8cc20c07506ec18e0834947b84a864bfc094484e/annotations-23.0.0.jar is 4642d3eb870211b78daadbd020e82b1b
Stored cache entry for StructureTransformAction: /home/runner/.gradle/caches/modules-2/files-2.1/org.jetbrains/annotations/23.0.0/8cc20c07506ec18e0834947b84a864bfc094484e/annotations-23.0.0.jar with cache key 4642d3eb870211b78daadbd020e82b1b
Build cache key for StructureTransformAction: /home/runner/.gradle/caches/modules-2/files-2.1/com.google.dagger/hilt-core/2.52/d8e3f33770f8b5d9e2e29a303278c3e41faa9980/hilt-core-2.52.jar is cd54c2331185c005b8145c2707139260
Stored cache entry for StructureTransformAction: /home/runner/.gradle/caches/modules-2/files-2.1/com.google.dagger/hilt-core/2.52/d8e3f33770f8b5d9e2e29a303278c3e41faa9980/hilt-core-2.52.jar with cache key cd54c2331185c005b8145c2707139260
Build cache key for StructureTransformAction: /home/runner/.gradle/caches/modules-2/files-2.1/com.google.dagger/dagger/2.52/c385ea51a9873b238d183faa22d54c00d65195ac/dagger-2.52.jar is e893360bb4c35b3f9890492af7e91e7c
Stored cache entry for StructureTransformAction: /home/runner/.gradle/caches/modules-2/files-2.1/com.google.dagger/dagger/2.52/c385ea51a9873b238d183faa22d54c00d65195ac/dagger-2.52.jar with cache key e893360bb4c35b3f9890492af7e91e7c
Build cache key for StructureTransformAction: /home/runner/.gradle/caches/modules-2/files-2.1/jakarta.inject/jakarta.inject-api/2.0.1/4c28afe1991a941d7702fe1362c365f0a8641d1e/jakarta.inject-api-2.0.1.jar is 4e579b5bcb3173795e4f65c3a67f3d55
Stored cache entry for StructureTransformAction: /home/runner/.gradle/caches/modules-2/files-2.1/jakarta.inject/jakarta.inject-api/2.0.1/4c28afe1991a941d7702fe1362c365f0a8641d1e/jakarta.inject-api-2.0.1.jar with cache key 4e579b5bcb3173795e4f65c3a67f3d55
Build cache key for StructureTransformAction: /home/runner/.gradle/caches/modules-2/files-2.1/javax.inject/javax.inject/1/6975da39a7040257bd51d21a231b76c915872d38/javax.inject-1.jar is 130292c9a9c028101e5d1c68a9c80f7f
Stored cache entry for StructureTransformAction: /home/runner/.gradle/caches/modules-2/files-2.1/javax.inject/javax.inject/1/6975da39a7040257bd51d21a231b76c915872d38/javax.inject-1.jar with cache key 130292c9a9c028101e5d1c68a9c80f7f
Build cache key for StructureTransformAction: /home/runner/.gradle/caches/8.9/transforms/5ff2269553315705f578c88fe2e83c60/transformed/dagger-lint-aar-2.52-api.jar is 56a49405af5d275b6870ced2ce27a576
Stored cache entry for StructureTransformAction: /home/runner/.gradle/caches/8.9/transforms/5ff2269553315705f578c88fe2e83c60/transformed/dagger-lint-aar-2.52-api.jar with cache key 56a49405af5d275b6870ced2ce27a576
Build cache key for StructureTransformAction: /home/runner/.gradle/caches/modules-2/files-2.1/com.google.code.findbugs/jsr305/3.0.2/25ea2e8b0c338a877313bd4672d3fe056ea78f0d/jsr305-3.0.2.jar is 9e0a894a9d2819dce4fb9408b0df68bf
Stored cache entry for StructureTransformAction: /home/runner/.gradle/caches/modules-2/files-2.1/com.google.code.findbugs/jsr305/3.0.2/25ea2e8b0c338a877313bd4672d3fe056ea78f0d/jsr305-3.0.2.jar with cache key 9e0a894a9d2819dce4fb9408b0df68bf
Stored cache entry for StructureTransformAction: /home/runner/.gradle/caches/modules-2/files-2.1/org.jetbrains.kotlin/kotlin-stdlib/2.0.21/618b539767b4899b4660a83006e052b63f1db551/kotlin-stdlib-2.0.21.jar with cache key 20686abf0cf83ffc6757204dbadfe955
Build cache key for StructureTransformAction: /home/runner/.gradle/caches/modules-2/files-2.1/com.google.errorprone/error_prone_annotations/2.27.0/91b2c29d8a6148b5e2e4930f070d4840e2e48e34/error_prone_annotations-2.27.0.jar is 295175eb23ccc0abbbd7025c5fbc9acb
Build cache key for StructureTransformAction: /usr/local/lib/android/sdk/platforms/android-35/android.jar is 74fc05518eef7c9d63919f25dae96191
Stored cache entry for StructureTransformAction: /home/runner/.gradle/caches/modules-2/files-2.1/com.google.errorprone/error_prone_annotations/2.27.0/91b2c29d8a6148b5e2e4930f070d4840e2e48e34/error_prone_annotations-2.27.0.jar with cache key 295175eb23ccc0abbbd7025c5fbc9acb
Build cache key for StructureTransformAction: /usr/local/lib/android/sdk/build-tools/34.0.0/core-lambda-stubs.jar is 87a96e50160b773783de970b0c569304
Stored cache entry for StructureTransformAction: /usr/local/lib/android/sdk/build-tools/34.0.0/core-lambda-stubs.jar with cache key 87a96e50160b773783de970b0c569304
Build cache key for StructureTransformAction: /home/runner/.gradle/caches/8.9/transforms/54fb60ff64caaf30f13de1f2e63c66a3/transformed/hilt-navigation-1.2.0-api.jar is 39d666996080e4b588eb0facc7f95448
Stored cache entry for StructureTransformAction: /home/runner/.gradle/caches/8.9/transforms/54fb60ff64caaf30f13de1f2e63c66a3/transformed/hilt-navigation-1.2.0-api.jar with cache key 39d666996080e4b588eb0facc7f95448
Stored cache entry for StructureTransformAction: /home/runner/.gradle/caches/8.9/transforms/d1878e7301c803f8c7d1ff9d559001e8/transformed/material-icons-extended-release-api.jar with cache key e2f1428bc5e729285d30b6f590f4f753
Stored cache entry for StructureTransformAction: /usr/local/lib/android/sdk/platforms/android-35/android.jar with cache key 74fc05518eef7c9d63919f25dae96191
[KOTLIN] Kotlin compilation 'jdkHome' argument: null

> Task :app:mergeLibDexDebug
Build cache key for task ':app:mergeLibDexDebug' is 872390f5488ffcac1b0365fcc001ec52
Task ':app:mergeLibDexDebug' is not up-to-date because:
  No history is available.
The input changes require a full rebuild for incremental task ':app:mergeLibDexDebug'.
Stored cache entry for task ':app:mergeLibDexDebug' with cache key 872390f5488ffcac1b0365fcc001ec52
Resolve mutations for :app:validateSigningDebug (Thread[Execution worker Thread 3,5,main]) started.
:app:validateSigningDebug (Thread[Execution worker Thread 3,5,main]) started.

> Task :app:stripDebugDebugSymbols
Caching disabled for task ':app:stripDebugDebugSymbols' because:
  Caching has been disabled for the task
Task ':app:stripDebugDebugSymbols' is not up-to-date because:
  No history is available.
The input changes require a full rebuild for incremental task ':app:stripDebugDebugSymbols'.
C/C++: android.ndkVersion from module build.gradle is [27.0.12077973]
C/C++: android.ndkPath from module build.gradle is not set
C/C++: ndk.dir in local.properties is not set
C/C++: Not considering ANDROID_NDK_HOME because support was removed after deprecation period.
C/C++: sdkFolder is /usr/local/lib/android/sdk
C/C++: Folder /usr/local/lib/android/sdk/ndk/27.0.12077973 does not exist. Ignoring.
C/C++: Folder /usr/local/lib/android/sdk/ndk-bundle does not exist. Ignoring.
Unable to strip library '/home/runner/work/SiteManager/SiteManager/app/build/intermediates/merged_native_libs/debug/mergeDebugNativeLibs/out/lib/arm64-v8a/libandroidx.graphics.path.so' due to missing strip tool for ABI 'arm64-v8a'. Packaging it as is.
C/C++: android.ndkVersion from module build.gradle is [27.0.12077973]
C/C++: android.ndkPath from module build.gradle is not set
C/C++: ndk.dir in local.properties is not set
C/C++: Not considering ANDROID_NDK_HOME because support was removed after deprecation period.
C/C++: sdkFolder is /usr/local/lib/android/sdk
C/C++: Folder /usr/local/lib/android/sdk/ndk/27.0.12077973 does not exist. Ignoring.
C/C++: Folder /usr/local/lib/android/sdk/ndk-bundle does not exist. Ignoring.
Unable to strip library '/home/runner/work/SiteManager/SiteManager/app/build/intermediates/merged_native_libs/debug/mergeDebugNativeLibs/out/lib/x86_64/libandroidx.graphics.path.so' due to missing strip tool for ABI 'x86_64'. Packaging it as is.
C/C++: android.ndkVersion from module build.gradle is [27.0.12077973]
C/C++: android.ndkPath from module build.gradle is not set
C/C++: ndk.dir in local.properties is not set
C/C++: Not considering ANDROID_NDK_HOME because support was removed after deprecation period.
C/C++: sdkFolder is /usr/local/lib/android/sdk
C/C++: Folder /usr/local/lib/android/sdk/ndk/27.0.12077973 does not exist. Ignoring.
C/C++: Folder /usr/local/lib/android/sdk/ndk-bundle does not exist. Ignoring.
Unable to strip library '/home/runner/work/SiteManager/SiteManager/app/build/intermediates/merged_native_libs/debug/mergeDebugNativeLibs/out/lib/armeabi-v7a/libandroidx.graphics.path.so' due to missing strip tool for ABI 'armeabi-v7a'. Packaging it as is.
C/C++: android.ndkVersion from module build.gradle is [27.0.12077973]
C/C++: android.ndkPath from module build.gradle is not set
C/C++: ndk.dir in local.properties is not set
C/C++: Not considering ANDROID_NDK_HOME because support was removed after deprecation period.
C/C++: sdkFolder is /usr/local/lib/android/sdk
C/C++: Folder /usr/local/lib/android/sdk/ndk/27.0.12077973 does not exist. Ignoring.
C/C++: Folder /usr/local/lib/android/sdk/ndk-bundle does not exist. Ignoring.
Unable to strip library '/home/runner/work/SiteManager/SiteManager/app/build/intermediates/merged_native_libs/debug/mergeDebugNativeLibs/out/lib/x86/libandroidx.graphics.path.so' due to missing strip tool for ABI 'x86'. Packaging it as is.
Unable to strip the following libraries, packaging them as they are: libandroidx.graphics.path.so.

> Task :app:validateSigningDebug
Caching disabled for task ':app:validateSigningDebug' because:
  Caching has been disabled for the task
Task ':app:validateSigningDebug' is not up-to-date because:
  Task.upToDateWhen is false.
Creating default debug keystore at /home/runner/.config/.android/debug.keystore
Resolve mutations for :app:writeDebugAppMetadata (Thread[Execution worker Thread 3,5,main]) started.
:app:writeDebugAppMetadata (Thread[Execution worker Thread 3,5,main]) started.

> Task :app:writeDebugAppMetadata
Caching disabled for task ':app:writeDebugAppMetadata' because:
  Caching has been disabled for the task
Task ':app:writeDebugAppMetadata' is not up-to-date because:
  No history is available.
Resolve mutations for :app:writeDebugSigningConfigVersions (Thread[Execution worker Thread 2,5,main]) started.
:app:writeDebugSigningConfigVersions (Thread[Execution worker Thread 2,5,main]) started.

> Task :app:writeDebugSigningConfigVersions
Caching disabled for task ':app:writeDebugSigningConfigVersions' because:
  Caching has been disabled for the task
Task ':app:writeDebugSigningConfigVersions' is not up-to-date because:
  No history is available.

> Task :app:mergeExtDexDebug
Stored cache entry for task ':app:mergeExtDexDebug' with cache key 1c060379cf87f0dd017801d9efeb3fa6

> Task :app:kspDebugKotlin
i: starting the daemon as: /usr/lib/jvm/temurin-17-jdk-amd64/bin/java -cp /home/runner/.gradle/caches/modules-2/files-2.1/org.jetbrains.kotlin/kotlin-compiler-embeddable/2.0.21/79346ed53db48b18312a472602eb5c057070c54d/kotlin-compiler-embeddable-2.0.21.jar:/home/runner/.gradle/caches/modules-2/files-2.1/org.jetbrains.kotlin/kotlin-stdlib/2.0.21/618b539767b4899b4660a83006e052b63f1db551/kotlin-stdlib-2.0.21.jar:/home/runner/.gradle/caches/modules-2/files-2.1/org.jetbrains.kotlin/kotlin-script-runtime/2.0.21/c9b044380ad41f89aa89aa896c2d32a8c0b2129d/kotlin-script-runtime-2.0.21.jar:/home/runner/.gradle/caches/modules-2/files-2.1/org.jetbrains.kotlin/kotlin-reflect/1.6.10/1cbe9c92c12a94eea200d23c2bbaedaf3daf5132/kotlin-reflect-1.6.10.jar:/home/runner/.gradle/caches/modules-2/files-2.1/org.jetbrains.kotlin/kotlin-daemon-embeddable/2.0.21/c9e933b23287de9b5a17e2116b4657bb91aea72c/kotlin-daemon-embeddable-2.0.21.jar:/home/runner/.gradle/caches/modules-2/files-2.1/org.jetbrains.intellij.deps/trove4j/1.0.20200330/3afb14d5f9ceb459d724e907a21145e8ff394f02/trove4j-1.0.20200330.jar:/home/runner/.gradle/caches/modules-2/files-2.1/org.jetbrains.kotlinx/kotlinx-coroutines-core-jvm/1.6.4/2c997cd1c0ef33f3e751d3831929aeff1390cb30/kotlinx-coroutines-core-jvm-1.6.4.jar:/home/runner/.gradle/caches/modules-2/files-2.1/org.jetbrains/annotations/13.0/919f0dfe192fb4e063e7dacadee7f8bb9a2672a9/annotations-13.0.jar -Djava.awt.headless=true -Djava.rmi.server.hostname=127.0.0.1 -Xmx2048m -XX:ReservedCodeCacheSize=320m -Dkotlin.environment.keepalive -ea -XX:+UseCodeCacheFlushing -XX:+UseParallelGC --add-exports java.base/sun.nio.ch=ALL-UNNAMED org.jetbrains.kotlin.daemon.KotlinCompileDaemon --daemon-runFilesPath /home/runner/.kotlin/daemon --daemon-autoshutdownIdleSeconds=7200 --daemon-compilerClasspath /home/runner/.gradle/caches/modules-2/files-2.1/org.jetbrains.kotlin/kotlin-compiler-embeddable/2.0.21/79346ed53db48b18312a472602eb5c057070c54d/kotlin-compiler-embeddable-2.0.21.jar:/home/runner/.gradle/caches/modules-2/files-2.1/org.jetbrains.kotlin/kotlin-stdlib/2.0.21/618b539767b4899b4660a83006e052b63f1db551/kotlin-stdlib-2.0.21.jar:/home/runner/.gradle/caches/modules-2/files-2.1/org.jetbrains.kotlin/kotlin-script-runtime/2.0.21/c9b044380ad41f89aa89aa896c2d32a8c0b2129d/kotlin-script-runtime-2.0.21.jar:/home/runner/.gradle/caches/modules-2/files-2.1/org.jetbrains.kotlin/kotlin-reflect/1.6.10/1cbe9c92c12a94eea200d23c2bbaedaf3daf5132/kotlin-reflect-1.6.10.jar:/home/runner/.gradle/caches/modules-2/files-2.1/org.jetbrains.kotlin/kotlin-daemon-embeddable/2.0.21/c9e933b23287de9b5a17e2116b4657bb91aea72c/kotlin-daemon-embeddable-2.0.21.jar:/home/runner/.gradle/caches/modules-2/files-2.1/org.jetbrains.intellij.deps/trove4j/1.0.20200330/3afb14d5f9ceb459d724e907a21145e8ff394f02/trove4j-1.0.20200330.jar:/home/runner/.gradle/caches/modules-2/files-2.1/org.jetbrains.kotlinx/kotlinx-coroutines-core-jvm/1.6.4/2c997cd1c0ef33f3e751d3831929aeff1390cb30/kotlinx-coroutines-core-jvm-1.6.4.jar:/home/runner/.gradle/caches/modules-2/files-2.1/org.jetbrains/annotations/13.0/919f0dfe192fb4e063e7dacadee7f8bb9a2672a9/annotations-13.0.jar
i: #1 retrying connecting to the daemon 
i: [ksp] loaded provider(s): [dagger.hilt.processor.internal.uninstallmodules.KspUninstallModulesProcessor$Provider, dagger.hilt.android.processor.internal.customtestapplication.KspCustomTestApplicationProcessor$Provider, dagger.hilt.processor.internal.generatesrootinput.KspGeneratesRootInputProcessor$Provider, dagger.hilt.processor.internal.root.KspRootProcessor$Provider, dagger.hilt.processor.internal.definecomponent.KspDefineComponentProcessor$Provider, dagger.hilt.processor.internal.aliasof.KspAliasOfProcessor$Provider, dagger.hilt.android.processor.internal.androidentrypoint.KspAndroidEntryPointProcessor$Provider, dagger.hilt.processor.internal.earlyentrypoint.KspEarlyEntryPointProcessor$Provider, dagger.hilt.processor.internal.root.KspComponentTreeDepsProcessor$Provider, dagger.hilt.processor.internal.aggregateddeps.KspAggregatedDepsProcessor$Provider, dagger.hilt.processor.internal.originatingelement.KspOriginatingElementProcessor$Provider, dagger.hilt.android.processor.internal.viewmodel.KspViewModelProcessor$Provider, dagger.hilt.android.processor.internal.bindvalue.KspBindValueProcessor$Provider, androidx.room.RoomKspProcessor$Provider, dagger.internal.codegen.KspComponentProcessor$Provider]
Finished executing kotlin compiler using DAEMON strategy
Stored cache entry for task ':app:kspDebugKotlin' with cache key d80d0b6da4bb6e3e90de217b3cb3128a
Resolve mutations for :app:compileDebugKotlin (Thread[Execution worker,5,main]) started.
:app:compileDebugKotlin (Thread[Execution worker,5,main]) started.

> Task :app:compileDebugKotlin
Transforming R.jar with BuildToolsApiClasspathEntrySnapshotTransform
Transforming hilt-navigation-compose-1.2.0-api.jar with BuildToolsApiClasspathEntrySnapshotTransform
Transforming hilt-navigation-1.2.0-api.jar with BuildToolsApiClasspathEntrySnapshotTransform
Transforming navigation-common-2.8.3-api.jar with BuildToolsApiClasspathEntrySnapshotTransform
Transforming navigation-runtime-2.8.3-api.jar with BuildToolsApiClasspathEntrySnapshotTransform
Transforming navigation-common-ktx-2.8.3-api.jar with BuildToolsApiClasspathEntrySnapshotTransform
Transforming navigation-runtime-ktx-2.8.3-api.jar with BuildToolsApiClasspathEntrySnapshotTransform
Transforming navigation-compose-2.8.3-api.jar with BuildToolsApiClasspathEntrySnapshotTransform
Transforming hilt-android-2.52-api.jar with BuildToolsApiClasspathEntrySnapshotTransform
Transforming fragment-1.5.1-api.jar with BuildToolsApiClasspathEntrySnapshotTransform
Transforming activity-1.9.3-api.jar with BuildToolsApiClasspathEntrySnapshotTransform
Transforming activity-compose-1.9.3-api.jar with BuildToolsApiClasspathEntrySnapshotTransform
Transforming activity-ktx-1.9.3-api.jar with BuildToolsApiClasspathEntrySnapshotTransform
Transforming material3-release-api.jar with BuildToolsApiClasspathEntrySnapshotTransform
Transforming foundation-layout-release-api.jar with BuildToolsApiClasspathEntrySnapshotTransform
Transforming material-ripple-release-api.jar with BuildToolsApiClasspathEntrySnapshotTransform
Transforming foundation-release-api.jar with BuildToolsApiClasspathEntrySnapshotTransform
Transforming animation-core-release-api.jar with BuildToolsApiClasspathEntrySnapshotTransform
Transforming animation-release-api.jar with BuildToolsApiClasspathEntrySnapshotTransform
Transforming ui-util-release-api.jar with BuildToolsApiClasspathEntrySnapshotTransform
Transforming ui-unit-release-api.jar with BuildToolsApiClasspathEntrySnapshotTransform
Transforming ui-text-release-api.jar with BuildToolsApiClasspathEntrySnapshotTransform
Transforming ui-geometry-release-api.jar with BuildToolsApiClasspathEntrySnapshotTransform
Transforming ui-tooling-data-release-api.jar with BuildToolsApiClasspathEntrySnapshotTransform
Transforming ui-tooling-preview-release-api.jar with BuildToolsApiClasspathEntrySnapshotTransform
Transforming ui-graphics-release-api.jar with BuildToolsApiClasspathEntrySnapshotTransform
Transforming ui-tooling-release-api.jar with BuildToolsApiClasspathEntrySnapshotTransform
Transforming loader-1.0.0-api.jar with BuildToolsApiClasspathEntrySnapshotTransform
Transforming viewpager-1.0.0-api.jar with BuildToolsApiClasspathEntrySnapshotTransform
Transforming customview-1.0.0-api.jar with BuildToolsApiClasspathEntrySnapshotTransform
Transforming core-1.13.1-api.jar with BuildToolsApiClasspathEntrySnapshotTransform
Transforming lifecycle-livedata-core-ktx-2.8.6-api.jar with BuildToolsApiClasspathEntrySnapshotTransform
Transforming lifecycle-livedata-2.8.6-api.jar with BuildToolsApiClasspathEntrySnapshotTransform
Transforming lifecycle-runtime-release-api.jar with BuildToolsApiClasspathEntrySnapshotTransform
Transforming lifecycle-common-jvm-2.8.6.jar with BuildToolsApiClasspathEntrySnapshotTransform
Transforming lifecycle-livedata-core-2.8.6-api.jar with BuildToolsApiClasspathEntrySnapshotTransform
Transforming lifecycle-viewmodel-2.8.6-api.jar with BuildToolsApiClasspathEntrySnapshotTransform
Transforming lifecycle-viewmodel-release-api.jar with BuildToolsApiClasspathEntrySnapshotTransform
Transforming lifecycle-viewmodel-ktx-2.8.6-api.jar with BuildToolsApiClasspathEntrySnapshotTransform
Transforming lifecycle-viewmodel-compose-release-api.jar with BuildToolsApiClasspathEntrySnapshotTransform
Transforming material-icons-extended-release-api.jar with BuildToolsApiClasspathEntrySnapshotTransform
Transforming material-icons-core-release-api.jar with BuildToolsApiClasspathEntrySnapshotTransform
Transforming ui-release-api.jar with BuildToolsApiClasspathEntrySnapshotTransform
Transforming lifecycle-runtime-compose-release-api.jar with BuildToolsApiClasspathEntrySnapshotTransform
Transforming lifecycle-runtime-ktx-release-api.jar with BuildToolsApiClasspathEntrySnapshotTransform
Transforming lifecycle-viewmodel-savedstate-2.8.6-api.jar with BuildToolsApiClasspathEntrySnapshotTransform
Transforming core-ktx-1.13.1-api.jar with BuildToolsApiClasspathEntrySnapshotTransform
Transforming room-common-2.6.1.jar with BuildToolsApiClasspathEntrySnapshotTransform
Transforming room-runtime-2.6.1-api.jar with BuildToolsApiClasspathEntrySnapshotTransform
Transforming room-ktx-2.6.1-api.jar with BuildToolsApiClasspathEntrySnapshotTransform
Transforming runtime-saveable-release-api.jar with BuildToolsApiClasspathEntrySnapshotTransform
Transforming runtime-release-api.jar with BuildToolsApiClasspathEntrySnapshotTransform
Transforming kotlinx-coroutines-core-jvm-1.8.1.jar with BuildToolsApiClasspathEntrySnapshotTransform
Transforming kotlinx-coroutines-android-1.8.1.jar with BuildToolsApiClasspathEntrySnapshotTransform
Transforming annotation-experimental-1.4.1-api.jar with BuildToolsApiClasspathEntrySnapshotTransform
Transforming savedstate-ktx-1.2.1-api.jar with BuildToolsApiClasspathEntrySnapshotTransform
Transforming savedstate-1.2.1-api.jar with BuildToolsApiClasspathEntrySnapshotTransform
Transforming okhttp-4.12.0.jar with BuildToolsApiClasspathEntrySnapshotTransform
Transforming okio-jvm-3.6.0.jar with BuildToolsApiClasspathEntrySnapshotTransform
Transforming kotlin-stdlib-jdk8-1.9.10.jar with BuildToolsApiClasspathEntrySnapshotTransform
Transforming sqlite-framework-2.4.0-api.jar with BuildToolsApiClasspathEntrySnapshotTransform
Transforming sqlite-2.4.0-api.jar with BuildToolsApiClasspathEntrySnapshotTransform
Transforming versionedparcelable-1.1.1-api.jar with BuildToolsApiClasspathEntrySnapshotTransform
Transforming collection-jvm-1.4.4.jar with BuildToolsApiClasspathEntrySnapshotTransform
Transforming core-runtime-2.2.0-api.jar with BuildToolsApiClasspathEntrySnapshotTransform
Transforming core-common-2.2.0.jar with BuildToolsApiClasspathEntrySnapshotTransform
Transforming annotation-jvm-1.8.1.jar with BuildToolsApiClasspathEntrySnapshotTransform
Transforming kotlin-stdlib-jdk7-1.9.10.jar with BuildToolsApiClasspathEntrySnapshotTransform
Transforming kotlin-stdlib-2.0.21.jar with BuildToolsApiClasspathEntrySnapshotTransform
Transforming gson-2.11.0.jar with BuildToolsApiClasspathEntrySnapshotTransform
Transforming jsoup-1.18.1.jar with BuildToolsApiClasspathEntrySnapshotTransform
Transforming annotations-23.0.0.jar with BuildToolsApiClasspathEntrySnapshotTransform
Transforming hilt-core-2.52.jar with BuildToolsApiClasspathEntrySnapshotTransform
Transforming dagger-2.52.jar with BuildToolsApiClasspathEntrySnapshotTransform
Transforming jakarta.inject-api-2.0.1.jar with BuildToolsApiClasspathEntrySnapshotTransform
Transforming javax.inject-1.jar with BuildToolsApiClasspathEntrySnapshotTransform
Transforming dagger-lint-aar-2.52-api.jar with BuildToolsApiClasspathEntrySnapshotTransform
Transforming jsr305-3.0.2.jar with BuildToolsApiClasspathEntrySnapshotTransform
Transforming error_prone_annotations-2.27.0.jar with BuildToolsApiClasspathEntrySnapshotTransform
Transforming android.jar with BuildToolsApiClasspathEntrySnapshotTransform
Transforming core-lambda-stubs.jar with BuildToolsApiClasspathEntrySnapshotTransform
Downloading https://repo.maven.apache.org/maven2/org/jetbrains/kotlin/kotlin-compose-compiler-plugin-embeddable/2.0.21/kotlin-compose-compiler-plugin-embeddable-2.0.21.pom to /home/runner/.gradle/.tmp/gradle_download4218767068790948401bin
Found locally available resource with matching checksum: [https://repo.maven.apache.org/maven2/org/jetbrains/kotlin/kotlin-compose-compiler-plugin-embeddable/2.0.21/kotlin-compose-compiler-plugin-embeddable-2.0.21.jar, /home/runner/.gradle/caches/modules-2/files-2.1/org.jetbrains.kotlin/kotlin-compose-compiler-plugin-embeddable/2.0.21/e14f003d962fb25693b461de59490c91072a7979/kotlin-compose-compiler-plugin-embeddable-2.0.21.jar]
Build cache key for task ':app:compileDebugKotlin' is 31a9b08ae0ea51906ce00df2d261591e
Task ':app:compileDebugKotlin' is not up-to-date because:
  No history is available.
The input changes require a full rebuild for incremental task ':app:compileDebugKotlin'.
file or directory '/home/runner/work/SiteManager/SiteManager/app/src/debug/kotlin', not found
file or directory '/home/runner/work/SiteManager/SiteManager/app/src/debug/java', not found
file or directory '/home/runner/work/SiteManager/SiteManager/app/src/debug/kotlin', not found
file or directory '/home/runner/work/SiteManager/SiteManager/app/src/debug/kotlin', not found
file or directory '/home/runner/work/SiteManager/SiteManager/app/src/debug/java', not found
file or directory '/home/runner/work/SiteManager/SiteManager/app/src/main/kotlin', not found
file or directory '/home/runner/work/SiteManager/SiteManager/app/src/main/kotlin', not found
file or directory '/home/runner/work/SiteManager/SiteManager/app/src/main/kotlin', not found
file or directory '/home/runner/work/SiteManager/SiteManager/app/src/debug/java', not found
file or directory '/home/runner/work/SiteManager/SiteManager/app/src/debug/kotlin', not found
file or directory '/home/runner/work/SiteManager/SiteManager/app/src/debug/java', not found
file or directory '/home/runner/work/SiteManager/SiteManager/app/src/debug/kotlin', not found
file or directory '/home/runner/work/SiteManager/SiteManager/app/src/debug/kotlin', not found
file or directory '/home/runner/work/SiteManager/SiteManager/app/src/debug/java', not found
file or directory '/home/runner/work/SiteManager/SiteManager/app/src/main/kotlin', not found
file or directory '/home/runner/work/SiteManager/SiteManager/app/src/debug/kotlin', not found
file or directory '/home/runner/work/SiteManager/SiteManager/app/src/debug/java', not found
file or directory '/home/runner/work/SiteManager/SiteManager/app/src/debug/kotlin', not found
file or directory '/home/runner/work/SiteManager/SiteManager/app/src/debug/kotlin', not found
file or directory '/home/runner/work/SiteManager/SiteManager/app/src/debug/java', not found
file or directory '/home/runner/work/SiteManager/SiteManager/app/src/main/kotlin', not found
file or directory '/home/runner/work/SiteManager/SiteManager/app/src/main/kotlin', not found
file or directory '/home/runner/work/SiteManager/SiteManager/app/src/main/kotlin', not found
file or directory '/home/runner/work/SiteManager/SiteManager/app/src/debug/java', not found
file or directory '/home/runner/work/SiteManager/SiteManager/app/src/debug/kotlin', not found
file or directory '/home/runner/work/SiteManager/SiteManager/app/src/debug/java', not found
file or directory '/home/runner/work/SiteManager/SiteManager/app/src/debug/kotlin', not found
file or directory '/home/runner/work/SiteManager/SiteManager/app/src/debug/kotlin', not found
file or directory '/home/runner/work/SiteManager/SiteManager/app/src/debug/java', not found
file or directory '/home/runner/work/SiteManager/SiteManager/app/src/main/kotlin', not found
file or directory '/home/runner/work/SiteManager/SiteManager/app/src/main/kotlin', not found
file or directory '/home/runner/work/SiteManager/SiteManager/app/src/main/kotlin', not found
file or directory '/home/runner/work/SiteManager/SiteManager/app/src/debug/java', not found
file or directory '/home/runner/work/SiteManager/SiteManager/app/src/debug/kotlin', not found
file or directory '/home/runner/work/SiteManager/SiteManager/app/src/debug/java', not found
file or directory '/home/runner/work/SiteManager/SiteManager/app/src/debug/kotlin', not found
file or directory '/home/runner/work/SiteManager/SiteManager/app/src/debug/kotlin', not found
file or directory '/home/runner/work/SiteManager/SiteManager/app/src/debug/java', not found
file or directory '/home/runner/work/SiteManager/SiteManager/app/src/main/kotlin', not found
file or directory '/home/runner/work/SiteManager/SiteManager/app/src/main/kotlin', not found
file or directory '/home/runner/work/SiteManager/SiteManager/app/src/main/kotlin', not found
file or directory '/home/runner/work/SiteManager/SiteManager/app/src/debug/java', not found
Kotlin source files: /home/runner/work/SiteManager/SiteManager/app/src/main/java/com/nadr59/sitemanager/ui/theme/Color.kt, /home/runner/work/SiteManager/SiteManager/app/src/main/java/com/nadr59/sitemanager/ui/theme/Theme.kt, /home/runner/work/SiteManager/SiteManager/app/src/main/java/com/nadr59/sitemanager/ui/viewmodel/SiteViewModel.kt, /home/runner/work/SiteManager/SiteManager/app/src/main/java/com/nadr59/sitemanager/ui/screens/SiteDetailScreen.kt, /home/runner/work/SiteManager/SiteManager/app/src/main/java/com/nadr59/sitemanager/ui/screens/EditSiteScreen.kt, /home/runner/work/SiteManager/SiteManager/app/src/main/java/com/nadr59/sitemanager/ui/screens/SettingsScreen.kt, /home/runner/work/SiteManager/SiteManager/app/src/main/java/com/nadr59/sitemanager/ui/screens/HomeScreen.kt, /home/runner/work/SiteManager/SiteManager/app/src/main/java/com/nadr59/sitemanager/ui/screens/AnalysisScreen.kt, /home/runner/work/SiteManager/SiteManager/app/src/main/java/com/nadr59/sitemanager/ui/screens/DashboardScreen.kt, /home/runner/work/SiteManager/SiteManager/app/src/main/java/com/nadr59/sitemanager/ui/screens/AddSiteScreen.kt, /home/runner/work/SiteManager/SiteManager/app/src/main/java/com/nadr59/sitemanager/ui/components/AddSiteBottomSheet.kt, /home/runner/work/SiteManager/SiteManager/app/src/main/java/com/nadr59/sitemanager/ui/components/SiteCard.kt, /home/runner/work/SiteManager/SiteManager/app/src/main/java/com/nadr59/sitemanager/data/local/SiteAnalysisEntity.kt, /home/runner/work/SiteManager/SiteManager/app/src/main/java/com/nadr59/sitemanager/data/local/SiteDao.kt, /home/runner/work/SiteManager/SiteManager/app/src/main/java/com/nadr59/sitemanager/data/local/SiteDatabase.kt, /home/runner/work/SiteManager/SiteManager/app/src/main/java/com/nadr59/sitemanager/data/local/SiteEntity.kt, /home/runner/work/SiteManager/SiteManager/app/src/main/java/com/nadr59/sitemanager/data/local/AnalysisType.kt, /home/runner/work/SiteManager/SiteManager/app/src/main/java/com/nadr59/sitemanager/data/remote/AiService.kt, /home/runner/work/SiteManager/SiteManager/app/src/main/java/com/nadr59/sitemanager/data/remote/AiModels.kt, /home/runner/work/SiteManager/SiteManager/app/src/main/java/com/nadr59/sitemanager/data/remote/WebScraper.kt, /home/runner/work/SiteManager/SiteManager/app/src/main/java/com/nadr59/sitemanager/data/repository/SiteRepository.kt, /home/runner/work/SiteManager/SiteManager/app/src/main/java/com/nadr59/sitemanager/data/repository/AnalyzerRepository.kt, /home/runner/work/SiteManager/SiteManager/app/src/main/java/com/nadr59/sitemanager/MainActivity.kt, /home/runner/work/SiteManager/SiteManager/app/src/main/java/com/nadr59/sitemanager/di/AppModule.kt, /home/runner/work/SiteManager/SiteManager/app/src/main/java/com/nadr59/sitemanager/utils/DateUtils.kt, /home/runner/work/SiteManager/SiteManager/app/src/main/java/com/nadr59/sitemanager/SiteManagerApp.kt
Java source files: /home/runner/work/SiteManager/SiteManager/app/build/generated/ksp/debug/java/dagger/hilt/internal/aggregatedroot/codegen/_com_nadr59_sitemanager_SiteManagerApp.java, /home/runner/work/SiteManager/SiteManager/app/build/generated/ksp/debug/java/com/nadr59/sitemanager/Hilt_MainActivity.java, /home/runner/work/SiteManager/SiteManager/app/build/generated/ksp/debug/java/com/nadr59/sitemanager/SiteManagerApp_GeneratedInjector.java, /home/runner/work/SiteManager/SiteManager/app/build/generated/ksp/debug/java/com/nadr59/sitemanager/data/local/SiteDatabase_Impl.java, /home/runner/work/SiteManager/SiteManager/app/build/generated/ksp/debug/java/com/nadr59/sitemanager/data/local/SiteDao_Impl.java, /home/runner/work/SiteManager/SiteManager/app/build/generated/ksp/debug/java/com/nadr59/sitemanager/data/repository/AnalyzerRepository_Factory.java, /home/runner/work/SiteManager/SiteManager/app/build/generated/ksp/debug/java/com/nadr59/sitemanager/data/repository/SiteRepository_Factory.java, /home/runner/work/SiteManager/SiteManager/app/build/generated/ksp/debug/java/com/nadr59/sitemanager/viewmodel/SiteViewModel_Factory.java, /home/runner/work/SiteManager/SiteManager/app/build/generated/ksp/debug/java/com/nadr59/sitemanager/viewmodel/SiteViewModel_HiltModules_KeyModule_ProvideFactory.java, /home/runner/work/SiteManager/SiteManager/app/build/generated/ksp/debug/java/com/nadr59/sitemanager/viewmodel/SiteViewModel_HiltModules.java, /home/runner/work/SiteManager/SiteManager/app/build/generated/ksp/debug/java/com/nadr59/sitemanager/di/AppModule_ProvideSiteDaoFactory.java, /home/runner/work/SiteManager/SiteManager/app/build/generated/ksp/debug/java/com/nadr59/sitemanager/di/AppModule_ProvideGsonFactory.java, /home/runner/work/SiteManager/SiteManager/app/build/generated/ksp/debug/java/com/nadr59/sitemanager/di/AppModule_ProvideDatabaseFactory.java, /home/runner/work/SiteManager/SiteManager/app/build/generated/ksp/debug/java/com/nadr59/sitemanager/di/AppModule_ProvideSharedPreferencesFactory.java, /home/runner/work/SiteManager/SiteManager/app/build/generated/ksp/debug/java/com/nadr59/sitemanager/MainActivity_GeneratedInjector.java, /home/runner/work/SiteManager/SiteManager/app/build/generated/ksp/debug/java/hilt_aggregated_deps/_com_nadr59_sitemanager_MainActivity_GeneratedInjector.java, /home/runner/work/SiteManager/SiteManager/app/build/generated/ksp/debug/java/hilt_aggregated_deps/_com_nadr59_sitemanager_SiteManagerApp_GeneratedInjector.java, /home/runner/work/SiteManager/SiteManager/app/build/generated/ksp/debug/java/hilt_aggregated_deps/_com_nadr59_sitemanager_di_AppModule.java, /home/runner/work/SiteManager/SiteManager/app/build/generated/ksp/debug/java/hilt_aggregated_deps/_com_nadr59_sitemanager_viewmodel_SiteViewModel_HiltModules_KeyModule.java, /home/runner/work/SiteManager/SiteManager/app/build/generated/ksp/debug/java/hilt_aggregated_deps/_com_nadr59_sitemanager_viewmodel_SiteViewModel_HiltModules_BindsModule.java
Script source files: 
Script file extensions: 
Using Kotlin/JVM incremental compilation
[KOTLIN] Kotlin compilation 'jdkHome' argument: null
Options for KOTLIN DAEMON: IncrementalCompilationOptions(super=CompilationOptions(compilerMode=INCREMENTAL_COMPILER, targetPlatform=JVM, reportCategories=[0, 3], reportSeverity=2, requestedCompilationResults=[0], kotlinScriptExtensions=[]), areFileChangesKnown=false, modifiedFiles=null, deletedFiles=null, classpathChanges=NotAvailableForNonIncrementalRun, workingDir=/home/runner/work/SiteManager/SiteManager/app/build/kotlin/compileDebugKotlin/cacheable, multiModuleICSettings=MultiModuleICSettings(buildHistoryFile=/home/runner/work/SiteManager/SiteManager/app/build/kotlin/compileDebugKotlin/local-state/build-history.bin, useModuleDetection=true), usePreciseJavaTracking=true, icFeatures=IncrementalCompilationFeatures(withAbiSnapshot=false, preciseCompilationResultsBackup=true, keepIncrementalCompilationCachesInMemory=true, enableUnsafeIncrementalCompilationForMultiplatform=false), outputFiles=[/home/runner/work/SiteManager/SiteManager/app/build/tmp/kotlin-classes/debug, /home/runner/work/SiteManager/SiteManager/app/build/kotlin/compileDebugKotlin/cacheable, /home/runner/work/SiteManager/SiteManager/app/build/kotlin/compileDebugKotlin/local-state])
e: file:///home/runner/work/SiteManager/SiteManager/app/src/main/java/com/nadr59/sitemanager/ui/screens/HomeScreen.kt:436:17 The API of this layout is experimental and is likely to change in the future.
Finished executing kotlin compiler using DAEMON strategy

> Task :app:compileDebugKotlin FAILED
AAPT2 aapt2-8.7.3-12006047-linux Daemon #0: shutdown
gradle/actions: Writing build results to /home/runner/work/_temp/.gradle-actions/build-results/__run_2-1786942561543.json

FAILURE: Build failed with an exception.

* What went wrong:
Execution failed for task ':app:compileDebugKotlin'.
> A failure occurred while executing org.jetbrains.kotlin.compilerRunner.GradleCompilerRunnerWithWorkers$GradleKotlinCompilerWorkAction
   > Compilation error. See log for more details

* Try:
> Run with --debug option to get more log output.
> Run with --scan to get full insights.
> Get more help at https://help.gradle.org.

* Exception is:
org.gradle.api.tasks.TaskExecutionException: Execution failed for task ':app:compileDebugKotlin'.
	at org.gradle.api.internal.tasks.execution.ExecuteActionsTaskExecuter.lambda$executeIfValid$1(ExecuteActionsTaskExecuter.java:130)
	at org.gradle.internal.Try$Failure.ifSuccessfulOrElse(Try.java:293)
	at org.gradle.api.internal.tasks.execution.ExecuteActionsTaskExecuter.executeIfValid(ExecuteActionsTaskExecuter.java:128)
	at org.gradle.api.internal.tasks.execution.ExecuteActionsTaskExecuter.execute(ExecuteActionsTaskExecuter.java:116)
	at org.gradle.api.internal.tasks.execution.FinalizePropertiesTaskExecuter.execute(FinalizePropertiesTaskExecuter.java:46)
	at org.gradle.api.internal.tasks.execution.ResolveTaskExecutionModeExecuter.execute(ResolveTaskExecutionModeExecuter.java:51)
	at org.gradle.api.internal.tasks.execution.SkipTaskWithNoActionsExecuter.execute(SkipTaskWithNoActionsExecuter.java:57)
	at org.gradle.api.internal.tasks.execution.SkipOnlyIfTaskExecuter.execute(SkipOnlyIfTaskExecuter.java:74)
	at org.gradle.api.internal.tasks.execution.CatchExceptionTaskExecuter.execute(CatchExceptionTaskExecuter.java:36)
	at org.gradle.api.internal.tasks.execution.EventFiringTaskExecuter$1.executeTask(EventFiringTaskExecuter.java:77)
	at org.gradle.api.internal.tasks.execution.EventFiringTaskExecuter$1.call(EventFiringTaskExecuter.java:55)
	at org.gradle.api.internal.tasks.execution.EventFiringTaskExecuter$1.call(EventFiringTaskExecuter.java:52)
	at org.gradle.internal.operations.DefaultBuildOperationRunner$CallableBuildOperationWorker.execute(DefaultBuildOperationRunner.java:209)
	at org.gradle.internal.operations.DefaultBuildOperationRunner$CallableBuildOperationWorker.execute(DefaultBuildOperationRunner.java:204)
	at org.gradle.internal.operations.DefaultBuildOperationRunner$2.execute(DefaultBuildOperationRunner.java:66)
	at org.gradle.internal.operations.DefaultBuildOperationRunner$2.execute(DefaultBuildOperationRunner.java:59)
	at org.gradle.internal.operations.DefaultBuildOperationRunner.execute(DefaultBuildOperationRunner.java:166)
	at org.gradle.internal.operations.DefaultBuildOperationRunner.execute(DefaultBuildOperationRunner.java:59)
	at org.gradle.internal.operations.DefaultBuildOperationRunner.call(DefaultBuildOperationRunner.java:53)
	at org.gradle.api.internal.tasks.execution.EventFiringTaskExecuter.execute(EventFiringTaskExecuter.java:52)
	at org.gradle.execution.plan.LocalTaskNodeExecutor.execute(LocalTaskNodeExecutor.java:42)
	at org.gradle.execution.taskgraph.DefaultTaskExecutionGraph$InvokeNodeExecutorsAction.execute(DefaultTaskExecutionGraph.java:331)
	at org.gradle.execution.taskgraph.DefaultTaskExecutionGraph$InvokeNodeExecutorsAction.execute(DefaultTaskExecutionGraph.java:318)
	at org.gradle.execution.taskgraph.DefaultTaskExecutionGraph$BuildOperationAwareExecutionAction.lambda$execute$0(DefaultTaskExecutionGraph.java:314)
	at org.gradle.internal.operations.CurrentBuildOperationRef.with(CurrentBuildOperationRef.java:85)
	at org.gradle.execution.taskgraph.DefaultTaskExecutionGraph$BuildOperationAwareExecutionAction.execute(DefaultTaskExecutionGraph.java:314)
	at org.gradle.execution.taskgraph.DefaultTaskExecutionGraph$BuildOperationAwareExecutionAction.execute(DefaultTaskExecutionGraph.java:303)
	at org.gradle.execution.plan.DefaultPlanExecutor$ExecutorWorker.execute(DefaultPlanExecutor.java:459)
	at org.gradle.execution.plan.DefaultPlanExecutor$ExecutorWorker.run(DefaultPlanExecutor.java:376)
	at org.gradle.internal.concurrent.ExecutorPolicy$CatchAndRecordFailures.onExecute(ExecutorPolicy.java:64)
	at org.gradle.internal.concurrent.AbstractManagedExecutor$1.run(AbstractManagedExecutor.java:48)
Caused by: org.gradle.workers.internal.DefaultWorkerExecutor$WorkExecutionException: A failure occurred while executing org.jetbrains.kotlin.compilerRunner.GradleCompilerRunnerWithWorkers$GradleKotlinCompilerWorkAction
	at org.gradle.workers.internal.DefaultWorkerExecutor$WorkItemExecution.waitForCompletion(DefaultWorkerExecutor.java:287)
	at org.gradle.internal.work.DefaultAsyncWorkTracker.lambda$waitForItemsAndGatherFailures$2(DefaultAsyncWorkTracker.java:130)
	at org.gradle.internal.Factories$1.create(Factories.java:31)
	at org.gradle.internal.work.DefaultWorkerLeaseService.withoutLocks(DefaultWorkerLeaseService.java:339)
	at org.gradle.internal.work.DefaultWorkerLeaseService.withoutLocks(DefaultWorkerLeaseService.java:322)
	at org.gradle.internal.work.DefaultWorkerLeaseService.withoutLock(DefaultWorkerLeaseService.java:327)
	at org.gradle.internal.work.DefaultAsyncWorkTracker.waitForItemsAndGatherFailures(DefaultAsyncWorkTracker.java:126)
	at org.gradle.internal.work.DefaultAsyncWorkTracker.waitForItemsAndGatherFailures(DefaultAsyncWorkTracker.java:92)
	at org.gradle.internal.work.DefaultAsyncWorkTracker.waitForAll(DefaultAsyncWorkTracker.java:78)
	at org.gradle.internal.work.DefaultAsyncWorkTracker.waitForCompletion(DefaultAsyncWorkTracker.java:66)
	at org.gradle.api.internal.tasks.execution.TaskExecution$3.run(TaskExecution.java:252)
	at org.gradle.internal.operations.DefaultBuildOperationRunner$1.execute(DefaultBuildOperationRunner.java:29)
	at org.gradle.internal.operations.DefaultBuildOperationRunner$1.execute(DefaultBuildOperationRunner.java:26)
	at org.gradle.internal.operations.DefaultBuildOperationRunner$2.execute(DefaultBuildOperationRunner.java:66)
	at org.gradle.internal.operations.DefaultBuildOperationRunner$2.execute(DefaultBuildOperationRunner.java:59)
	at org.gradle.internal.operations.DefaultBuildOperationRunner.execute(DefaultBuildOperationRunner.java:166)
	at org.gradle.internal.operations.DefaultBuildOperationRunner.execute(DefaultBuildOperationRunner.java:59)
	at org.gradle.internal.operations.DefaultBuildOperationRunner.run(DefaultBuildOperationRunner.java:47)
	at org.gradle.api.internal.tasks.execution.TaskExecution.executeAction(TaskExecution.java:229)
	at org.gradle.api.internal.tasks.execution.TaskExecution.executeActions(TaskExecution.java:212)
	at org.gradle.api.internal.tasks.execution.TaskExecution.executeWithPreviousOutputFiles(TaskExecution.java:195)
	at org.gradle.api.internal.tasks.execution.TaskExecution.execute(TaskExecution.java:162)
	at org.gradle.internal.execution.steps.ExecuteStep.executeInternal(ExecuteStep.java:105)
	at org.gradle.internal.execution.steps.ExecuteStep.access$000(ExecuteStep.java:44)
	at org.gradle.internal.execution.steps.ExecuteStep$1.call(ExecuteStep.java:59)
	at org.gradle.internal.execution.steps.ExecuteStep$1.call(ExecuteStep.java:56)
	at org.gradle.internal.operations.DefaultBuildOperationRunner$CallableBuildOperationWorker.execute(DefaultBuildOperationRunner.java:209)
	at org.gradle.internal.operations.DefaultBuildOperationRunner$CallableBuildOperationWorker.execute(DefaultBuildOperationRunner.java:204)
	at org.gradle.internal.operations.DefaultBuildOperationRunner$2.execute(DefaultBuildOperationRunner.java:66)
	at org.gradle.internal.operations.DefaultBuildOperationRunner$2.execute(DefaultBuildOperationRunner.java:59)
	at org.gradle.internal.operations.DefaultBuildOperationRunner.execute(DefaultBuildOperationRunner.java:166)
	at org.gradle.internal.operations.DefaultBuildOperationRunner.execute(DefaultBuildOperationRunner.java:59)
	at org.gradle.internal.operations.DefaultBuildOperationRunner.call(DefaultBuildOperationRunner.java:53)
	at org.gradle.internal.execution.steps.ExecuteStep.execute(ExecuteStep.java:56)
	at org.gradle.internal.execution.steps.ExecuteStep.execute(ExecuteStep.java:44)
	at org.gradle.internal.execution.steps.CancelExecutionStep.execute(CancelExecutionStep.java:42)
	at org.gradle.internal.execution.steps.TimeoutStep.executeWithoutTimeout(TimeoutStep.java:75)
	at org.gradle.internal.execution.steps.TimeoutStep.execute(TimeoutStep.java:55)
	at org.gradle.internal.execution.steps.PreCreateOutputParentsStep.execute(PreCreateOutputParentsStep.java:50)
	at org.gradle.internal.execution.steps.PreCreateOutputParentsStep.execute(PreCreateOutputParentsStep.java:28)
	at org.gradle.internal.execution.steps.RemovePreviousOutputsStep.execute(RemovePreviousOutputsStep.java:67)
	at org.gradle.internal.execution.steps.RemovePreviousOutputsStep.execute(RemovePreviousOutputsStep.java:37)
	at org.gradle.internal.execution.steps.BroadcastChangingOutputsStep.execute(BroadcastChangingOutputsStep.java:61)
	at org.gradle.internal.execution.steps.BroadcastChangingOutputsStep.execute(BroadcastChangingOutputsStep.java:26)
	at org.gradle.internal.execution.steps.CaptureOutputsAfterExecutionStep.execute(CaptureOutputsAfterExecutionStep.java:69)
	at org.gradle.internal.execution.steps.CaptureOutputsAfterExecutionStep.execute(CaptureOutputsAfterExecutionStep.java:46)
	at org.gradle.internal.execution.steps.ResolveInputChangesStep.execute(ResolveInputChangesStep.java:40)
	at org.gradle.internal.execution.steps.ResolveInputChangesStep.execute(ResolveInputChangesStep.java:29)
	at org.gradle.internal.execution.steps.BuildCacheStep.executeWithoutCache(BuildCacheStep.java:189)
	at org.gradle.internal.execution.steps.BuildCacheStep.executeAndStoreInCache(BuildCacheStep.java:145)
	at org.gradle.internal.execution.steps.BuildCacheStep.lambda$executeWithCache$4(BuildCacheStep.java:101)
	at org.gradle.internal.execution.steps.BuildCacheStep.lambda$executeWithCache$5(BuildCacheStep.java:101)
	at org.gradle.internal.Try$Success.map(Try.java:175)
	at org.gradle.internal.execution.steps.BuildCacheStep.executeWithCache(BuildCacheStep.java:85)
	at org.gradle.internal.execution.steps.BuildCacheStep.lambda$execute$0(BuildCacheStep.java:74)
	at org.gradle.internal.Either$Left.fold(Either.java:115)
	at org.gradle.internal.execution.caching.CachingState.fold(CachingState.java:62)
	at org.gradle.internal.execution.steps.BuildCacheStep.execute(BuildCacheStep.java:73)
	at org.gradle.internal.execution.steps.BuildCacheStep.execute(BuildCacheStep.java:48)
	at org.gradle.internal.execution.steps.StoreExecutionStateStep.execute(StoreExecutionStateStep.java:46)
	at org.gradle.internal.execution.steps.StoreExecutionStateStep.execute(StoreExecutionStateStep.java:35)
	at org.gradle.internal.execution.steps.SkipUpToDateStep.executeBecause(SkipUpToDateStep.java:75)
	at org.gradle.internal.execution.steps.SkipUpToDateStep.lambda$execute$2(SkipUpToDateStep.java:53)
	at org.gradle.internal.execution.steps.SkipUpToDateStep.execute(SkipUpToDateStep.java:53)
	at org.gradle.internal.execution.steps.SkipUpToDateStep.execute(SkipUpToDateStep.java:35)
	at org.gradle.internal.execution.steps.legacy.MarkSnapshottingInputsFinishedStep.execute(MarkSnapshottingInputsFinishedStep.java:37)
	at org.gradle.internal.execution.steps.legacy.MarkSnapshottingInputsFinishedStep.execute(MarkSnapshottingInputsFinishedStep.java:27)
	at org.gradle.internal.execution.steps.ResolveIncrementalCachingStateStep.executeDelegate(ResolveIncrementalCachingStateStep.java:49)
	at org.gradle.internal.execution.steps.ResolveIncrementalCachingStateStep.executeDelegate(ResolveIncrementalCachingStateStep.java:27)
	at org.gradle.internal.execution.steps.AbstractResolveCachingStateStep.execute(AbstractResolveCachingStateStep.java:71)
	at org.gradle.internal.execution.steps.AbstractResolveCachingStateStep.execute(AbstractResolveCachingStateStep.java:39)
	at org.gradle.internal.execution.steps.ResolveChangesStep.execute(ResolveChangesStep.java:65)
	at org.gradle.internal.execution.steps.ResolveChangesStep.execute(ResolveChangesStep.java:36)
	at org.gradle.internal.execution.steps.ValidateStep.execute(ValidateStep.java:105)
	at org.gradle.internal.execution.steps.ValidateStep.execute(ValidateStep.java:54)
	at org.gradle.internal.execution.steps.AbstractCaptureStateBeforeExecutionStep.execute(AbstractCaptureStateBeforeExecutionStep.java:64)
	at org.gradle.internal.execution.steps.AbstractCaptureStateBeforeExecutionStep.execute(AbstractCaptureStateBeforeExecutionStep.java:43)
	at org.gradle.internal.execution.steps.AbstractSkipEmptyWorkStep.executeWithNonEmptySources(AbstractSkipEmptyWorkStep.java:125)
	at org.gradle.internal.execution.steps.AbstractSkipEmptyWorkStep.execute(AbstractSkipEmptyWorkStep.java:61)
	at org.gradle.internal.execution.steps.AbstractSkipEmptyWorkStep.execute(AbstractSkipEmptyWorkStep.java:36)
	at org.gradle.internal.execution.steps.legacy.MarkSnapshottingInputsStartedStep.execute(MarkSnapshottingInputsStartedStep.java:38)
	at org.gradle.internal.execution.steps.LoadPreviousExecutionStateStep.execute(LoadPreviousExecutionStateStep.java:36)
	at org.gradle.internal.execution.steps.LoadPreviousExecutionStateStep.execute(LoadPreviousExecutionStateStep.java:23)
	at org.gradle.internal.execution.steps.HandleStaleOutputsStep.execute(HandleStaleOutputsStep.java:75)
	at org.gradle.internal.execution.steps.HandleStaleOutputsStep.execute(HandleStaleOutputsStep.java:41)
	at org.gradle.internal.execution.steps.AssignMutableWorkspaceStep.lambda$execute$0(AssignMutableWorkspaceStep.java:35)
	at org.gradle.api.internal.tasks.execution.TaskExecution$4.withWorkspace(TaskExecution.java:289)
	at org.gradle.internal.execution.steps.AssignMutableWorkspaceStep.execute(AssignMutableWorkspaceStep.java:31)
	at org.gradle.internal.execution.steps.AssignMutableWorkspaceStep.execute(AssignMutableWorkspaceStep.java:22)
	at org.gradle.internal.execution.steps.ChoosePipelineStep.execute(ChoosePipelineStep.java:40)
	at org.gradle.internal.execution.steps.ChoosePipelineStep.execute(ChoosePipelineStep.java:23)
	at org.gradle.internal.execution.steps.ExecuteWorkBuildOperationFiringStep.lambda$execute$2(ExecuteWorkBuildOperationFiringStep.java:67)
	at org.gradle.internal.execution.steps.ExecuteWorkBuildOperationFiringStep.execute(ExecuteWorkBuildOperationFiringStep.java:67)
	at org.gradle.internal.execution.steps.ExecuteWorkBuildOperationFiringStep.execute(ExecuteWorkBuildOperationFiringStep.java:39)
	at org.gradle.internal.execution.steps.IdentityCacheStep.execute(IdentityCacheStep.java:46)
	at org.gradle.internal.execution.steps.IdentityCacheStep.execute(IdentityCacheStep.java:34)
	at org.gradle.internal.execution.steps.IdentifyStep.execute(IdentifyStep.java:48)
	at org.gradle.internal.execution.steps.IdentifyStep.execute(IdentifyStep.java:35)
	at org.gradle.internal.execution.impl.DefaultExecutionEngine$1.execute(DefaultExecutionEngine.java:61)
	at org.gradle.api.internal.tasks.execution.ExecuteActionsTaskExecuter.executeIfValid(ExecuteActionsTaskExecuter.java:127)
	at org.gradle.api.internal.tasks.execution.ExecuteActionsTaskExecuter.execute(ExecuteActionsTaskExecuter.java:116)
	at org.gradle.api.internal.tasks.execution.FinalizePropertiesTaskExecuter.execute(FinalizePropertiesTaskExecuter.java:46)
	at org.gradle.api.internal.tasks.execution.ResolveTaskExecutionModeExecuter.execute(ResolveTaskExecutionModeExecuter.java:51)
	at org.gradle.api.internal.tasks.execution.SkipTaskWithNoActionsExecuter.execute(SkipTaskWithNoActionsExecuter.java:57)
	at org.gradle.api.internal.tasks.execution.SkipOnlyIfTaskExecuter.execute(SkipOnlyIfTaskExecuter.java:74)
	at org.gradle.api.internal.tasks.execution.CatchExceptionTaskExecuter.execute(CatchExceptionTaskExecuter.java:36)
	at org.gradle.api.internal.tasks.execution.EventFiringTaskExecuter$1.executeTask(EventFiringTaskExecuter.java:77)
	at org.gradle.api.internal.tasks.execution.EventFiringTaskExecuter$1.call(EventFiringTaskExecuter.java:55)
	at org.gradle.api.internal.tasks.execution.EventFiringTaskExecuter$1.call(EventFiringTaskExecuter.java:52)
	at org.gradle.internal.operations.DefaultBuildOperationRunner$CallableBuildOperationWorker.execute(DefaultBuildOperationRunner.java:209)
	at org.gradle.internal.operations.DefaultBuildOperationRunner$CallableBuildOperationWorker.execute(DefaultBuildOperationRunner.java:204)
	at org.gradle.internal.operations.DefaultBuildOperationRunner$2.execute(DefaultBuildOperationRunner.java:66)
	at org.gradle.internal.operations.DefaultBuildOperationRunner$2.execute(DefaultBuildOperationRunner.java:59)
	at org.gradle.internal.operations.DefaultBuildOperationRunner.execute(DefaultBuildOperationRunner.java:166)
	at org.gradle.internal.operations.DefaultBuildOperationRunner.execute(DefaultBuildOperationRunner.java:59)
	at org.gradle.internal.operations.DefaultBuildOperationRunner.call(DefaultBuildOperationRunner.java:53)
	at org.gradle.api.internal.tasks.execution.EventFiringTaskExecuter.execute(EventFiringTaskExecuter.java:52)
	at org.gradle.execution.plan.LocalTaskNodeExecutor.execute(LocalTaskNodeExecutor.java:42)
	at org.gradle.execution.taskgraph.DefaultTaskExecutionGraph$InvokeNodeExecutorsAction.execute(DefaultTaskExecutionGraph.java:331)
	at org.gradle.execution.taskgraph.DefaultTaskExecutionGraph$InvokeNodeExecutorsAction.execute(DefaultTaskExecutionGraph.java:318)
	at org.gradle.execution.taskgraph.DefaultTaskExecutionGraph$BuildOperationAwareExecutionAction.lambda$execute$0(DefaultTaskExecutionGraph.java:314)
	at org.gradle.internal.operations.CurrentBuildOperationRef.with(CurrentBuildOperationRef.java:85)
	at org.gradle.execution.taskgraph.DefaultTaskExecutionGraph$BuildOperationAwareExecutionAction.execute(DefaultTaskExecutionGraph.java:314)
	at org.gradle.execution.taskgraph.DefaultTaskExecutionGraph$BuildOperationAwareExecutionAction.execute(DefaultTaskExecutionGraph.java:303)
	at org.gradle.execution.plan.DefaultPlanExecutor$ExecutorWorker.execute(DefaultPlanExecutor.java:459)
	at org.gradle.execution.plan.DefaultPlanExecutor$ExecutorWorker.run(DefaultPlanExecutor.java:376)
	at org.gradle.internal.concurrent.ExecutorPolicy$CatchAndRecordFailures.onExecute(ExecutorPolicy.java:64)
	at org.gradle.internal.concurrent.AbstractManagedExecutor$1.run(AbstractManagedExecutor.java:48)
Caused by: org.jetbrains.kotlin.gradle.tasks.CompilationErrorException: Compilation error. See log for more details
	at org.jetbrains.kotlin.gradle.tasks.TasksUtilsKt.throwExceptionIfCompilationFailed(tasksUtils.kt:21)
	at org.jetbrains.kotlin.compilerRunner.GradleKotlinCompilerWork.run(GradleKotlinCompilerWork.kt:119)
	at org.jetbrains.kotlin.compilerRunner.GradleCompilerRunnerWithWorkers$GradleKotlinCompilerWorkAction.execute(GradleCompilerRunnerWithWorkers.kt:76)
	at org.gradle.workers.internal.DefaultWorkerServer.execute(DefaultWorkerServer.java:63)
	at org.gradle.workers.internal.NoIsolationWorkerFactory$1$1.create(NoIsolationWorkerFactory.java:66)
	at org.gradle.workers.internal.NoIsolationWorkerFactory$1$1.create(NoIsolationWorkerFactory.java:62)
	at org.gradle.internal.classloader.ClassLoaderUtils.executeInClassloader(ClassLoaderUtils.java:100)
	at org.gradle.workers.internal.NoIsolationWorkerFactory$1.lambda$execute$0(NoIsolationWorkerFactory.java:62)
	at org.gradle.workers.internal.AbstractWorker$1.call(AbstractWorker.java:44)
	at org.gradle.workers.internal.AbstractWorker$1.call(AbstractWorker.java:41)
	at org.gradle.internal.operations.DefaultBuildOperationRunner$CallableBuildOperationWorker.execute(DefaultBuildOperationRunner.java:209)
	at org.gradle.internal.operations.DefaultBuildOperationRunner$CallableBuildOperationWorker.execute(DefaultBuildOperationRunner.java:204)
	at org.gradle.internal.operations.DefaultBuildOperationRunner$2.execute(DefaultBuildOperationRunner.java:66)
	at org.gradle.internal.operations.DefaultBuildOperationRunner$2.execute(DefaultBuildOperationRunner.java:59)
	at org.gradle.internal.operations.DefaultBuildOperationRunner.execute(DefaultBuildOperationRunner.java:166)
	at org.gradle.internal.operations.DefaultBuildOperationRunner.execute(DefaultBuildOperationRunner.java:59)
	at org.gradle.internal.operations.DefaultBuildOperationRunner.call(DefaultBuildOperationRunner.java:53)
	at org.gradle.workers.internal.AbstractWorker.executeWrappedInBuildOperation(AbstractWorker.java:41)
	at org.gradle.workers.internal.NoIsolationWorkerFactory$1.execute(NoIsolationWorkerFactory.java:59)
	at org.gradle.workers.internal.DefaultWorkerExecutor.lambda$submitWork$0(DefaultWorkerExecutor.java:174)
	at org.gradle.internal.work.DefaultConditionalExecutionQueue$ExecutionRunner.runExecution(DefaultConditionalExecutionQueue.java:195)
	at org.gradle.internal.work.DefaultConditionalExecutionQueue$ExecutionRunner.access$700(DefaultConditionalExecutionQueue.java:128)
	at org.gradle.internal.work.DefaultConditionalExecutionQueue$ExecutionRunner$1.run(DefaultConditionalExecutionQueue.java:170)
	at org.gradle.internal.Factories$1.create(Factories.java:31)
	at org.gradle.internal.work.DefaultWorkerLeaseService.withLocks(DefaultWorkerLeaseService.java:267)
	at org.gradle.internal.work.DefaultWorkerLeaseService.runAsWorkerThread(DefaultWorkerLeaseService.java:131)
	at org.gradle.internal.work.DefaultWorkerLeaseService.runAsWorkerThread(DefaultWorkerLeaseService.java:136)
	at org.gradle.internal.work.DefaultConditionalExecutionQueue$ExecutionRunner.runBatch(DefaultConditionalExecutionQueue.java:165)
	at org.gradle.internal.work.DefaultConditionalExecutionQueue$ExecutionRunner.run(DefaultConditionalExecutionQueue.java:134)
	... 2 more


BUILD FAILED in 2m 25s
29 actionable tasks: 29 executed
